Loan ID,Disbursed Date,Region,Loan Purpose,Loan Amount (INR),Tenure (months),Interest Rate (%),Applicant Age,Employment Type,Education Level,Marital Status,Monthly Income (INR),Credit Score,EMI (INR),EMI to Income Ratio,Late Payments Count,Loan Status
LN-103301,2021-01-01,Central India,Agriculture Loan,142170.0,12,11.19,21,Retired,Below High School,Married,24321.0,686,12577.82,0.517,1,Active
LN-105060,2021-01-01,South India,Gold Loan,784554.0,12,8.63,46,Salaried,Graduate,Married,50484.0,655,68475.87,1.356,3,Written Off
LN-105396,2021-01-01,North India,Home Loan,4258796.0,240,14.3,57,Salaried,High School,Single,27523.0,620,53889.46,1.958,9,Written Off
LN-100134,2021-01-02,Central India,Vehicle Loan,1069395.0,48,14.36,41,Salaried,Post-Graduate,Divorced,80148.0,705,29416.28,0.367,0,Fully Paid
LN-100626,2021-01-02,North India,Vehicle Loan,720245.0,72,14.35,46,Salaried,Post-Graduate,Divorced,60548.0,654,14976.5,0.247,0,Active
LN-102259,2021-01-02,West India,Education Loan,824131.0,36,16.84,36,Salaried,Graduate,Married,60203.0,688,29316.93,0.487,0,Fully Paid
LN-106022,2021-01-02,West India,Agriculture Loan,469739.0,24,17.09,43,Salaried,Post-Graduate,Divorced,86882.0,833,23245.28,0.268,0,Fully Paid
LN-100773,2021-01-03,West India,Vehicle Loan,1108778.0,48,13.91,44,Retired,High School,Divorced,36372.0,742,30248.96,0.832,0,Fully Paid
LN-102238,2021-01-03,South India,Personal Loan,349421.0,24,18.05,43,Self-Employed,Graduate,Married,35080.0,617,17452.97,0.498,0,Fully Paid
LN-102773,2021-01-03,West India,Home Loan,2972068.0,180,17.58,25,Self-Employed,Professional Degree,Single,67084.0,700,46967.45,0.7,1,Active
LN-103535,2021-01-03,Central India,Agriculture Loan,734173.0,24,7.89,33,Self-Employed,Professional Degree,Single,115110.0,697,33167.84,0.288,0,Fully Paid
LN-105745,2021-01-03,Central India,Vehicle Loan,213055.0,36,15.81,34,Salaried,High School,Married,37307.0,613,7470.41,0.2,0,Fully Paid
LN-100998,2021-01-04,East India,Business Loan,3724576.0,84,15.99,39,Self-Employed,Graduate,Single,45864.0,630,73956.56,1.613,6,Restructured
LN-101421,2021-01-05,North India,Business Loan,984914.0,60,11.38,25,Unemployed,High School,Married,10699.0,390,21601.54,2.019,6,Written Off
LN-102723,2021-01-05,East India,Personal Loan,227426.0,24,17.71,52,Self-Employed,Graduate,Married,46863.0,672,11322.2,0.242,0,Fully Paid
LN-103029,2021-01-05,North India,Personal Loan,451805.0,48,7.61,37,Salaried,Below High School,Married,24201.0,751,10947.36,0.452,0,Fully Paid
LN-105690,2021-01-05,South India,Vehicle Loan,242739.0,36,14.03,31,Salaried,Graduate,Married,58302.0,688,8299.78,0.142,0,Fully Paid
LN-105872,2021-01-05,North India,Personal Loan,62593.0,36,17.21,42,Business Owner,Professional Degree,Single,190391.0,668,2238.16,0.012,0,Fully Paid
LN-106605,2021-01-05,West India,Personal Loan,79613.0,48,12.54,26,Self-Employed,Post-Graduate,Married,77469.0,676,2117.69,0.027,0,Fully Paid
LN-102062,2021-01-06,Central India,Agriculture Loan,786501.0,36,11.51,50,Business Owner,Graduate,Divorced,108727.0,615,25939.4,0.239,10,Written Off
LN-104539,2021-01-06,South India,Personal Loan,393337.0,24,9.59,39,Salaried,Graduate,Single,47178.0,650,18076.16,0.383,0,Fully Paid
LN-105651,2021-01-06,South India,Home Loan,1934820.0,120,15.68,31,Salaried,Post-Graduate,Married,111646.0,645,32025.99,0.287,0,Active
LN-106578,2021-01-06,North India,Vehicle Loan,515485.0,72,14.85,34,Retired,High School,Married,21472.0,694,10857.99,0.506,0,Active
LN-101233,2021-01-07,North India,Personal Loan,145454.0,48,17.73,23,Unemployed,Graduate,Single,10420.0,475,4252.22,0.408,3,Written Off
LN-101278,2021-01-07,North India,Business Loan,3352611.0,84,13.67,22,Salaried,Graduate,Married,63364.0,628,62218.39,0.982,12,Defaulted
LN-105522,2021-01-07,North India,Vehicle Loan,612875.0,60,8.59,38,Salaried,Professional Degree,Married,113047.0,707,12600.67,0.111,0,Fully Paid
LN-103469,2021-01-08,East India,Education Loan,1464456.0,84,7.77,38,Salaried,Graduate,Single,49918.0,827,22657.88,0.454,1,Active
LN-105256,2021-01-08,East India,Personal Loan,58051.0,12,15.88,48,Self-Employed,Post-Graduate,Divorced,58326.0,629,5263.72,0.09,0,Fully Paid
LN-105465,2021-01-08,Central India,Personal Loan,431485.0,48,15.52,53,Self-Employed,Graduate,Divorced,66677.0,827,12122.59,0.182,0,Fully Paid
LN-106235,2021-01-08,East India,Home Loan,2807518.0,240,14.28,54,Salaried,Post-Graduate,Married,102327.0,717,35484.45,0.347,0,Active
LN-106476,2021-01-08,East India,Personal Loan,259655.0,12,18.14,30,Retired,Professional Degree,Divorced,70717.0,692,23822.47,0.337,0,Fully Paid
LN-100430,2021-01-09,West India,Personal Loan,213521.0,24,16.53,34,Retired,Post-Graduate,Married,85111.0,692,10508.8,0.123,0,Fully Paid
LN-100678,2021-01-09,Central India,Education Loan,891277.0,120,10.57,21,Business Owner,High School,Single,37742.0,605,12061.41,0.32,0,Active
LN-102933,2021-01-09,South India,Business Loan,3245355.0,24,16.13,35,Unemployed,Post-Graduate,Single,24467.0,505,159104.34,6.503,5,Defaulted
LN-102963,2021-01-09,North India,Personal Loan,343543.0,12,14.26,31,Business Owner,Post-Graduate,Single,114539.0,790,30887.78,0.27,0,Fully Paid
LN-103070,2021-01-09,East India,Home Loan,3396431.0,180,10.12,63,Retired,Post-Graduate,Divorced,58477.0,649,36747.97,0.628,2,Active
LN-103727,2021-01-09,Central India,Education Loan,652132.0,60,8.61,26,Business Owner,Below High School,Single,33191.0,628,13414.09,0.404,0,Fully Paid
LN-105374,2021-01-09,South India,Personal Loan,105508.0,36,12.76,57,Business Owner,Graduate,Married,51953.0,707,3542.8,0.068,0,Fully Paid
LN-105337,2021-01-10,South India,Business Loan,3147959.0,60,16.3,50,Salaried,Professional Degree,Married,72538.0,662,77054.94,1.062,1,Active
LN-103514,2021-01-11,South India,Business Loan,3405570.0,84,10.72,28,Self-Employed,High School,Divorced,30176.0,495,57811.49,1.916,3,Active
LN-104006,2021-01-11,North India,Vehicle Loan,848724.0,60,15.36,37,Self-Employed,Graduate,Divorced,62985.0,677,20351.82,0.323,0,Active
LN-104480,2021-01-11,Central India,Education Loan,1946182.0,60,16.45,31,Salaried,Post-Graduate,Married,97855.0,774,47793.95,0.488,0,Fully Paid
LN-102091,2021-01-12,South India,Home Loan,4424798.0,180,7.75,52,Salaried,Graduate,Married,64886.0,697,41649.55,0.642,4,Restructured
LN-101722,2021-01-13,West India,Education Loan,1001090.0,60,8.33,55,Self-Employed,High School,Divorced,18801.0,777,20456.97,1.088,0,Fully Paid
LN-101897,2021-01-13,North India,Home Loan,2065738.0,240,9.39,27,Self-Employed,Graduate,Married,61864.0,665,19107.25,0.309,1,Active
LN-106517,2021-01-13,East India,Personal Loan,470214.0,24,14.17,31,Self-Employed,Graduate,Single,41763.0,698,22614.11,0.541,0,Active
LN-106851,2021-01-13,East India,Home Loan,5710748.0,120,8.24,49,Business Owner,Below High School,Single,27773.0,848,70013.47,2.521,5,Written Off
LN-101703,2021-01-14,West India,Vehicle Loan,559448.0,60,15.04,41,Salaried,Professional Degree,Single,69160.0,764,13320.98,0.193,0,Fully Paid
LN-101891,2021-01-14,West India,Personal Loan,411923.0,12,7.97,28,Self-Employed,Post-Graduate,Divorced,56125.0,583,35826.82,0.638,0,Fully Paid
LN-102490,2021-01-14,South India,Vehicle Loan,913570.0,36,18.4,35,Salaried,High School,Married,35255.0,692,33211.35,0.942,0,Fully Paid
LN-104349,2021-01-14,South India,Home Loan,4142668.0,300,16.6,46,Salaried,Below High School,Single,13401.0,767,58251.71,4.347,1,Active
LN-106187,2021-01-14,East India,Home Loan,4572007.0,240,7.81,48,Salaried,Graduate,Divorced,47814.0,798,37703.25,0.789,0,Active
LN-101772,2021-01-15,South India,Home Loan,5867848.0,240,17.05,44,Salaried,Graduate,Married,57003.0,699,86292.81,1.514,1,Active
LN-103156,2021-01-15,North India,Home Loan,4180897.0,240,8.12,56,Salaried,Post-Graduate,Divorced,82301.0,723,35283.58,0.429,0,Active
LN-105761,2021-01-15,East India,Personal Loan,135229.0,48,14.74,40,Salaried,Professional Degree,Married,106431.0,753,3745.73,0.035,0,Fully Paid
LN-106432,2021-01-15,North India,Business Loan,3107006.0,84,13.52,50,Self-Employed,Below High School,Divorced,20669.0,641,57404.59,2.777,3,Written Off
LN-106489,2021-01-15,East India,Home Loan,3498710.0,240,12.18,48,Self-Employed,Post-Graduate,Married,54259.0,730,38963.76,0.718,3,Restructured
LN-102428,2021-01-16,West India,Home Loan,5008714.0,240,17.84,36,Self-Employed,Below High School,Divorced,17912.0,740,76683.87,4.281,0,Active
LN-103365,2021-01-16,Central India,Home Loan,3638543.0,180,10.83,38,Salaried,Post-Graduate,Divorced,70159.0,757,40967.99,0.584,0,Active
LN-103567,2021-01-16,North India,Vehicle Loan,953658.0,72,18.08,55,Business Owner,Post-Graduate,Divorced,152897.0,707,21793.98,0.143,0,Active
LN-104023,2021-01-16,Central India,Education Loan,1435164.0,84,8.73,64,Salaried,Post-Graduate,Divorced,108944.0,649,22894.3,0.21,1,Active
LN-105369,2021-01-16,East India,Business Loan,1452832.0,60,14.34,33,Unemployed,Below High School,Divorced,8427.0,501,34061.49,4.042,8,Defaulted
LN-100655,2021-01-17,West India,Agriculture Loan,510273.0,36,16.24,61,Retired,Professional Degree,Married,141615.0,552,18000.2,0.127,0,Fully Paid
LN-103612,2021-01-17,East India,Business Loan,880401.0,36,11.44,33,Retired,High School,Divorced,18075.0,612,29006.99,1.605,0,Fully Paid
LN-103883,2021-01-18,North India,Business Loan,2918137.0,24,18.02,49,Salaried,Post-Graduate,Single,65942.0,809,145713.57,2.21,11,Written Off
LN-100086,2021-01-19,South India,Home Loan,4209484.0,300,14.16,26,Unemployed,High School,Married,8799.0,654,51188.15,5.817,10,Defaulted
LN-101613,2021-01-19,West India,Business Loan,3200434.0,36,8.15,43,Salaried,Graduate,Married,69844.0,684,100511.58,1.439,4,Defaulted
LN-101935,2021-01-19,South India,Home Loan,4035072.0,180,14.29,41,Salaried,Professional Degree,Married,80161.0,728,54525.18,0.68,1,Active
LN-104624,2021-01-19,Central India,Vehicle Loan,682545.0,60,12.52,29,Business Owner,Post-Graduate,Single,102976.0,783,15362.8,0.149,0,Fully Paid
LN-105773,2021-01-19,North India,Business Loan,2790671.0,60,9.68,33,Self-Employed,High School,Married,28543.0,711,58855.07,2.062,0,Fully Paid
LN-106358,2021-01-19,South India,Vehicle Loan,1035389.0,72,14.07,32,Self-Employed,High School,Married,31116.0,676,21373.78,0.687,6,Restructured
LN-100070,2021-01-20,West India,Gold Loan,659537.0,24,11.77,39,Self-Employed,Graduate,Married,55604.0,694,30975.9,0.557,0,Fully Paid
LN-102996,2021-01-20,West India,Vehicle Loan,853296.0,36,14.24,38,Salaried,Graduate,Divorced,43651.0,582,29263.2,0.67,0,Fully Paid
LN-104198,2021-01-20,West India,Home Loan,1555902.0,120,8.66,31,Retired,Graduate,Divorced,35531.0,783,19424.35,0.547,0,Active
LN-101658,2021-01-21,West India,Personal Loan,77358.0,24,18.21,21,Business Owner,Graduate,Single,53788.0,717,3869.88,0.072,0,Fully Paid
LN-102673,2021-01-21,East India,Home Loan,4011101.0,240,9.27,53,Salaried,Post-Graduate,Single,82991.0,666,36788.35,0.443,0,Active
LN-103736,2021-01-21,East India,Home Loan,4542789.0,180,10.74,39,Retired,High School,Divorced,38879.0,703,50893.96,1.309,10,Defaulted
LN-104378,2021-01-21,South India,Vehicle Loan,441752.0,36,14.12,50,Salaried,High School,Divorced,27163.0,628,15123.8,0.557,0,Active
LN-106275,2021-01-21,Central India,Vehicle Loan,505328.0,48,9.33,45,Salaried,Post-Graduate,Married,76316.0,671,12654.44,0.166,0,Fully Paid
LN-100334,2021-01-22,South India,Vehicle Loan,255549.0,72,13.69,34,Self-Employed,High School,Single,24430.0,712,5223.45,0.214,0,Active
LN-100434,2021-01-22,Central India,Personal Loan,347931.0,36,17.11,22,Retired,High School,Single,31524.0,598,12423.75,0.394,0,Fully Paid
LN-100603,2021-01-22,North India,Vehicle Loan,680332.0,72,8.65,60,Salaried,Graduate,Divorced,64194.0,659,12145.5,0.189,1,Active
LN-101600,2021-01-22,South India,Vehicle Loan,301266.0,72,11.53,49,Salaried,High School,Divorced,22169.0,759,5816.44,0.262,1,Active
LN-102066,2021-01-23,North India,Home Loan,3687034.0,240,9.22,29,Business Owner,High School,Married,36339.0,640,33696.67,0.927,0,Active
LN-105459,2021-01-23,Central India,Home Loan,1864380.0,120,17.15,39,Business Owner,High School,Married,54425.0,708,32579.91,0.599,1,Active
LN-102872,2021-01-24,West India,Business Loan,4574388.0,60,11.92,21,Self-Employed,High School,Single,29172.0,597,101569.9,3.482,0,Fully Paid
LN-104939,2021-01-24,Central India,Home Loan,2276705.0,120,13.78,51,Retired,High School,Married,22320.0,682,35049.05,1.57,0,Active
LN-101644,2021-01-25,South India,Education Loan,840860.0,120,8.07,60,Retired,High School,Divorced,31292.0,632,10233.08,0.327,2,Active
LN-101988,2021-01-25,North India,Business Loan,946433.0,84,15.19,37,Salaried,High School,Single,18550.0,757,18364.12,0.99,1,Active
LN-106768,2021-01-25,Central India,Personal Loan,110364.0,12,14.15,37,Salaried,Professional Degree,Divorced,130525.0,763,9917.06,0.076,0,Fully Paid
LN-101973,2021-01-26,Central India,Personal Loan,75903.0,24,13.36,21,Salaried,High School,Married,26283.0,747,3621.42,0.138,0,Fully Paid
LN-101548,2021-01-28,North India,Education Loan,1525467.0,84,15.06,36,Self-Employed,Graduate,Single,48269.0,678,29487.94,0.611,0,Active
LN-103057,2021-01-28,East India,Home Loan,4775468.0,240,10.82,38,Salaried,Professional Degree,Divorced,148019.0,651,48708.18,0.329,0,Active
LN-106171,2021-01-28,North India,Home Loan,4252675.0,120,11.54,44,Business Owner,Professional Degree,Divorced,124497.0,546,59888.03,0.481,6,Defaulted
LN-106497,2021-01-29,East India,Gold Loan,160551.0,12,13.28,37,Retired,Professional Degree,Single,102745.0,554,14361.08,0.14,0,Fully Paid
LN-106630,2021-01-29,West India,Vehicle Loan,465217.0,72,12.82,34,Unemployed,Graduate,Single,13003.0,636,9294.68,0.715,5,Written Off
LN-102529,2021-01-30,South India,Personal Loan,120099.0,12,10.26,38,Business Owner,High School,Married,44109.0,670,10573.14,0.24,0,Fully Paid
LN-104496,2021-01-30,Central India,Personal Loan,288936.0,48,7.86,24,Business Owner,Graduate,Single,90453.0,666,7034.8,0.078,0,Fully Paid
LN-106774,2021-01-30,South India,Vehicle Loan,654702.0,36,15.84,36,Salaried,Graduate,Married,44244.0,622,22965.7,0.519,0,Active
LN-100085,2021-01-31,Central India,Education Loan,1878051.0,60,9.79,41,Salaried,Professional Degree,Single,150529.0,790,39709.25,0.264,1,Active
LN-100455,2021-01-31,Central India,Vehicle Loan,908696.0,72,14.0,27,Business Owner,Below High School,Single,21901.0,741,18724.35,0.855,0,Active
LN-101623,2021-01-31,West India,Home Loan,2264940.0,300,11.9,45,Salaried,High School,Single,25139.0,668,23687.7,0.942,1,Active
LN-103286,2021-01-31,North India,Education Loan,1066620.0,84,15.61,54,Salaried,Graduate,Single,45519.0,616,20949.04,0.46,10,Defaulted
LN-105229,2021-01-31,East India,Personal Loan,286643.0,48,11.39,42,Self-Employed,Below High School,Divorced,16203.0,674,7462.84,0.461,0,Active
LN-102492,2021-02-01,Central India,Business Loan,1047169.0,60,15.32,45,Self-Employed,Post-Graduate,Single,83254.0,641,25088.32,0.301,0,Fully Paid
LN-102571,2021-02-01,West India,Gold Loan,404343.0,6,17.77,44,Retired,High School,Married,21875.0,660,70926.07,3.242,0,Fully Paid
LN-105087,2021-02-01,East India,Education Loan,456728.0,120,12.17,52,Salaried,Graduate,Married,48143.0,744,6597.68,0.137,1,Active
LN-105240,2021-02-01,Central India,Business Loan,1686169.0,84,10.22,41,Salaried,Post-Graduate,Single,64754.0,736,28184.45,0.435,1,Active
LN-105860,2021-02-01,South India,Personal Loan,479033.0,24,14.7,37,Self-Employed,Post-Graduate,Married,62064.0,614,23158.48,0.373,0,Active
LN-102401,2021-02-02,West India,Education Loan,1484132.0,120,17.97,27,Business Owner,Professional Degree,Divorced,159257.0,724,26713.2,0.168,1,Active
LN-104830,2021-02-02,West India,Home Loan,5591797.0,240,14.36,22,Business Owner,High School,Married,53845.0,749,71001.94,1.319,1,Active
LN-100493,2021-02-03,Central India,Home Loan,1517328.0,120,14.31,34,Self-Employed,Post-Graduate,Divorced,53051.0,660,23842.65,0.449,7,Written Off
LN-100909,2021-02-03,South India,Home Loan,1621682.0,120,8.99,56,Business Owner,Graduate,Single,84361.0,712,20534.01,0.243,0,Active
LN-104276,2021-02-03,West India,Home Loan,3819354.0,180,11.4,47,Retired,Professional Degree,Divorced,68349.0,587,44374.79,0.649,3,Restructured
LN-102225,2021-02-04,North India,Gold Loan,189564.0,24,15.34,45,Self-Employed,Post-Graduate,Married,94800.0,591,9221.97,0.097,0,Fully Paid
LN-102714,2021-02-04,South India,Business Loan,4701670.0,60,8.54,37,Salaried,High School,Divorced,28008.0,614,96552.63,3.447,2,Active
LN-100037,2021-02-05,East India,Vehicle Loan,736620.0,72,8.41,29,Salaried,Graduate,Married,64775.0,725,13063.3,0.202,1,Active
LN-101584,2021-02-05,East India,Education Loan,369421.0,36,15.37,54,Salaried,Graduate,Divorced,34155.0,774,12873.14,0.377,0,Fully Paid
LN-102346,2021-02-05,Central India,Business Loan,1506363.0,36,16.09,30,Business Owner,Post-Graduate,Married,107385.0,676,53026.21,0.494,0,Fully Paid
LN-105929,2021-02-05,North India,Home Loan,4924889.0,120,14.31,36,Salaried,Below High School,Married,13632.0,712,77387.62,5.677,5,Written Off
LN-102411,2021-02-06,North India,Business Loan,2688781.0,24,11.62,35,Self-Employed,Below High School,Married,20637.0,623,126093.64,6.11,10,Written Off
LN-103311,2021-02-06,South India,Vehicle Loan,783488.0,60,15.97,41,Unemployed,High School,Married,7207.0,595,19040.42,2.642,0,Fully Paid
LN-104667,2021-02-06,South India,Home Loan,3376079.0,120,8.14,27,Salaried,Post-Graduate,Divorced,101571.0,773,41211.33,0.406,0,Active
LN-104669,2021-02-06,West India,Personal Loan,496957.0,24,16.01,27,Self-Employed,Professional Degree,Married,84097.0,613,24334.94,0.289,0,Fully Paid
LN-105400,2021-02-06,North India,Personal Loan,125450.0,12,9.96,42,Salaried,Graduate,Single,53954.0,688,11026.71,0.204,0,Fully Paid
LN-100422,2021-02-07,North India,Gold Loan,304568.0,6,9.26,21,Self-Employed,Post-Graduate,Single,57611.0,577,52141.09,0.905,3,Defaulted
LN-101867,2021-02-07,North India,Home Loan,4744072.0,240,16.72,25,Self-Employed,Post-Graduate,Divorced,70205.0,682,68577.74,0.977,0,Active
LN-103387,2021-02-07,South India,Personal Loan,106565.0,48,13.35,55,Self-Employed,High School,Divorced,26950.0,643,2877.42,0.107,0,Fully Paid
LN-103410,2021-02-07,North India,Business Loan,4556093.0,36,12.49,27,Salaried,Below High School,Single,27150.0,699,152395.98,5.613,0,Fully Paid
LN-103161,2021-02-09,East India,Home Loan,4406570.0,180,17.01,51,Self-Employed,High School,Married,21702.0,554,67848.53,3.126,3,Defaulted
LN-103899,2021-02-09,South India,Vehicle Loan,794147.0,72,13.62,40,Retired,Post-Graduate,Married,109186.0,789,16202.83,0.148,1,Active
LN-105717,2021-02-09,South India,Business Loan,4476322.0,24,13.79,51,Salaried,Graduate,Single,61910.0,788,214477.31,3.464,0,Fully Paid
LN-103460,2021-02-10,South India,Home Loan,5114402.0,240,12.06,21,Salaried,Graduate,Divorced,33723.0,775,56528.05,1.676,1,Active
LN-105738,2021-02-10,South India,Personal Loan,220040.0,36,15.69,30,Business Owner,High School,Divorced,40966.0,634,7702.32,0.188,0,Fully Paid
LN-105766,2021-02-10,Central India,Business Loan,1846177.0,84,10.24,43,Salaried,Graduate,Single,55761.0,618,30878.15,0.554,11,Defaulted
LN-106549,2021-02-11,East India,Vehicle Loan,1180665.0,72,13.74,22,Unemployed,Post-Graduate,Divorced,26136.0,582,24164.41,0.925,0,Active
LN-100104,2021-02-12,Central India,Business Loan,2585397.0,36,8.67,34,Salaried,High School,Single,36313.0,665,81818.43,2.253,0,Fully Paid
LN-104060,2021-02-12,East India,Education Loan,1587447.0,36,8.89,28,Salaried,Post-Graduate,Divorced,49795.0,617,50399.16,1.012,0,Fully Paid
LN-104549,2021-02-12,South India,Business Loan,4640170.0,36,12.07,30,Salaried,Graduate,Divorced,65594.0,633,154275.23,2.352,0,Fully Paid
LN-104979,2021-02-12,West India,Agriculture Loan,932544.0,12,9.04,62,Self-Employed,High School,Divorced,19384.0,632,81569.65,4.208,0,Fully Paid
LN-105818,2021-02-12,East India,Business Loan,3979474.0,84,17.9,44,Salaried,High School,Divorced,28007.0,739,83406.85,2.978,1,Active
LN-106270,2021-02-12,North India,Home Loan,1645053.0,180,7.67,27,Retired,Below High School,Single,16589.0,622,15409.2,0.929,2,Active
LN-106766,2021-02-12,East India,Vehicle Loan,616841.0,48,14.39,48,Salaried,High School,Married,20384.0,757,16977.02,0.833,1,Active
LN-100355,2021-02-13,West India,Gold Loan,497724.0,12,14.01,29,Retired,Graduate,Married,66194.0,676,44691.55,0.675,7,Written Off
LN-103550,2021-02-13,South India,Personal Loan,309273.0,36,8.66,38,Self-Employed,Post-Graduate,Divorced,63108.0,720,9785.93,0.155,0,Fully Paid
LN-103702,2021-02-13,South India,Vehicle Loan,256463.0,36,16.53,43,Self-Employed,Post-Graduate,Married,86935.0,686,9083.73,0.104,0,Fully Paid
LN-103945,2021-02-13,Central India,Personal Loan,140868.0,24,9.77,26,Self-Employed,Professional Degree,Married,135085.0,679,6485.4,0.048,0,Fully Paid
LN-104026,2021-02-13,Central India,Home Loan,4118213.0,120,16.68,43,Business Owner,Graduate,Single,59257.0,809,70740.7,1.194,12,Defaulted
LN-100276,2021-02-14,Central India,Personal Loan,104367.0,36,11.72,43,Self-Employed,Graduate,Divorced,47357.0,643,3452.54,0.073,0,Active
LN-100577,2021-02-14,North India,Home Loan,3462284.0,300,9.13,24,Salaried,Graduate,Married,47063.0,563,29364.2,0.624,1,Active
LN-102224,2021-02-15,East India,Home Loan,3390972.0,300,13.28,37,Salaried,High School,Married,19417.0,746,38961.24,2.007,6,Defaulted
LN-102669,2021-02-15,Central India,Business Loan,2806049.0,84,16.72,34,Salaried,High School,Married,18431.0,694,56890.72,3.087,0,Active
LN-102735,2021-02-15,South India,Home Loan,5796760.0,120,16.37,30,Salaried,Graduate,Married,31816.0,745,98444.16,3.094,1,Active
LN-103466,2021-02-15,East India,Home Loan,4257819.0,180,8.65,22,Retired,Graduate,Divorced,56453.0,520,42303.64,0.749,3,Restructured
LN-105303,2021-02-15,West India,Vehicle Loan,993909.0,36,11.0,21,Salaried,High School,Single,32966.0,718,32539.31,0.987,0,Active
LN-106576,2021-02-16,Central India,Personal Loan,438952.0,24,17.74,25,Salaried,Post-Graduate,Divorced,96879.0,742,21859.18,0.226,0,Fully Paid
LN-102028,2021-02-17,West India,Vehicle Loan,1152704.0,60,8.61,45,Retired,Post-Graduate,Divorced,55944.0,710,23710.65,0.424,0,Fully Paid
LN-104839,2021-02-18,West India,Education Loan,510382.0,36,10.03,42,Salaried,High School,Single,24221.0,781,16475.78,0.68,0,Fully Paid
LN-104870,2021-02-18,West India,Gold Loan,614265.0,12,12.75,51,Unemployed,Post-Graduate,Single,31069.0,594,54792.45,1.764,0,Fully Paid
LN-101037,2021-02-19,East India,Education Loan,1197278.0,60,13.42,36,Unemployed,Post-Graduate,Single,20723.0,602,27499.86,1.327,10,Written Off
LN-102792,2021-02-19,West India,Gold Loan,569830.0,12,14.33,21,Self-Employed,Professional Degree,Divorced,117294.0,689,51251.91,0.437,0,Fully Paid
LN-106250,2021-02-19,East India,Business Loan,2024458.0,60,8.58,26,Self-Employed,Post-Graduate,Married,97091.0,640,41612.96,0.429,2,Active
LN-100670,2021-02-20,South India,Home Loan,2900251.0,240,17.61,43,Retired,Professional Degree,Married,71803.0,662,43891.36,0.611,3,Defaulted
LN-103223,2021-02-20,South India,Home Loan,4068395.0,120,14.49,31,Salaried,Professional Degree,Married,74555.0,674,64372.63,0.863,1,Active
LN-101199,2021-02-21,Central India,Gold Loan,630481.0,12,14.69,43,Salaried,High School,Single,32373.0,679,56813.97,1.755,0,Fully Paid
LN-102315,2021-02-21,North India,Education Loan,970015.0,120,8.24,25,Self-Employed,Post-Graduate,Married,95710.0,659,11892.33,0.124,1,Active
LN-102416,2021-02-21,East India,Gold Loan,228362.0,12,8.89,33,Salaried,Graduate,Married,67850.0,760,19958.95,0.294,0,Fully Paid
LN-102508,2021-02-21,West India,Home Loan,4627277.0,240,12.59,23,Retired,Post-Graduate,Single,77035.0,695,52866.24,0.686,1,Active
LN-103817,2021-02-21,Central India,Business Loan,2059684.0,24,11.35,21,Self-Employed,Post-Graduate,Single,91104.0,707,96332.45,1.057,0,Fully Paid
LN-103946,2021-02-21,Central India,Personal Loan,189238.0,12,14.82,65,Unemployed,Professional Degree,Divorced,45425.0,489,17064.23,0.376,4,Restructured
LN-106122,2021-02-21,Central India,Home Loan,3033372.0,180,9.52,31,Self-Employed,High School,Single,21010.0,692,31711.84,1.509,1,Active
LN-106572,2021-02-21,North India,Education Loan,1352069.0,60,13.2,37,Self-Employed,Graduate,Married,56792.0,557,30902.33,0.544,0,Fully Paid
LN-100679,2021-02-22,Central India,Personal Loan,255269.0,24,18.26,41,Salaried,Graduate,Single,67184.0,751,12776.17,0.19,0,Fully Paid
LN-101227,2021-02-22,West India,Home Loan,2348700.0,300,12.81,35,Self-Employed,Professional Degree,Divorced,108922.0,641,26154.01,0.24,3,Active
LN-102276,2021-02-22,West India,Vehicle Loan,281073.0,36,12.1,37,Business Owner,Post-Graduate,Single,107385.0,704,9349.08,0.087,0,Fully Paid
LN-103105,2021-02-22,Central India,Vehicle Loan,935016.0,72,8.7,46,Self-Employed,Post-Graduate,Divorced,84302.0,707,16715.29,0.198,0,Active
LN-104103,2021-02-22,South India,Agriculture Loan,468129.0,12,13.25,37,Self-Employed,Graduate,Divorced,39502.0,624,41866.93,1.06,2,Active
LN-100835,2021-02-23,South India,Vehicle Loan,394975.0,72,11.56,26,Retired,Graduate,Married,38074.0,709,7631.76,0.2,0,Active
LN-101908,2021-02-23,West India,Personal Loan,135013.0,12,15.26,47,Unemployed,High School,Single,6086.0,500,12202.62,2.005,3,Written Off
LN-101488,2021-02-24,North India,Home Loan,2586644.0,300,10.98,46,Business Owner,Graduate,Divorced,109122.0,800,25314.64,0.232,0,Active
LN-103862,2021-02-24,South India,Business Loan,2681933.0,36,11.89,34,Business Owner,Professional Degree,Married,204183.0,767,88937.72,0.436,0,Fully Paid
LN-103889,2021-02-24,East India,Home Loan,3618542.0,240,17.86,39,Self-Employed,Professional Degree,Single,93519.0,751,55455.81,0.593,9,Defaulted
LN-104965,2021-02-24,North India,Personal Loan,349221.0,36,11.39,23,Retired,High School,Divorced,18795.0,646,11497.65,0.612,3,Defaulted
LN-105249,2021-02-24,West India,Business Loan,1683361.0,84,13.71,36,Salaried,Graduate,Divorced,51521.0,666,31277.15,0.607,0,Active
LN-105265,2021-02-24,Central India,Gold Loan,255696.0,12,11.67,45,Salaried,Graduate,Married,55652.0,639,22678.83,0.408,0,Fully Paid
LN-105608,2021-02-24,Central India,Business Loan,1155919.0,84,14.83,38,Self-Employed,Graduate,Married,41434.0,745,22195.38,0.536,1,Active
LN-105843,2021-02-24,West India,Vehicle Loan,944681.0,48,16.32,35,Self-Employed,Post-Graduate,Single,90027.0,594,26927.6,0.299,0,Fully Paid
LN-100186,2021-02-25,North India,Vehicle Loan,314518.0,36,15.08,29,Self-Employed,Below High School,Married,12837.0,622,10915.2,0.85,1,Active
LN-102469,2021-02-25,East India,Personal Loan,448771.0,24,16.68,41,Retired,Post-Graduate,Married,72095.0,603,22119.31,0.307,1,Active
LN-102524,2021-02-25,Central India,Vehicle Loan,1177772.0,72,10.34,29,Salaried,Post-Graduate,Single,76514.0,812,22021.69,0.288,1,Active
LN-103439,2021-02-25,South India,Business Loan,2377892.0,24,18.26,21,Business Owner,Professional Degree,Married,181621.0,704,119013.06,0.655,0,Fully Paid
LN-100893,2021-02-26,South India,Personal Loan,393749.0,12,15.25,30,Salaried,Post-Graduate,Divorced,61911.0,730,35585.59,0.575,0,Fully Paid
LN-101493,2021-02-26,East India,Gold Loan,585683.0,6,7.92,42,Self-Employed,Post-Graduate,Divorced,98818.0,666,99881.07,1.011,0,Fully Paid
LN-101664,2021-02-26,East India,Education Loan,1702976.0,36,13.41,44,Business Owner,Post-Graduate,Married,132267.0,733,57716.88,0.436,5,Restructured
LN-102736,2021-02-26,West India,Home Loan,2090468.0,300,10.74,36,Self-Employed,Graduate,Divorced,52950.0,609,20097.22,0.38,5,Written Off
LN-104450,2021-02-26,South India,Personal Loan,427113.0,24,9.33,44,Business Owner,High School,Divorced,31966.0,656,19577.28,0.612,0,Fully Paid
LN-104792,2021-02-26,Central India,Home Loan,3836677.0,300,12.15,41,Self-Employed,Professional Degree,Divorced,90390.0,649,40834.71,0.452,2,Active
LN-105262,2021-02-26,North India,Home Loan,4507060.0,240,10.0,21,Salaried,High School,Divorced,27510.0,684,43494.1,1.581,1,Active
LN-106456,2021-02-26,South India,Home Loan,4508766.0,300,12.53,26,Salaried,Graduate,Divorced,49577.0,657,49262.48,0.994,0,Active
LN-106900,2021-02-26,Central India,Home Loan,5983963.0,300,12.91,41,Salaried,Graduate,Single,59950.0,605,67084.04,1.119,0,Active
LN-104779,2021-02-27,East India,Gold Loan,710606.0,12,7.74,37,Business Owner,Post-Graduate,Single,73495.0,709,61729.11,0.84,1,Active
LN-105437,2021-02-27,Central India,Home Loan,4298152.0,120,13.05,31,Salaried,Professional Degree,Single,90767.0,748,64302.85,0.708,8,Written Off
LN-105896,2021-02-27,West India,Home Loan,1501866.0,300,9.3,23,Retired,Post-Graduate,Single,98050.0,672,12913.56,0.132,12,Defaulted
LN-106425,2021-02-27,West India,Home Loan,5606631.0,240,16.65,31,Self-Employed,Post-Graduate,Divorced,65775.0,686,80749.19,1.228,0,Active
LN-106674,2021-02-27,Central India,Home Loan,5830458.0,240,13.61,36,Business Owner,Post-Graduate,Divorced,149549.0,696,70857.42,0.474,11,Written Off
LN-100566,2021-02-28,North India,Gold Loan,729553.0,12,8.78,21,Salaried,Graduate,Married,60782.0,663,63726.08,1.048,1,Active
LN-101775,2021-02-28,North India,Home Loan,5906574.0,120,9.41,33,Salaried,Graduate,Married,56480.0,724,76138.88,1.348,0,Active
LN-102905,2021-02-28,East India,Personal Loan,268252.0,48,18.41,48,Salaried,Post-Graduate,Single,63030.0,839,7937.49,0.126,0,Fully Paid
LN-103381,2021-02-28,East India,Business Loan,1526217.0,84,8.12,58,Retired,High School,Single,17502.0,692,23879.29,1.364,1,Active
LN-104492,2021-02-28,Central India,Personal Loan,68045.0,36,14.37,27,Unemployed,Graduate,Single,10914.0,569,2337.86,0.214,1,Active
LN-102425,2021-03-01,West India,Agriculture Loan,161763.0,12,13.87,28,Retired,Post-Graduate,Single,104054.0,699,14514.34,0.139,0,Fully Paid
LN-104210,2021-03-01,East India,Education Loan,881249.0,36,17.05,22,Business Owner,Professional Degree,Divorced,97133.0,761,31440.86,0.324,0,Fully Paid
LN-104650,2021-03-01,West India,Education Loan,1593876.0,120,12.37,49,Retired,Graduate,Single,63693.0,556,23209.7,0.364,10,Written Off
LN-105004,2021-03-01,South India,Home Loan,2590906.0,120,14.75,40,Business Owner,Graduate,Single,55968.0,819,41404.6,0.74,0,Active
LN-106127,2021-03-01,West India,Gold Loan,231576.0,6,9.15,50,Salaried,Graduate,Divorced,69810.0,723,39632.55,0.568,0,Fully Paid
LN-106248,2021-03-01,East India,Business Loan,3512910.0,60,18.27,44,Self-Employed,Graduate,Married,64691.0,713,89721.6,1.387,1,Active
LN-106360,2021-03-01,North India,Agriculture Loan,971662.0,24,9.59,29,Salaried,Graduate,Married,52199.0,715,44653.62,0.855,0,Fully Paid
LN-100859,2021-03-02,North India,Vehicle Loan,289718.0,72,13.87,23,Self-Employed,Graduate,Married,48150.0,703,5949.7,0.124,1,Active
LN-101329,2021-03-02,South India,Personal Loan,90904.0,24,7.89,60,Self-Employed,Graduate,Divorced,70017.0,697,4106.78,0.059,0,Fully Paid
LN-106531,2021-03-02,North India,Gold Loan,463904.0,24,7.93,36,Unemployed,Post-Graduate,Divorced,26932.0,459,20966.31,0.778,3,Defaulted
LN-100283,2021-03-03,Central India,Business Loan,2073768.0,36,9.89,63,Retired,Graduate,Single,57967.0,573,66807.61,1.153,0,Fully Paid
LN-102025,2021-03-03,North India,Home Loan,3412171.0,180,11.7,35,Salaried,Graduate,Married,61066.0,859,40295.54,0.66,5,Defaulted
LN-102745,2021-03-03,West India,Vehicle Loan,503020.0,60,13.84,21,Self-Employed,High School,Married,35991.0,580,11662.71,0.324,0,Fully Paid
LN-103893,2021-03-03,West India,Personal Loan,50095.0,24,8.35,21,Retired,Graduate,Divorced,53878.0,559,2273.67,0.042,0,Fully Paid
LN-104402,2021-03-03,Central India,Personal Loan,65561.0,36,13.85,22,Salaried,Professional Degree,Married,144870.0,722,2235.95,0.015,0,Fully Paid
LN-104806,2021-03-03,Central India,Personal Loan,397853.0,48,15.28,49,Self-Employed,Post-Graduate,Married,94206.0,626,11129.1,0.118,3,Active
LN-105177,2021-03-03,South India,Business Loan,2326914.0,60,14.38,21,Salaried,Professional Degree,Married,94850.0,784,54602.73,0.576,0,Fully Paid
LN-106475,2021-03-03,Central India,Home Loan,2075135.0,120,11.08,43,Self-Employed,High School,Married,17679.0,575,28679.04,1.622,2,Restructured
LN-101144,2021-03-04,East India,Business Loan,3176650.0,24,8.58,57,Salaried,High School,Married,22001.0,690,144513.05,6.568,0,Fully Paid
LN-103125,2021-03-04,South India,Home Loan,2450659.0,180,14.02,25,Salaried,Post-Graduate,Single,104742.0,710,32669.38,0.312,0,Active
LN-103233,2021-03-04,South India,Education Loan,1910364.0,120,16.18,48,Salaried,Post-Graduate,Married,90240.0,768,32215.73,0.357,1,Active
LN-100997,2021-03-05,South India,Home Loan,2816014.0,180,10.07,25,Retired,High School,Divorced,21278.0,715,30381.74,1.428,0,Active
LN-103772,2021-03-05,West India,Home Loan,4138029.0,180,16.7,39,Salaried,Graduate,Single,51371.0,678,62806.71,1.223,1,Active
LN-105898,2021-03-05,East India,Home Loan,5487124.0,300,12.27,36,Business Owner,Professional Degree,Divorced,229340.0,650,58889.42,0.257,1,Active
LN-106012,2021-03-05,North India,Vehicle Loan,691731.0,60,12.15,32,Salaried,Graduate,Married,65716.0,709,15439.66,0.235,0,Fully Paid
LN-106427,2021-03-05,East India,Business Loan,559586.0,36,17.73,52,Business Owner,Below High School,Married,30400.0,673,20154.66,0.663,1,Active
LN-106484,2021-03-06,Central India,Home Loan,5396354.0,240,8.68,44,Salaried,Post-Graduate,Married,110378.0,726,47447.4,0.43,1,Active
LN-102121,2021-03-07,Central India,Education Loan,594043.0,60,7.93,62,Retired,High School,Married,26921.0,655,12025.16,0.447,0,Fully Paid
LN-102289,2021-03-07,West India,Business Loan,4264165.0,84,9.71,28,Salaried,High School,Divorced,31775.0,667,70152.88,2.208,0,Active
LN-104096,2021-03-08,East India,Vehicle Loan,639597.0,36,8.47,35,Retired,Professional Degree,Single,74916.0,663,20181.61,0.269,0,Fully Paid
LN-106864,2021-03-08,South India,Personal Loan,429631.0,36,9.43,33,Retired,Graduate,Single,69510.0,745,13748.29,0.198,0,Fully Paid
LN-102578,2021-03-09,North India,Home Loan,2886530.0,300,10.34,47,Self-Employed,Professional Degree,Single,72266.0,650,26924.9,0.373,11,Written Off
LN-105080,2021-03-09,North India,Personal Loan,291998.0,48,9.37,21,Business Owner,Graduate,Divorced,52884.0,619,7317.79,0.138,0,Fully Paid
LN-103825,2021-03-10,North India,Agriculture Loan,802920.0,12,17.41,26,Business Owner,Post-Graduate,Divorced,83891.0,650,73386.44,0.875,0,Fully Paid
LN-106588,2021-03-10,Central India,Gold Loan,545891.0,12,7.63,44,Business Owner,Post-Graduate,Single,110340.0,714,47392.86,0.43,0,Fully Paid
LN-100119,2021-03-12,South India,Vehicle Loan,511351.0,60,10.11,42,Salaried,Graduate,Divorced,45728.0,614,10892.39,0.238,0,Active
LN-100815,2021-03-12,East India,Personal Loan,230005.0,24,14.0,36,Salaried,Post-Graduate,Married,95549.0,722,11043.2,0.116,0,Fully Paid
LN-101347,2021-03-12,North India,Vehicle Loan,1197116.0,60,17.88,22,Business Owner,Graduate,Married,82775.0,730,30320.78,0.366,0,Fully Paid
LN-101400,2021-03-12,East India,Home Loan,3222133.0,300,12.04,45,Business Owner,Post-Graduate,Divorced,129688.0,726,34031.56,0.262,0,Active
LN-102924,2021-03-12,South India,Gold Loan,397386.0,24,16.78,37,Self-Employed,Graduate,Single,39308.0,637,19605.68,0.499,1,Active
LN-100967,2021-03-14,East India,Gold Loan,567222.0,24,11.43,42,Unemployed,Graduate,Single,11463.0,495,26550.37,2.316,9,Defaulted
LN-106043,2021-03-14,East India,Personal Loan,223168.0,24,15.28,40,Business Owner,High School,Married,26705.0,738,10850.38,0.406,0,Fully Paid
LN-106710,2021-03-14,North India,Personal Loan,333461.0,36,12.2,36,Salaried,High School,Divorced,20609.0,644,11107.56,0.539,0,Fully Paid
LN-100198,2021-03-15,West India,Business Loan,703217.0,60,8.39,21,Salaried,Graduate,Divorced,48778.0,638,14390.32,0.295,0,Fully Paid
LN-102903,2021-03-15,South India,Education Loan,1910366.0,84,12.07,45,Salaried,Graduate,Divorced,68079.0,671,33794.74,0.496,0,Active
LN-106504,2021-03-15,South India,Personal Loan,180434.0,48,17.45,44,Salaried,Graduate,Married,56982.0,717,5248.53,0.092,0,Fully Paid
LN-102503,2021-03-16,Central India,Personal Loan,462409.0,36,15.71,46,Salaried,High School,Divorced,32179.0,730,16190.8,0.503,2,Restructured
LN-103231,2021-03-16,East India,Gold Loan,217420.0,6,15.27,24,Salaried,Graduate,Divorced,61920.0,673,37867.56,0.612,0,Fully Paid
LN-105705,2021-03-16,Central India,Personal Loan,488453.0,12,12.53,21,Salaried,Post-Graduate,Married,99880.0,726,43519.66,0.436,0,Active
LN-102132,2021-03-17,East India,Gold Loan,130211.0,12,17.88,55,Salaried,Post-Graduate,Single,53636.0,719,11930.31,0.222,0,Fully Paid
LN-103172,2021-03-17,East India,Home Loan,4735643.0,180,10.96,46,Salaried,Post-Graduate,Single,91725.0,706,53706.29,0.586,0,Active
LN-103662,2021-03-17,South India,Home Loan,2606242.0,240,11.89,43,Self-Employed,Graduate,Married,62759.0,603,28497.35,0.454,2,Active
LN-103835,2021-03-17,Central India,Home Loan,3471298.0,180,13.56,42,Retired,High School,Single,17629.0,698,45207.1,2.564,5,Defaulted
LN-105707,2021-03-17,East India,Home Loan,1652487.0,120,7.59,26,Self-Employed,Graduate,Single,53698.0,701,19693.02,0.367,0,Active
LN-100775,2021-03-18,West India,Vehicle Loan,1021219.0,72,15.6,40,Salaried,Graduate,Single,52304.0,685,21927.83,0.419,7,Written Off
LN-100788,2021-03-18,South India,Education Loan,1000664.0,36,17.94,44,Self-Employed,Post-Graduate,Single,59252.0,506,36146.29,0.61,4,Defaulted
LN-100945,2021-03-18,West India,Business Loan,4511878.0,84,10.97,24,Self-Employed,Graduate,Married,33562.0,718,77183.19,2.3,0,Active
LN-103926,2021-03-18,North India,Vehicle Loan,298214.0,72,10.0,46,Self-Employed,Post-Graduate,Single,84539.0,631,5524.66,0.065,4,Restructured
LN-104446,2021-03-18,Central India,Home Loan,2434816.0,180,10.52,25,Self-Employed,Graduate,Divorced,68420.0,684,26944.63,0.394,0,Active
LN-106520,2021-03-18,West India,Business Loan,2569503.0,36,8.16,48,Retired,Professional Degree,Divorced,68336.0,761,80708.68,1.181,0,Active
LN-104270,2021-03-19,West India,Business Loan,2830249.0,36,9.08,30,Business Owner,Graduate,Divorced,57647.0,740,90106.58,1.563,12,Written Off
LN-105556,2021-03-19,South India,Vehicle Loan,1083608.0,48,15.36,33,Salaried,Graduate,Divorced,33849.0,710,30355.73,0.897,0,Fully Paid
LN-100256,2021-03-20,West India,Education Loan,1366956.0,120,13.33,42,Unemployed,Graduate,Divorced,11969.0,509,20677.05,1.728,7,Defaulted
LN-100398,2021-03-20,East India,Education Loan,1354331.0,120,13.87,21,Business Owner,Graduate,Single,65621.0,760,20922.48,0.319,0,Active
LN-103277,2021-03-20,East India,Business Loan,4674657.0,84,13.86,21,Salaried,Professional Degree,Divorced,70120.0,733,87241.99,1.244,1,Active
LN-103904,2021-03-20,Central India,Personal Loan,197134.0,12,11.41,21,Self-Employed,Graduate,Married,65836.0,658,17460.75,0.265,0,Fully Paid
LN-104319,2021-03-20,West India,Home Loan,3310005.0,300,10.07,41,Business Owner,Professional Degree,Married,206988.0,746,30241.53,0.146,1,Active
LN-104426,2021-03-20,Central India,Home Loan,2220313.0,300,16.4,34,Salaried,Post-Graduate,Divorced,97967.0,789,30870.28,0.315,0,Active
LN-106634,2021-03-20,North India,Agriculture Loan,253680.0,36,17.93,31,Retired,Post-Graduate,Single,100711.0,671,9162.23,0.091,0,Fully Paid
LN-106907,2021-03-20,Central India,Personal Loan,211330.0,36,15.75,25,Salaried,Post-Graduate,Single,67024.0,684,7403.68,0.11,0,Fully Paid
LN-104126,2021-03-21,North India,Vehicle Loan,997448.0,60,17.74,52,Self-Employed,Graduate,Single,56867.0,686,25187.76,0.443,0,Fully Paid
LN-106557,2021-03-21,East India,Business Loan,2561689.0,84,17.45,34,Salaried,High School,Married,31495.0,648,53018.51,1.683,5,Defaulted
LN-101119,2021-03-22,North India,Home Loan,2045305.0,120,9.71,42,Salaried,High School,Divorced,17521.0,602,26701.47,1.524,2,Active
LN-103226,2021-03-22,East India,Education Loan,377800.0,84,9.13,32,Business Owner,High School,Married,43427.0,662,6103.41,0.141,1,Active
LN-104674,2021-03-22,North India,Personal Loan,165376.0,24,16.49,39,Unemployed,Post-Graduate,Divorced,31251.0,515,8136.1,0.26,0,Fully Paid
LN-105332,2021-03-22,North India,Agriculture Loan,498949.0,12,7.66,39,Salaried,High School,Single,34546.0,710,43324.39,1.254,0,Fully Paid
LN-106661,2021-03-22,South India,Personal Loan,146595.0,12,8.45,21,Self-Employed,High School,Divorced,22799.0,474,12782.59,0.561,2,Active
LN-106904,2021-03-22,West India,Education Loan,258770.0,120,17.98,56,Salaried,Professional Degree,Single,130362.0,634,4659.32,0.036,3,Active
LN-100149,2021-03-23,East India,Gold Loan,737245.0,24,15.24,48,Self-Employed,High School,Married,17636.0,656,35830.66,2.032,0,Fully Paid
LN-102439,2021-03-23,South India,Personal Loan,216905.0,24,16.96,49,Business Owner,High School,Married,33220.0,775,10720.11,0.323,0,Fully Paid
LN-102910,2021-03-23,East India,Vehicle Loan,1152757.0,60,7.56,62,Self-Employed,Post-Graduate,Married,91677.0,639,23131.77,0.252,0,Fully Paid
LN-103718,2021-03-23,Central India,Vehicle Loan,723957.0,72,14.22,48,Self-Employed,Graduate,Single,40900.0,647,15003.09,0.367,0,Active
LN-104726,2021-03-23,South India,Education Loan,1429706.0,36,14.95,58,Salaried,Post-Graduate,Married,76362.0,714,49526.23,0.649,0,Fully Paid
LN-106152,2021-03-23,South India,Gold Loan,431986.0,24,14.28,28,Salaried,Post-Graduate,Divorced,66194.0,704,20798.08,0.314,0,Fully Paid
LN-106416,2021-03-23,North India,Personal Loan,124206.0,48,18.01,56,Self-Employed,Graduate,Divorced,40846.0,660,3649.2,0.089,0,Fully Paid
LN-101505,2021-03-24,North India,Vehicle Loan,645275.0,36,14.4,41,Retired,High School,Married,33896.0,624,22179.54,0.654,0,Fully Paid
LN-102243,2021-03-24,South India,Home Loan,1511156.0,300,13.46,43,Self-Employed,High School,Married,20852.0,684,17568.83,0.843,1,Active
LN-105264,2021-03-24,West India,Personal Loan,264046.0,12,15.56,28,Self-Employed,Post-Graduate,Divorced,80768.0,626,23902.18,0.296,1,Active
LN-106933,2021-03-24,East India,Vehicle Loan,487169.0,60,9.68,26,Salaried,Graduate,Married,41006.0,724,10274.36,0.251,0,Fully Paid
LN-100787,2021-03-25,East India,Home Loan,1733711.0,240,14.04,46,Salaried,Graduate,Married,42012.0,648,21609.44,0.514,4,Defaulted
LN-104612,2021-03-25,Central India,Business Loan,654828.0,24,10.65,40,Self-Employed,Graduate,Single,60362.0,757,30413.82,0.504,0,Fully Paid
LN-104621,2021-03-25,South India,Business Loan,3342374.0,60,16.91,45,Business Owner,Professional Degree,Divorced,148923.0,723,82904.94,0.557,0,Fully Paid
LN-100180,2021-03-26,Central India,Education Loan,1938404.0,120,13.09,70,Salaried,Post-Graduate,Single,63604.0,770,29045.44,0.457,1,Active
LN-104231,2021-03-26,South India,Vehicle Loan,551624.0,36,15.46,39,Self-Employed,Post-Graduate,Married,60960.0,734,19246.72,0.316,1,Active
LN-106832,2021-03-26,Central India,Home Loan,2599932.0,240,16.62,35,Self-Employed,Graduate,Married,55988.0,755,37386.34,0.668,1,Active
LN-100333,2021-03-27,West India,Agriculture Loan,646850.0,36,15.48,44,Business Owner,Below High School,Divorced,43286.0,674,22575.61,0.522,0,Fully Paid
LN-100719,2021-03-28,East India,Personal Loan,136088.0,24,13.44,46,Unemployed,High School,Divorced,6536.0,561,6498.03,0.994,0,Fully Paid
LN-102782,2021-03-28,East India,Personal Loan,304916.0,24,16.15,48,Salaried,Below High School,Married,19723.0,669,14951.5,0.758,0,Active
LN-105685,2021-03-29,Central India,Personal Loan,217992.0,48,14.21,30,Salaried,Post-Graduate,Single,81463.0,754,5979.94,0.073,0,Active
LN-106702,2021-03-29,West India,Home Loan,4670927.0,180,18.32,30,Self-Employed,Graduate,Divorced,50697.0,589,76299.46,1.505,3,Active
LN-100302,2021-03-30,North India,Business Loan,4707526.0,84,7.7,43,Salaried,Graduate,Single,64244.0,889,72670.88,1.131,1,Active
LN-101507,2021-03-30,Central India,Personal Loan,209549.0,12,14.3,31,Salaried,Post-Graduate,Divorced,59321.0,773,18844.39,0.318,0,Active
LN-101851,2021-03-30,Central India,Home Loan,4642974.0,300,12.63,31,Salaried,Post-Graduate,Single,83755.0,780,51075.8,0.61,0,Active
LN-102086,2021-03-30,North India,Business Loan,3383924.0,60,10.43,56,Unemployed,High School,Divorced,8180.0,574,72616.44,8.877,3,Restructured
LN-102850,2021-03-30,West India,Personal Loan,447204.0,24,15.49,47,Salaried,Professional Degree,Married,97741.0,799,21787.68,0.223,0,Fully Paid
LN-104225,2021-03-30,East India,Agriculture Loan,595454.0,24,13.84,37,Unemployed,Graduate,Divorced,14975.0,469,28544.48,1.906,0,Fully Paid
LN-106930,2021-03-30,Central India,Vehicle Loan,451880.0,48,11.0,41,Self-Employed,Post-Graduate,Married,53449.0,730,11679.07,0.219,0,Fully Paid
LN-101276,2021-03-31,West India,Agriculture Loan,554812.0,36,14.27,36,Self-Employed,Professional Degree,Married,112133.0,665,19035.0,0.17,0,Fully Paid
LN-106665,2021-03-31,North India,Education Loan,393762.0,84,15.66,31,Salaried,High School,Single,31009.0,728,7744.87,0.25,1,Active
LN-100061,2021-04-01,South India,Business Loan,3241414.0,24,14.69,28,Self-Employed,Graduate,Married,34843.0,627,156688.31,4.497,0,Fully Paid
LN-100393,2021-04-01,East India,Vehicle Loan,955466.0,72,13.66,30,Salaried,Post-Graduate,Married,99433.0,722,19514.55,0.196,0,Active
LN-101747,2021-04-01,North India,Vehicle Loan,701707.0,48,14.9,45,Self-Employed,Graduate,Divorced,56748.0,643,19493.48,0.344,0,Fully Paid
LN-102297,2021-04-01,West India,Vehicle Loan,1083546.0,36,14.95,42,Self-Employed,High School,Married,18959.0,734,37534.95,1.98,9,Written Off
LN-104899,2021-04-02,Central India,Business Loan,2273916.0,24,13.31,32,Salaried,High School,Single,37219.0,779,108437.51,2.913,0,Fully Paid
LN-105183,2021-04-02,South India,Personal Loan,108561.0,12,10.36,29,Salaried,High School,Single,35331.0,667,9562.42,0.271,0,Fully Paid
LN-105900,2021-04-02,Central India,Education Loan,476595.0,36,9.89,29,Salaried,Graduate,Married,39603.0,695,15353.78,0.388,0,Fully Paid
LN-106207,2021-04-02,West India,Business Loan,3554570.0,84,16.76,37,Retired,Professional Degree,Single,145676.0,634,72148.34,0.495,2,Active
LN-106895,2021-04-02,North India,Agriculture Loan,575578.0,12,16.59,36,Retired,Graduate,Married,51447.0,591,52383.52,1.018,0,Fully Paid
LN-100293,2021-04-03,North India,Vehicle Loan,442380.0,48,17.13,39,Salaried,Post-Graduate,Divorced,85614.0,724,12794.67,0.149,0,Fully Paid
LN-101895,2021-04-04,South India,Gold Loan,564455.0,12,8.05,39,Salaried,Graduate,Divorced,33590.0,555,49114.1,1.462,0,Active
LN-106339,2021-04-04,North India,Home Loan,3505087.0,240,11.26,24,Business Owner,Post-Graduate,Married,149737.0,674,36801.34,0.246,0,Active
LN-106839,2021-04-04,South India,Home Loan,4159237.0,180,10.08,39,Retired,High School,Married,38517.0,618,44899.15,1.166,0,Active
LN-101874,2021-04-05,East India,Home Loan,4160187.0,240,13.17,29,Self-Employed,Post-Graduate,Married,97161.0,698,49244.44,0.507,10,Defaulted
LN-103229,2021-04-05,North India,Vehicle Loan,995810.0,72,17.16,26,Self-Employed,Graduate,Single,52731.0,664,22241.92,0.422,1,Active
LN-106856,2021-04-05,Central India,Agriculture Loan,442784.0,36,15.34,37,Salaried,Graduate,Single,49841.0,693,15423.08,0.309,0,Fully Paid
LN-106953,2021-04-05,North India,Education Loan,373767.0,120,16.87,35,Retired,Professional Degree,Single,139275.0,667,6465.23,0.046,0,Active
LN-100902,2021-04-06,East India,Business Loan,4224112.0,60,8.78,23,Salaried,Graduate,Single,43322.0,582,87235.28,2.014,0,Active
LN-103243,2021-04-06,East India,Business Loan,1768739.0,24,8.2,55,Business Owner,High School,Married,45653.0,649,80156.71,1.756,0,Fully Paid
LN-103961,2021-04-06,East India,Personal Loan,482130.0,12,9.25,51,Self-Employed,Graduate,Married,32647.0,683,42218.9,1.293,0,Fully Paid
LN-104059,2021-04-06,East India,Vehicle Loan,410165.0,48,16.5,34,Salaried,Post-Graduate,Married,82336.0,724,11729.49,0.142,0,Fully Paid
LN-104512,2021-04-06,Central India,Vehicle Loan,681762.0,60,9.64,21,Salaried,Graduate,Married,57697.0,655,14364.96,0.249,0,Fully Paid
LN-104633,2021-04-06,East India,Personal Loan,384296.0,36,16.37,39,Business Owner,Professional Degree,Married,116815.0,703,13581.01,0.116,0,Fully Paid
LN-106026,2021-04-06,North India,Home Loan,1870046.0,180,10.62,36,Salaried,High School,Divorced,23583.0,654,20810.81,0.882,0,Active
LN-102679,2021-04-07,Central India,Home Loan,2447250.0,300,12.15,30,Unemployed,Graduate,Divorced,15763.0,433,26046.69,1.652,2,Active
LN-103805,2021-04-07,Central India,Business Loan,4269775.0,24,16.78,47,Self-Employed,Post-Graduate,Married,81802.0,711,210656.27,2.575,1,Active
LN-104036,2021-04-07,South India,Home Loan,4675934.0,120,11.01,21,Self-Employed,Post-Graduate,Divorced,90207.0,757,64437.47,0.714,5,Defaulted
LN-105467,2021-04-07,North India,Personal Loan,114413.0,24,8.44,25,Business Owner,Graduate,Married,61530.0,708,5197.58,0.084,0,Fully Paid
LN-100311,2021-04-08,South India,Vehicle Loan,974354.0,60,13.03,30,Salaried,Graduate,Married,62941.0,681,22184.51,0.352,0,Fully Paid
LN-105253,2021-04-08,East India,Home Loan,3354960.0,180,8.96,45,Salaried,Graduate,Divorced,53523.0,631,33948.45,0.634,1,Active
LN-105292,2021-04-08,South India,Home Loan,3121856.0,300,14.33,44,Self-Employed,High School,Divorced,28648.0,664,38369.97,1.339,0,Active
LN-101458,2021-04-09,West India,Vehicle Loan,261705.0,36,16.61,46,Salaried,Post-Graduate,Single,92706.0,690,9279.78,0.1,0,Fully Paid
LN-101603,2021-04-09,West India,Personal Loan,170005.0,48,9.39,40,Salaried,Graduate,Single,52537.0,699,4262.13,0.081,0,Fully Paid
LN-105520,2021-04-09,North India,Personal Loan,180740.0,36,15.23,32,Self-Employed,Graduate,Married,33617.0,720,6285.79,0.187,0,Fully Paid
LN-104732,2021-04-10,South India,Business Loan,4526380.0,36,8.74,21,Salaried,Below High School,Married,25047.0,504,143390.57,5.725,7,Written Off
LN-105708,2021-04-10,North India,Business Loan,1398011.0,36,12.3,32,Retired,Below High School,Divorced,18229.0,600,46634.54,2.558,0,Fully Paid
LN-101899,2021-04-11,West India,Vehicle Loan,403824.0,60,12.45,49,Self-Employed,Graduate,Married,55096.0,617,9074.94,0.165,12,Defaulted
LN-100352,2021-04-12,North India,Home Loan,5256416.0,180,15.52,36,Business Owner,Graduate,Single,51826.0,661,75449.17,1.456,1,Active
LN-100636,2021-04-12,Central India,Personal Loan,355253.0,12,14.41,39,Unemployed,High School,Single,8454.0,446,31965.72,3.781,4,Defaulted
LN-100738,2021-04-12,North India,Agriculture Loan,283351.0,36,11.72,38,Business Owner,High School,Single,28417.0,738,9373.46,0.33,0,Fully Paid
LN-100837,2021-04-12,Central India,Home Loan,3167990.0,240,18.5,46,Salaried,Graduate,Single,50844.0,649,50114.33,0.986,3,Active
LN-102557,2021-04-12,North India,Vehicle Loan,823115.0,48,14.5,34,Salaried,Professional Degree,Divorced,123409.0,779,22699.83,0.184,1,Active
LN-103847,2021-04-12,South India,Business Loan,2763795.0,36,17.8,41,Business Owner,Graduate,Single,93138.0,766,99640.74,1.07,3,Restructured
LN-100497,2021-04-13,East India,Home Loan,3840648.0,300,18.24,53,Unemployed,Professional Degree,Married,39324.0,533,59016.84,1.501,5,Written Off
LN-101305,2021-04-13,South India,Vehicle Loan,1191065.0,60,11.05,32,Self-Employed,Post-Graduate,Single,67844.0,712,25926.35,0.382,0,Fully Paid
LN-101391,2021-04-13,North India,Home Loan,3992389.0,240,11.5,26,Salaried,Graduate,Divorced,32326.0,606,42576.02,1.317,0,Active
LN-102192,2021-04-13,West India,Business Loan,2284033.0,24,13.78,34,Salaried,Professional Degree,Divorced,99368.0,722,109425.78,1.101,0,Active
LN-103170,2021-04-13,Central India,Vehicle Loan,830626.0,72,12.81,28,Business Owner,High School,Married,39803.0,625,16590.89,0.417,2,Active
LN-103924,2021-04-13,East India,Home Loan,1867163.0,120,16.65,33,Retired,Professional Degree,Divorced,107276.0,708,32037.94,0.299,1,Active
LN-104645,2021-04-13,South India,Business Loan,3275875.0,60,16.93,37,Self-Employed,Post-Graduate,Divorced,95841.0,746,81290.68,0.848,0,Fully Paid
LN-106840,2021-04-13,West India,Education Loan,326575.0,36,12.92,37,Salaried,Professional Degree,Divorced,108009.0,704,10991.02,0.102,0,Fully Paid
LN-106230,2021-04-14,East India,Vehicle Loan,1077677.0,48,15.06,44,Salaried,Graduate,Divorced,50883.0,639,30025.34,0.59,2,Active
LN-104146,2021-04-15,North India,Education Loan,1498147.0,84,14.34,35,Salaried,Post-Graduate,Divorced,63519.0,709,28357.43,0.446,6,Restructured
LN-106260,2021-04-15,East India,Gold Loan,529177.0,12,17.04,43,Salaried,Post-Graduate,Married,55905.0,771,48273.5,0.863,0,Fully Paid
LN-106656,2021-04-15,East India,Gold Loan,542045.0,12,11.61,33,Retired,Graduate,Single,41963.0,634,48061.2,1.145,0,Fully Paid
LN-102018,2021-04-16,Central India,Vehicle Loan,462338.0,48,16.49,48,Salaried,Professional Degree,Married,86177.0,687,13219.1,0.153,0,Fully Paid
LN-102261,2021-04-16,West India,Vehicle Loan,949735.0,36,12.43,46,Salaried,Graduate,Single,55007.0,624,31740.2,0.577,4,Restructured
LN-102707,2021-04-16,West India,Vehicle Loan,908185.0,48,8.78,30,Salaried,High School,Divorced,18503.0,709,22505.47,1.216,1,Active
LN-103135,2021-04-16,West India,Home Loan,3318919.0,120,12.04,34,Salaried,Graduate,Married,50800.0,683,47693.62,0.939,0,Active
LN-100017,2021-04-18,East India,Personal Loan,132084.0,24,12.48,38,Retired,Post-Graduate,Divorced,68486.0,662,6247.3,0.091,0,Fully Paid
LN-100538,2021-04-18,North India,Personal Loan,220120.0,24,14.22,28,Salaried,High School,Divorced,21201.0,702,10591.49,0.5,0,Fully Paid
LN-100934,2021-04-18,Central India,Home Loan,1555612.0,240,12.51,30,Self-Employed,Graduate,Divorced,65702.0,565,17684.91,0.269,1,Active
LN-101717,2021-04-18,South India,Home Loan,5845107.0,120,9.05,32,Self-Employed,Post-Graduate,Single,68256.0,739,74201.61,1.087,0,Active
LN-104462,2021-04-18,Central India,Personal Loan,426182.0,48,7.94,38,Salaried,Professional Degree,Single,108093.0,750,10392.35,0.096,0,Fully Paid
LN-105502,2021-04-18,Central India,Home Loan,3417695.0,180,18.09,39,Salaried,Graduate,Single,53472.0,699,55260.73,1.033,0,Active
LN-106222,2021-04-18,East India,Vehicle Loan,480046.0,72,8.52,21,Business Owner,Post-Graduate,Single,119132.0,742,8539.17,0.072,0,Active
LN-106613,2021-04-18,Central India,Education Loan,527341.0,84,18.2,43,Salaried,High School,Married,34641.0,700,11145.47,0.322,0,Active
LN-100597,2021-04-19,West India,Education Loan,590506.0,60,10.85,31,Salaried,High School,Divorced,38520.0,617,12794.9,0.332,2,Active
LN-104518,2021-04-19,Central India,Vehicle Loan,677372.0,72,10.82,27,Business Owner,Graduate,Married,61610.0,629,12830.79,0.208,3,Active
LN-104836,2021-04-19,South India,Business Loan,3987311.0,36,12.86,31,Self-Employed,Graduate,Single,51553.0,737,134079.55,2.601,0,Fully Paid
LN-106468,2021-04-19,West India,Business Loan,666870.0,36,16.73,21,Self-Employed,Post-Graduate,Divorced,110706.0,688,23686.22,0.214,0,Fully Paid
LN-103201,2021-04-20,South India,Vehicle Loan,1163461.0,72,18.22,49,Salaried,Graduate,Married,45095.0,595,26680.88,0.592,0,Active
LN-106528,2021-04-20,West India,Home Loan,2136949.0,300,9.4,21,Business Owner,Graduate,Single,50172.0,719,18522.12,0.369,0,Active
LN-101832,2021-04-21,West India,Personal Loan,336623.0,12,9.92,43,Salaried,Graduate,Married,70898.0,745,29581.99,0.417,0,Fully Paid
LN-102207,2021-04-21,East India,Agriculture Loan,644078.0,12,8.53,45,Business Owner,Graduate,Divorced,94192.0,824,56185.29,0.596,7,Written Off
LN-104623,2021-04-21,North India,Personal Loan,416589.0,36,17.2,37,Self-Employed,Graduate,Divorced,69540.0,650,14894.03,0.214,0,Fully Paid
LN-105021,2021-04-21,South India,Home Loan,1726251.0,180,14.97,46,Unemployed,Post-Graduate,Divorced,15294.0,560,24124.93,1.577,3,Written Off
LN-100726,2021-04-22,Central India,Agriculture Loan,111681.0,36,18.22,30,Business Owner,High School,Single,49663.0,679,4049.87,0.082,0,Fully Paid
LN-100742,2021-04-22,Central India,Personal Loan,128803.0,36,16.15,46,Salaried,Graduate,Single,51721.0,776,4537.88,0.088,0,Fully Paid
LN-101830,2021-04-22,West India,Home Loan,2447854.0,240,11.04,21,Business Owner,Below High School,Married,18965.0,490,25333.13,1.336,1,Active
LN-104614,2021-04-22,North India,Vehicle Loan,881207.0,60,11.04,26,Retired,Graduate,Divorced,43024.0,536,19177.16,0.446,0,Fully Paid
LN-105142,2021-04-22,West India,Business Loan,2703061.0,24,7.96,34,Salaried,Graduate,Married,71591.0,798,122202.82,1.707,0,Fully Paid
LN-105274,2021-04-22,Central India,Home Loan,3565857.0,180,8.04,33,Self-Employed,Graduate,Married,70483.0,707,34159.58,0.485,1,Active
LN-101487,2021-04-23,North India,Gold Loan,356304.0,6,9.2,55,Self-Employed,Professional Degree,Divorced,146472.0,602,60987.61,0.416,3,Active
LN-101873,2021-04-23,West India,Gold Loan,128580.0,6,13.34,42,Salaried,High School,Divorced,36706.0,617,22271.49,0.607,0,Fully Paid
LN-103317,2021-04-23,East India,Home Loan,4372741.0,120,18.41,45,Business Owner,Professional Degree,Divorced,199489.0,798,79948.17,0.401,0,Active
LN-100743,2021-04-24,West India,Home Loan,3321885.0,180,12.61,32,Self-Employed,High School,Single,23502.0,764,41181.06,1.752,0,Active
LN-101514,2021-04-24,South India,Personal Loan,495556.0,24,11.73,30,Self-Employed,Post-Graduate,Divorced,59875.0,633,23265.11,0.389,0,Fully Paid
LN-103405,2021-04-24,West India,Vehicle Loan,647719.0,36,9.81,49,Retired,High School,Single,25115.0,647,20842.34,0.83,3,Active
LN-106080,2021-04-24,North India,Education Loan,471036.0,84,17.16,26,Salaried,Post-Graduate,Single,89323.0,708,9669.6,0.108,0,Active
LN-106887,2021-04-24,South India,Vehicle Loan,1042164.0,72,17.9,34,Retired,Graduate,Divorced,66114.0,710,23710.58,0.359,0,Active
LN-102593,2021-04-25,Central India,Agriculture Loan,103189.0,36,18.2,29,Business Owner,Graduate,Married,106740.0,714,3740.89,0.035,0,Fully Paid
LN-104582,2021-04-25,East India,Home Loan,5757697.0,180,13.15,34,Salaried,Post-Graduate,Married,66527.0,767,73418.01,1.104,5,Written Off
LN-105278,2021-04-25,South India,Education Loan,719412.0,36,18.43,42,Self-Employed,Post-Graduate,Married,89453.0,703,26163.91,0.292,0,Fully Paid
LN-106423,2021-04-25,South India,Business Loan,2449665.0,60,11.18,31,Salaried,Post-Graduate,Single,54308.0,821,53481.82,0.985,0,Fully Paid
LN-101274,2021-04-26,East India,Business Loan,2622610.0,24,7.63,39,Business Owner,High School,Divorced,44542.0,702,118171.47,2.653,0,Active
LN-103571,2021-04-27,South India,Home Loan,4374564.0,120,18.36,28,Salaried,High School,Single,20571.0,616,79839.85,3.881,1,Active
LN-105452,2021-04-28,East India,Personal Loan,350265.0,24,12.19,61,Retired,High School,Single,37029.0,621,16519.29,0.446,0,Fully Paid
LN-106604,2021-04-28,East India,Business Loan,2715644.0,36,8.06,34,Self-Employed,Below High School,Married,17245.0,634,85173.6,4.939,0,Active
LN-100737,2021-04-29,North India,Home Loan,3334649.0,180,12.57,21,Salaried,Graduate,Divorced,49044.0,659,41252.31,0.841,2,Restructured
LN-100990,2021-04-29,North India,Business Loan,4464909.0,60,10.31,33,Business Owner,Post-Graduate,Divorced,109326.0,631,95548.6,0.874,0,Fully Paid
LN-102602,2021-04-29,West India,Education Loan,1428467.0,120,9.16,31,Business Owner,Professional Degree,Single,183977.0,688,18219.14,0.099,0,Active
LN-106720,2021-04-29,Central India,Business Loan,791579.0,84,15.7,40,Business Owner,Below High School,Single,34004.0,688,15587.44,0.458,1,Active
LN-104774,2021-04-30,North India,Personal Loan,462209.0,24,9.67,25,Salaried,High School,Divorced,30804.0,773,21258.27,0.69,0,Fully Paid
LN-106451,2021-05-01,Central India,Agriculture Loan,469280.0,12,13.9,21,Salaried,Post-Graduate,Single,62093.0,701,42113.22,0.678,0,Fully Paid
LN-102918,2021-05-02,South India,Business Loan,4788339.0,60,8.16,37,Retired,Below High School,Divorced,12672.0,676,97457.32,7.691,0,Fully Paid
LN-105562,2021-05-03,West India,Personal Loan,486495.0,12,13.17,34,Salaried,Post-Graduate,Married,89039.0,612,43491.22,0.488,3,Active
LN-101602,2021-05-04,North India,Home Loan,5446154.0,180,9.37,36,Self-Employed,Professional Degree,Married,104767.0,704,56443.65,0.539,0,Active
LN-103035,2021-05-04,Central India,Vehicle Loan,369402.0,36,13.18,33,Self-Employed,Professional Degree,Single,143701.0,673,12478.66,0.087,0,Fully Paid
LN-104173,2021-05-04,Central India,Home Loan,4384165.0,300,11.16,23,Salaried,Graduate,Married,58359.0,642,43477.85,0.745,4,Defaulted
LN-104300,2021-05-04,Central India,Personal Loan,132120.0,24,12.89,37,Self-Employed,Post-Graduate,Married,99244.0,622,6274.4,0.063,0,Fully Paid
LN-101463,2021-05-05,North India,Home Loan,2931959.0,300,15.61,30,Business Owner,High School,Married,60681.0,642,38946.32,0.642,5,Defaulted
LN-104111,2021-05-05,North India,Education Loan,913058.0,84,7.98,47,Salaried,Post-Graduate,Divorced,85872.0,727,14222.02,0.166,0,Active
LN-106540,2021-05-05,West India,Home Loan,3041916.0,300,10.79,42,Salaried,Graduate,Divorced,42907.0,677,29353.54,0.684,1,Active
LN-102523,2021-05-06,East India,Home Loan,3527242.0,240,9.37,26,Salaried,Graduate,Divorced,66487.0,764,32579.67,0.49,0,Active
LN-103363,2021-05-06,East India,Business Loan,697287.0,24,10.15,39,Unemployed,Graduate,Divorced,19217.0,522,32224.55,1.677,0,Fully Paid
LN-105710,2021-05-06,East India,Education Loan,834217.0,84,14.52,45,Self-Employed,Graduate,Single,66698.0,663,15873.85,0.238,1,Active
LN-106550,2021-05-06,East India,Personal Loan,198399.0,48,18.31,32,Salaried,Professional Degree,Single,83565.0,841,5860.16,0.07,0,Fully Paid
LN-100021,2021-05-07,South India,Business Loan,4114907.0,36,17.91,21,Self-Employed,Post-Graduate,Divorced,96767.0,700,148578.03,1.535,0,Fully Paid
LN-102628,2021-05-07,South India,Agriculture Loan,136169.0,36,13.97,49,Salaried,Graduate,Divorced,63701.0,786,4651.95,0.073,0,Fully Paid
LN-103343,2021-05-07,West India,Home Loan,2728199.0,240,8.64,56,Salaried,Post-Graduate,Married,85324.0,683,23918.24,0.28,0,Active
LN-103920,2021-05-07,South India,Education Loan,799646.0,60,10.06,21,Salaried,Post-Graduate,Married,109166.0,758,17013.73,0.156,0,Fully Paid
LN-104355,2021-05-07,North India,Home Loan,2722908.0,300,9.63,31,Business Owner,Graduate,Divorced,67044.0,781,24036.48,0.359,0,Active
LN-106039,2021-05-07,South India,Home Loan,5915880.0,120,10.39,52,Salaried,Professional Degree,Married,67827.0,782,79461.99,1.172,0,Active
LN-106498,2021-05-07,West India,Personal Loan,243751.0,36,12.79,34,Salaried,High School,Single,36241.0,723,8188.3,0.226,0,Fully Paid
LN-100116,2021-05-08,Central India,Business Loan,3842589.0,36,14.47,45,Salaried,Post-Graduate,Single,58142.0,600,132209.46,2.274,2,Active
LN-100768,2021-05-08,South India,Vehicle Loan,670784.0,60,13.34,51,Salaried,Graduate,Single,45356.0,708,15379.4,0.339,0,Fully Paid
LN-102603,2021-05-08,South India,Education Loan,370183.0,60,16.93,21,Business Owner,High School,Married,34930.0,575,9186.07,0.263,0,Fully Paid
LN-104745,2021-05-08,West India,Gold Loan,182710.0,24,15.17,38,Salaried,Graduate,Divorced,40094.0,776,8873.76,0.221,0,Fully Paid
LN-100242,2021-05-09,West India,Business Loan,660165.0,84,16.58,33,Salaried,Post-Graduate,Married,59131.0,667,13331.25,0.225,0,Active
LN-102156,2021-05-09,South India,Personal Loan,285722.0,12,14.66,52,Self-Employed,High School,Divorced,35017.0,612,25742.97,0.735,0,Active
LN-102295,2021-05-09,East India,Vehicle Loan,481204.0,60,12.14,47,Salaried,Graduate,Single,61182.0,661,10738.19,0.176,0,Fully Paid
LN-103742,2021-05-09,South India,Home Loan,4360925.0,120,11.04,39,Self-Employed,Below High School,Divorced,28139.0,779,60170.53,2.138,1,Active
LN-101395,2021-05-10,Central India,Personal Loan,319255.0,24,15.51,60,Salaried,Post-Graduate,Divorced,71055.0,706,15557.07,0.219,0,Fully Paid
LN-103910,2021-05-10,South India,Business Loan,1114960.0,60,12.39,46,Self-Employed,Professional Degree,Divorced,125806.0,641,25021.96,0.199,0,Fully Paid
LN-106274,2021-05-10,West India,Vehicle Loan,722905.0,60,10.03,33,Self-Employed,Professional Degree,Married,101658.0,832,15370.27,0.151,0,Fully Paid
LN-106932,2021-05-10,Central India,Vehicle Loan,1105246.0,72,15.89,21,Self-Employed,Below High School,Divorced,14347.0,711,23907.93,1.666,0,Active
LN-101250,2021-05-11,Central India,Home Loan,3280224.0,300,14.33,44,Salaried,Post-Graduate,Married,93250.0,757,40316.43,0.432,1,Active
LN-102426,2021-05-11,Central India,Personal Loan,398232.0,36,10.42,31,Self-Employed,Graduate,Divorced,58875.0,624,12928.5,0.22,1,Active
LN-103962,2021-05-11,Central India,Vehicle Loan,843209.0,48,13.73,21,Salaried,Professional Degree,Married,71297.0,719,22927.89,0.322,0,Fully Paid
LN-104522,2021-05-11,South India,Home Loan,5465463.0,300,8.09,41,Retired,Professional Degree,Single,112676.0,638,42509.7,0.377,0,Active
LN-104759,2021-05-11,West India,Home Loan,2209791.0,120,10.58,44,Salaried,Post-Graduate,Single,75587.0,621,29916.89,0.396,1,Active
LN-105042,2021-05-11,South India,Home Loan,3735814.0,240,9.0,57,Self-Employed,Graduate,Single,68447.0,707,33612.09,0.491,1,Active
LN-100941,2021-05-12,Central India,Home Loan,3082600.0,240,8.64,21,Unemployed,Graduate,Single,14679.0,511,27025.29,1.841,5,Written Off
LN-102945,2021-05-12,East India,Education Loan,1015525.0,120,9.01,36,Business Owner,Professional Degree,Single,199073.0,774,12869.74,0.065,1,Active
LN-104447,2021-05-12,Central India,Personal Loan,367355.0,24,10.49,52,Salaried,Post-Graduate,Married,109309.0,685,17034.77,0.156,0,Fully Paid
LN-105385,2021-05-12,North India,Vehicle Loan,940637.0,60,13.36,38,Self-Employed,Professional Degree,Divorced,86332.0,749,21576.13,0.25,0,Fully Paid
LN-105536,2021-05-12,South India,Personal Loan,337795.0,36,12.8,31,Retired,Post-Graduate,Married,67004.0,683,11349.14,0.169,0,Fully Paid
LN-102574,2021-05-13,North India,Business Loan,3660129.0,84,11.38,42,Business Owner,High School,Married,28568.0,659,63404.01,2.219,1,Active
LN-106317,2021-05-13,South India,Business Loan,2325184.0,60,10.52,21,Business Owner,Graduate,Single,75807.0,639,50000.31,0.66,0,Active
LN-100931,2021-05-14,North India,Personal Loan,112002.0,48,9.84,45,Retired,Professional Degree,Married,92268.0,732,2832.06,0.031,0,Fully Paid
LN-106214,2021-05-14,Central India,Personal Loan,451194.0,36,9.84,26,Salaried,Post-Graduate,Divorced,61225.0,740,14524.89,0.237,0,Fully Paid
LN-100401,2021-05-15,North India,Home Loan,3894469.0,240,8.32,37,Self-Employed,Post-Graduate,Married,52030.0,595,33354.75,0.641,1,Active
LN-104957,2021-05-15,Central India,Education Loan,1359571.0,120,18.41,46,Self-Employed,Post-Graduate,Married,97059.0,738,24857.46,0.256,1,Active
LN-106836,2021-05-15,East India,Home Loan,3966770.0,120,18.32,49,Self-Employed,Graduate,Single,49820.0,669,72294.55,1.451,1,Active
LN-102081,2021-05-16,North India,Vehicle Loan,374926.0,72,15.97,37,Retired,High School,Divorced,18788.0,646,8126.64,0.433,1,Active
LN-105779,2021-05-16,Central India,Business Loan,3228119.0,24,16.94,52,Unemployed,High School,Married,8444.0,456,159512.46,18.891,0,Fully Paid
LN-104975,2021-05-17,North India,Vehicle Loan,1004605.0,36,10.1,24,Salaried,High School,Single,36011.0,663,32462.96,0.901,10,Defaulted
LN-106873,2021-05-17,West India,Home Loan,5323240.0,180,16.07,27,Retired,High School,Divorced,26237.0,571,78442.42,2.99,7,Written Off
LN-104255,2021-05-18,West India,Business Loan,3145969.0,24,16.55,27,Salaried,Post-Graduate,Single,88572.0,690,154864.45,1.748,1,Active
LN-105835,2021-05-18,North India,Home Loan,5041527.0,240,10.53,21,Salaried,Graduate,Married,43011.0,808,50435.23,1.173,4,Written Off
LN-100370,2021-05-19,South India,Education Loan,1110138.0,60,18.32,28,Self-Employed,High School,Married,32952.0,646,28383.82,0.861,6,Written Off
LN-100555,2021-05-19,East India,Personal Loan,53375.0,36,15.3,57,Salaried,Below High School,Divorced,18485.0,639,1858.11,0.101,0,Fully Paid
LN-102778,2021-05-19,Central India,Business Loan,3175349.0,84,8.2,41,Retired,Graduate,Divorced,61858.0,601,49808.66,0.805,3,Active
LN-103828,2021-05-19,South India,Personal Loan,401358.0,24,17.27,22,Salaried,Graduate,Single,56900.0,659,19896.16,0.35,1,Active
LN-105436,2021-05-19,South India,Vehicle Loan,724488.0,36,16.94,21,Salaried,Professional Degree,Divorced,124817.0,591,25808.34,0.207,0,Fully Paid
LN-105564,2021-05-19,South India,Business Loan,1982000.0,84,13.4,25,Retired,Graduate,Single,35452.0,653,36488.88,1.029,0,Active
LN-102209,2021-05-20,North India,Personal Loan,486578.0,24,12.53,36,Self-Employed,High School,Married,23869.0,683,23025.53,0.965,0,Fully Paid
LN-102355,2021-05-20,North India,Business Loan,716670.0,24,15.36,55,Salaried,High School,Married,37205.0,584,34871.63,0.937,8,Written Off
LN-104799,2021-05-20,East India,Home Loan,5387393.0,300,13.48,39,Business Owner,Graduate,Divorced,73733.0,663,62716.07,0.851,1,Active
LN-105122,2021-05-21,East India,Gold Loan,493211.0,6,7.84,35,Retired,Post-Graduate,Divorced,68764.0,650,84091.72,1.223,0,Fully Paid
LN-100221,2021-05-22,East India,Home Loan,4453735.0,180,12.89,38,Salaried,Graduate,Married,39751.0,742,56028.56,1.409,11,Defaulted
LN-101728,2021-05-22,South India,Vehicle Loan,1131410.0,48,14.84,56,Self-Employed,Professional Degree,Single,79023.0,755,31396.3,0.397,0,Fully Paid
LN-103789,2021-05-22,Central India,Business Loan,1033957.0,24,13.47,49,Salaried,Post-Graduate,Single,90504.0,709,49384.77,0.546,0,Fully Paid
LN-106079,2021-05-22,Central India,Home Loan,1961294.0,120,17.55,48,Salaried,Graduate,Divorced,37055.0,757,34773.4,0.938,3,Defaulted
LN-106191,2021-05-22,East India,Home Loan,5450399.0,180,11.34,39,Self-Employed,Graduate,Divorced,63466.0,660,63117.68,0.995,1,Active
LN-105492,2021-05-23,North India,Vehicle Loan,447819.0,72,10.46,23,Unemployed,Professional Degree,Married,30169.0,500,8400.48,0.278,1,Active
LN-100031,2021-05-24,East India,Vehicle Loan,307391.0,36,17.81,43,Retired,Post-Graduate,Divorced,69070.0,729,11083.64,0.16,0,Fully Paid
LN-103297,2021-05-24,Central India,Personal Loan,296385.0,48,9.12,35,Self-Employed,High School,Married,20292.0,582,7392.45,0.364,1,Active
LN-103790,2021-05-24,Central India,Business Loan,4435308.0,84,14.35,21,Retired,High School,Single,36527.0,651,83977.63,2.299,0,Active
LN-102747,2021-05-25,East India,Business Loan,1537908.0,36,17.79,31,Salaried,Graduate,Married,64118.0,721,55437.18,0.865,6,Defaulted
LN-103953,2021-05-25,Central India,Business Loan,2697361.0,60,13.4,53,Business Owner,Graduate,Single,104521.0,800,61926.99,0.592,0,Fully Paid
LN-105450,2021-05-25,West India,Home Loan,1795424.0,180,16.59,32,Self-Employed,High School,Single,31326.0,752,27111.64,0.865,1,Active
LN-105918,2021-05-25,East India,Business Loan,1427692.0,36,8.08,21,Salaried,Professional Degree,Divorced,73212.0,694,44791.39,0.612,1,Active
LN-106970,2021-05-25,East India,Business Loan,1305221.0,24,11.21,40,Self-Employed,Graduate,Single,67868.0,692,60960.86,0.898,0,Fully Paid
LN-100431,2021-05-26,East India,Vehicle Loan,497172.0,72,11.45,31,Business Owner,Professional Degree,Single,213520.0,641,9578.2,0.045,3,Active
LN-102299,2021-05-26,Central India,Personal Loan,143261.0,12,12.44,44,Retired,Post-Graduate,Married,99079.0,651,12758.07,0.129,1,Active
LN-102837,2021-05-26,Central India,Home Loan,3540860.0,240,17.86,37,Business Owner,Post-Graduate,Married,102305.0,858,54265.3,0.53,0,Active
LN-105825,2021-05-26,South India,Personal Loan,72119.0,48,14.25,26,Salaried,Post-Graduate,Divorced,89903.0,671,1979.81,0.022,0,Fully Paid
LN-100243,2021-05-27,South India,Business Loan,731775.0,36,14.31,31,Salaried,Graduate,Divorced,42643.0,745,25120.66,0.589,0,Fully Paid
LN-101427,2021-05-27,North India,Business Loan,4285695.0,84,16.32,21,Salaried,High School,Single,28847.0,629,85905.69,2.978,2,Active
LN-101550,2021-05-27,East India,Personal Loan,475750.0,12,14.29,38,Salaried,High School,Married,34306.0,725,42781.16,1.247,0,Fully Paid
LN-101123,2021-05-28,South India,Vehicle Loan,384950.0,60,7.78,46,Self-Employed,High School,Divorced,21339.0,587,7764.93,0.364,0,Fully Paid
LN-102175,2021-05-28,East India,Home Loan,4648070.0,180,15.51,40,Salaried,High School,Single,20735.0,621,66685.0,3.216,11,Written Off
LN-105190,2021-05-28,East India,Gold Loan,712637.0,24,11.64,40,Self-Employed,High School,Divorced,20614.0,678,33426.62,1.622,0,Fully Paid
LN-101234,2021-05-29,East India,Personal Loan,166102.0,36,16.15,40,Salaried,Below High School,Divorced,14091.0,686,5851.96,0.415,0,Active
LN-104127,2021-05-29,Central India,Personal Loan,289956.0,36,12.54,25,Self-Employed,High School,Single,26434.0,631,9705.64,0.367,0,Active
LN-106708,2021-05-29,South India,Vehicle Loan,537488.0,72,8.87,36,Salaried,Post-Graduate,Divorced,57935.0,674,9653.87,0.167,1,Active
LN-101205,2021-05-30,South India,Personal Loan,163663.0,48,7.55,57,Business Owner,High School,Divorced,57269.0,698,3961.01,0.069,0,Active
LN-100762,2021-05-31,Central India,Home Loan,4252661.0,240,18.18,36,Salaried,Professional Degree,Divorced,151840.0,692,66221.5,0.436,0,Active
LN-101724,2021-05-31,West India,Personal Loan,447162.0,12,14.2,23,Self-Employed,Graduate,Single,53810.0,625,40191.48,0.747,6,Written Off
LN-103799,2021-05-31,East India,Business Loan,2417271.0,36,17.0,44,Salaried,High School,Single,31710.0,745,86182.3,2.718,0,Fully Paid
LN-106581,2021-05-31,West India,Vehicle Loan,633641.0,48,14.45,40,Self-Employed,Graduate,Single,58194.0,707,17458.55,0.3,0,Fully Paid
LN-100270,2021-06-01,North India,Personal Loan,296182.0,12,10.86,23,Salaried,Post-Graduate,Married,80350.0,700,26157.72,0.326,0,Fully Paid
LN-101033,2021-06-01,West India,Vehicle Loan,310404.0,60,11.33,45,Salaried,Below High School,Single,12762.0,607,6800.13,0.533,1,Active
LN-101539,2021-06-01,North India,Home Loan,5102498.0,180,8.25,21,Self-Employed,High School,Married,28342.0,624,49501.39,1.747,3,Active
LN-106344,2021-06-01,Central India,Personal Loan,98639.0,36,10.39,42,Self-Employed,Post-Graduate,Divorced,87327.0,736,3200.89,0.037,0,Fully Paid
LN-102292,2021-06-02,South India,Education Loan,472438.0,120,17.58,40,Unemployed,Below High School,Married,8447.0,403,8385.31,0.993,8,Defaulted
LN-102309,2021-06-02,North India,Vehicle Loan,1199915.0,60,8.69,48,Self-Employed,Graduate,Single,42854.0,685,24728.12,0.577,0,Fully Paid
LN-104681,2021-06-02,East India,Personal Loan,253425.0,36,14.47,21,Unemployed,Post-Graduate,Single,25179.0,594,8719.43,0.346,5,Restructured
LN-100105,2021-06-03,South India,Home Loan,5142520.0,300,15.18,31,Salaried,Graduate,Married,57196.0,700,66585.99,1.164,0,Active
LN-103511,2021-06-03,East India,Business Loan,4654715.0,36,11.89,44,Retired,Graduate,Divorced,48576.0,631,154358.71,3.178,5,Restructured
LN-103583,2021-06-03,Central India,Vehicle Loan,1037439.0,48,13.54,22,Salaried,Graduate,Single,39990.0,600,28110.74,0.703,2,Active
LN-105993,2021-06-03,West India,Vehicle Loan,362946.0,60,17.44,27,Self-Employed,High School,Single,22897.0,635,9106.23,0.398,0,Fully Paid
LN-100013,2021-06-04,West India,Education Loan,376435.0,84,10.9,25,Salaried,High School,Married,30503.0,709,6425.71,0.211,0,Active
LN-102452,2021-06-04,North India,Vehicle Loan,822681.0,60,14.39,35,Self-Employed,Graduate,Married,51759.0,777,19309.09,0.373,0,Fully Paid
LN-105874,2021-06-04,North India,Personal Loan,247291.0,24,12.75,54,Salaried,Graduate,Married,38891.0,666,11727.65,0.302,0,Fully Paid
LN-106103,2021-06-04,North India,Gold Loan,395640.0,6,7.65,32,Business Owner,High School,Married,28388.0,740,67419.08,2.375,6,Defaulted
LN-106734,2021-06-04,East India,Business Loan,2027270.0,24,12.89,46,Self-Employed,High School,Divorced,33736.0,651,96275.4,2.854,0,Fully Paid
LN-106782,2021-06-04,South India,Personal Loan,456568.0,24,15.68,37,Salaried,High School,Divorced,39719.0,715,22285.24,0.561,0,Fully Paid
LN-100662,2021-06-05,Central India,Gold Loan,492082.0,12,12.88,26,Self-Employed,High School,Divorced,31750.0,775,43923.72,1.383,0,Fully Paid
LN-102231,2021-06-05,East India,Home Loan,5945284.0,240,10.82,21,Salaried,Graduate,Divorced,41076.0,647,60639.91,1.476,11,Defaulted
LN-103594,2021-06-05,South India,Home Loan,4066129.0,240,14.4,56,Salaried,Post-Graduate,Married,71657.0,769,51748.68,0.722,0,Active
LN-100005,2021-06-06,West India,Home Loan,5188839.0,300,12.22,38,Business Owner,High School,Single,49561.0,593,55495.49,1.12,3,Active
LN-100665,2021-06-06,East India,Gold Loan,708351.0,12,14.38,29,Business Owner,High School,Divorced,37768.0,704,63727.51,1.687,4,Defaulted
LN-101597,2021-06-06,South India,Education Loan,772952.0,84,17.39,40,Business Owner,Post-Graduate,Married,165629.0,830,15970.59,0.096,1,Active
LN-102466,2021-06-06,Central India,Education Loan,1632879.0,36,12.82,46,Retired,Graduate,Divorced,56465.0,560,54876.68,0.972,10,Written Off
LN-104162,2021-06-06,North India,Agriculture Loan,575737.0,24,9.2,21,Salaried,Graduate,Married,62142.0,672,26355.26,0.424,0,Fully Paid
LN-106284,2021-06-06,East India,Agriculture Loan,676340.0,12,17.52,33,Business Owner,Post-Graduate,Married,114467.0,817,61852.45,0.54,0,Fully Paid
LN-103327,2021-06-07,Central India,Business Loan,2653619.0,60,13.3,36,Salaried,Professional Degree,Single,134553.0,697,60786.29,0.452,0,Fully Paid
LN-106562,2021-06-07,South India,Vehicle Loan,1011373.0,60,11.61,34,Salaried,High School,Divorced,39900.0,704,22298.62,0.559,0,Active
LN-100101,2021-06-08,East India,Personal Loan,481457.0,24,13.35,53,Salaried,Graduate,Single,39175.0,788,22968.57,0.586,0,Fully Paid
LN-100114,2021-06-08,North India,Home Loan,2344784.0,120,14.69,39,Salaried,Graduate,Single,62661.0,798,37385.67,0.597,1,Active
LN-104821,2021-06-09,East India,Home Loan,2193269.0,180,14.67,46,Retired,Post-Graduate,Single,56399.0,682,30202.5,0.536,1,Active
LN-105313,2021-06-09,Central India,Business Loan,3738920.0,36,16.01,26,Self-Employed,Graduate,Divorced,39431.0,654,131467.79,3.334,0,Fully Paid
LN-102242,2021-06-10,East India,Home Loan,4001902.0,240,8.4,24,Salaried,Post-Graduate,Married,100564.0,661,34476.57,0.343,0,Active
LN-102755,2021-06-10,North India,Home Loan,2826532.0,240,10.97,24,Self-Employed,Graduate,Married,56239.0,645,29117.45,0.518,2,Active
LN-103143,2021-06-10,South India,Vehicle Loan,314015.0,60,8.44,42,Self-Employed,High School,Married,17791.0,680,6433.42,0.362,0,Fully Paid
LN-103464,2021-06-10,East India,Education Loan,1766389.0,84,10.02,27,Business Owner,Post-Graduate,Married,114233.0,735,29342.41,0.257,1,Active
LN-104154,2021-06-10,South India,Business Loan,1550388.0,36,9.72,27,Business Owner,High School,Divorced,56546.0,765,49823.1,0.881,0,Fully Paid
LN-105158,2021-06-10,West India,Gold Loan,359374.0,6,7.61,46,Business Owner,Post-Graduate,Married,92285.0,696,61232.1,0.664,0,Fully Paid
LN-106285,2021-06-10,East India,Home Loan,4729284.0,300,12.67,31,Salaried,Graduate,Divorced,40749.0,721,52166.82,1.28,5,Restructured
LN-106443,2021-06-10,South India,Vehicle Loan,204834.0,36,17.62,36,Salaried,High School,Divorced,18896.0,554,7366.25,0.39,0,Fully Paid
LN-106455,2021-06-10,South India,Education Loan,577145.0,60,16.71,51,Salaried,Graduate,Single,51356.0,696,14253.7,0.278,0,Fully Paid
LN-101870,2021-06-11,West India,Personal Loan,323146.0,24,14.78,33,Salaried,Professional Degree,Divorced,77544.0,830,15634.51,0.202,0,Fully Paid
LN-105577,2021-06-11,North India,Gold Loan,126061.0,12,12.58,35,Salaried,Professional Degree,Single,104040.0,687,11234.6,0.108,0,Fully Paid
LN-105751,2021-06-11,Central India,Vehicle Loan,698323.0,72,7.83,23,Retired,Professional Degree,Single,114285.0,595,12185.98,0.107,0,Active
LN-101390,2021-06-12,South India,Home Loan,2124265.0,180,17.06,36,Retired,Post-Graduate,Married,79112.0,672,32782.9,0.414,0,Active
LN-103295,2021-06-12,West India,Personal Loan,405032.0,24,18.37,39,Salaried,Graduate,Married,47051.0,663,20293.34,0.431,0,Fully Paid
LN-105560,2021-06-12,East India,Business Loan,677089.0,84,16.28,39,Salaried,Graduate,Single,39110.0,744,13556.59,0.347,0,Active
LN-106331,2021-06-12,West India,Home Loan,5559755.0,240,12.18,37,Self-Employed,Graduate,Divorced,64378.0,651,61916.81,0.962,0,Active
LN-102446,2021-06-13,South India,Home Loan,4654863.0,300,8.98,49,Salaried,Graduate,Married,53066.0,694,38999.71,0.735,1,Active
LN-106732,2021-06-14,Central India,Vehicle Loan,476470.0,36,13.6,36,Retired,Graduate,Divorced,69379.0,658,16192.2,0.233,0,Fully Paid
LN-101303,2021-06-15,Central India,Vehicle Loan,984734.0,60,8.04,41,Retired,High School,Married,37348.0,592,19985.71,0.535,2,Active
LN-102103,2021-06-15,East India,Home Loan,3138246.0,300,8.8,35,Self-Employed,High School,Divorced,31408.0,591,25907.58,0.825,1,Active
LN-102374,2021-06-15,Central India,Gold Loan,539912.0,12,14.09,21,Business Owner,Post-Graduate,Divorced,87767.0,741,48500.01,0.553,0,Fully Paid
LN-103367,2021-06-15,West India,Business Loan,1476462.0,36,17.47,58,Self-Employed,Graduate,Single,41476.0,633,52985.91,1.278,9,Written Off
LN-100516,2021-06-16,South India,Vehicle Loan,260334.0,36,17.89,55,Self-Employed,Graduate,Married,58857.0,566,9397.34,0.16,2,Active
LN-100949,2021-06-16,East India,Home Loan,2888861.0,240,17.36,21,Salaried,Below High School,Married,20939.0,685,43166.48,2.062,1,Active
LN-102253,2021-06-16,South India,Home Loan,5927135.0,300,15.34,44,Retired,Graduate,Single,34978.0,549,77483.47,2.215,1,Active
LN-103462,2021-06-16,North India,Agriculture Loan,477096.0,24,11.9,31,Retired,Graduate,Divorced,70473.0,647,22436.29,0.318,0,Fully Paid
LN-106756,2021-06-16,South India,Education Loan,1036199.0,60,17.33,21,Self-Employed,Graduate,Divorced,56720.0,577,25936.43,0.457,8,Defaulted
LN-104343,2021-06-17,Central India,Home Loan,2646661.0,240,15.06,34,Salaried,Graduate,Married,49681.0,718,34968.35,0.704,5,Defaulted
LN-102100,2021-06-18,North India,Home Loan,3616753.0,180,13.87,31,Business Owner,Professional Degree,Single,207205.0,777,47850.32,0.231,1,Active
LN-100131,2021-06-19,South India,Home Loan,5439705.0,240,12.42,45,Self-Employed,High School,Divorced,21810.0,730,61496.18,2.82,0,Active
LN-103399,2021-06-19,Central India,Home Loan,5910380.0,240,14.77,37,Salaried,High School,Married,27123.0,690,76824.73,2.832,1,Active
LN-103992,2021-06-19,South India,Gold Loan,785712.0,12,10.62,29,Unemployed,High School,Married,9223.0,510,69303.34,7.514,1,Active
LN-105925,2021-06-19,North India,Vehicle Loan,661405.0,72,10.77,37,Salaried,Professional Degree,Single,102733.0,680,12511.46,0.122,1,Active
LN-106844,2021-06-19,North India,Personal Loan,160900.0,36,11.57,26,Business Owner,Graduate,Married,87767.0,726,5311.2,0.061,0,Fully Paid
LN-100809,2021-06-20,North India,Vehicle Loan,544565.0,72,15.79,34,Salaried,Graduate,Single,33723.0,669,11749.74,0.348,1,Active
LN-105463,2021-06-20,Central India,Vehicle Loan,1113333.0,48,17.2,21,Business Owner,Professional Degree,Divorced,228390.0,696,32240.59,0.141,1,Active
LN-101585,2021-06-21,South India,Gold Loan,198788.0,6,12.1,39,Business Owner,Graduate,Married,107309.0,684,34310.37,0.32,0,Fully Paid
LN-102659,2021-06-21,Central India,Education Loan,1311154.0,84,11.3,42,Salaried,Graduate,Married,49943.0,605,22657.5,0.454,1,Active
LN-104570,2021-06-21,Central India,Home Loan,3315545.0,300,10.35,31,Salaried,Graduate,Married,43609.0,591,30950.25,0.71,6,Written Off
LN-100018,2021-06-22,Central India,Home Loan,2525305.0,300,15.23,32,Business Owner,Graduate,Divorced,59380.0,626,32796.18,0.552,3,Active
LN-100450,2021-06-22,South India,Home Loan,3438674.0,180,12.04,30,Self-Employed,Graduate,Married,39810.0,624,41358.4,1.039,0,Active
LN-100585,2021-06-22,West India,Home Loan,5624424.0,240,13.29,35,Salaried,Graduate,Married,35979.0,734,67059.78,1.864,1,Active
LN-101150,2021-06-22,South India,Vehicle Loan,801652.0,72,17.0,25,Business Owner,Professional Degree,Single,150632.0,739,17833.66,0.118,1,Active
LN-102896,2021-06-22,South India,Home Loan,5440365.0,120,8.68,50,Salaried,Graduate,Married,69069.0,649,67977.61,0.984,3,Defaulted
LN-105051,2021-06-22,North India,Vehicle Loan,1199048.0,48,18.07,35,Salaried,Post-Graduate,Married,52465.0,555,35265.91,0.672,0,Fully Paid
LN-100196,2021-06-23,East India,Personal Loan,63857.0,36,10.91,35,Self-Employed,Graduate,Single,61989.0,679,2087.88,0.034,0,Fully Paid
LN-101411,2021-06-24,East India,Gold Loan,579558.0,6,14.48,36,Business Owner,Post-Graduate,Divorced,90226.0,678,100713.22,1.116,1,Active
LN-101800,2021-06-24,West India,Vehicle Loan,617433.0,60,17.14,26,Business Owner,Post-Graduate,Single,117831.0,726,15391.32,0.131,0,Fully Paid
LN-102290,2021-06-25,East India,Personal Loan,141420.0,24,15.7,33,Self-Employed,Professional Degree,Married,135709.0,705,6904.11,0.051,0,Fully Paid
LN-104461,2021-06-25,East India,Home Loan,4784326.0,180,12.76,48,Self-Employed,Below High School,Single,25550.0,569,59779.74,2.34,3,Defaulted
LN-106696,2021-06-25,South India,Home Loan,5908396.0,120,15.6,24,Salaried,High School,Divorced,23790.0,591,97505.61,4.099,8,Defaulted
LN-106894,2021-06-25,South India,Home Loan,2043859.0,180,7.55,40,Salaried,Graduate,Married,62223.0,787,19004.94,0.305,0,Active
LN-100761,2021-06-26,West India,Personal Loan,229402.0,24,14.31,38,Salaried,Graduate,Single,34884.0,759,11047.88,0.317,0,Fully Paid
LN-103084,2021-06-26,West India,Agriculture Loan,984632.0,12,7.98,30,Salaried,Professional Degree,Married,78992.0,776,85642.49,1.084,0,Active
LN-100901,2021-06-27,East India,Business Loan,977094.0,36,14.31,25,Salaried,Graduate,Divorced,34352.0,723,33542.06,0.976,0,Fully Paid
LN-103744,2021-06-27,East India,Personal Loan,212641.0,36,12.71,34,Salaried,Graduate,Single,56579.0,707,7135.05,0.126,9,Defaulted
LN-104160,2021-06-27,West India,Personal Loan,126764.0,48,15.6,24,Salaried,High School,Married,24546.0,575,3566.61,0.145,0,Fully Paid
LN-105862,2021-06-27,Central India,Education Loan,265355.0,36,13.86,48,Self-Employed,Graduate,Divorced,48360.0,675,9051.17,0.187,0,Fully Paid
LN-101811,2021-06-29,West India,Business Loan,830076.0,60,13.71,25,Business Owner,Graduate,Divorced,79971.0,738,19189.84,0.24,0,Fully Paid
LN-102024,2021-06-29,West India,Education Loan,1941490.0,36,16.01,37,Retired,Below High School,Single,22227.0,609,68266.61,3.071,0,Fully Paid
LN-102783,2021-06-29,South India,Business Loan,2312341.0,84,18.2,21,Salaried,Professional Degree,Married,131327.0,746,48871.85,0.372,1,Active
LN-102907,2021-06-29,South India,Business Loan,2349406.0,84,12.99,24,Self-Employed,Graduate,Single,41306.0,666,42727.54,1.034,1,Active
LN-103075,2021-06-29,West India,Personal Loan,357198.0,48,12.15,28,Salaried,Graduate,Single,53656.0,729,9432.72,0.176,0,Fully Paid
LN-104423,2021-06-30,South India,Personal Loan,368200.0,12,17.12,21,Self-Employed,Graduate,Divorced,64542.0,673,33602.56,0.521,0,Active
LN-100400,2021-07-01,West India,Home Loan,5848586.0,300,7.98,59,Self-Employed,Graduate,Married,55216.0,669,45062.87,0.816,0,Active
LN-103517,2021-07-01,South India,Personal Loan,302802.0,36,14.99,32,Salaried,Post-Graduate,Married,65987.0,738,10495.25,0.159,0,Active
LN-104823,2021-07-01,North India,Business Loan,2408871.0,60,14.48,42,Salaried,Graduate,Single,59656.0,745,56651.46,0.95,0,Fully Paid
LN-105545,2021-07-02,North India,Home Loan,5490605.0,180,13.54,43,Retired,Post-Graduate,Married,106405.0,653,71431.66,0.671,12,Defaulted
LN-106112,2021-07-02,North India,Home Loan,2456820.0,240,17.59,40,Salaried,Graduate,Single,68337.0,753,37142.99,0.544,1,Active
LN-106137,2021-07-02,Central India,Gold Loan,752108.0,12,11.56,47,Salaried,Post-Graduate,Married,87667.0,653,66669.17,0.76,0,Fully Paid
LN-100095,2021-07-03,Central India,Vehicle Loan,349274.0,60,9.98,50,Business Owner,Graduate,Divorced,66804.0,758,7417.6,0.111,0,Fully Paid
LN-100593,2021-07-03,Central India,Home Loan,2389994.0,300,18.31,32,Salaried,Post-Graduate,Divorced,76220.0,691,36859.59,0.484,10,Written Off
LN-100638,2021-07-03,South India,Business Loan,3981504.0,84,17.14,41,Salaried,High School,Single,30776.0,771,81687.7,2.654,1,Active
LN-100673,2021-07-03,South India,Vehicle Loan,615655.0,48,17.53,38,Salaried,Post-Graduate,Married,86005.0,732,17934.01,0.209,0,Fully Paid
LN-100844,2021-07-03,North India,Education Loan,1903969.0,84,17.5,26,Salaried,Post-Graduate,Divorced,60129.0,799,39461.27,0.656,0,Active
LN-100889,2021-07-03,Central India,Home Loan,2030801.0,120,18.13,54,Salaried,Professional Degree,Married,117967.0,776,36762.16,0.312,1,Active
LN-103519,2021-07-04,West India,Personal Loan,335662.0,36,11.84,48,Self-Employed,Graduate,Single,47285.0,545,11123.15,0.235,0,Fully Paid
LN-100000,2021-07-05,East India,Agriculture Loan,957120.0,24,16.72,39,Salaried,Professional Degree,Divorced,144816.0,743,47193.51,0.326,0,Fully Paid
LN-100100,2021-07-05,North India,Agriculture Loan,965019.0,24,9.18,38,Self-Employed,Professional Degree,Married,150260.0,695,44166.39,0.294,0,Fully Paid
LN-102511,2021-07-05,West India,Vehicle Loan,920434.0,72,8.67,34,Retired,Post-Graduate,Married,68835.0,706,16440.97,0.239,0,Active
LN-103849,2021-07-05,Central India,Home Loan,2877441.0,300,9.97,23,Unemployed,High School,Single,11458.0,587,26086.5,2.277,11,Written Off
LN-106879,2021-07-05,East India,Education Loan,1159844.0,120,10.45,34,Salaried,High School,Married,18197.0,720,15617.9,0.858,1,Active
LN-102525,2021-07-06,South India,Home Loan,5954303.0,240,9.75,21,Business Owner,Post-Graduate,Single,122121.0,683,56477.57,0.462,0,Active
LN-102569,2021-07-06,North India,Vehicle Loan,352803.0,72,8.36,43,Salaried,Graduate,Single,32937.0,770,6247.98,0.19,1,Active
LN-105516,2021-07-06,West India,Education Loan,862679.0,84,9.32,21,Salaried,Graduate,Married,62799.0,696,14020.22,0.223,0,Active
LN-106399,2021-07-06,West India,Education Loan,227052.0,36,8.47,28,Salaried,Below High School,Married,14327.0,679,7164.32,0.5,0,Fully Paid
LN-103079,2021-07-07,North India,Education Loan,1394453.0,60,10.81,39,Salaried,Graduate,Single,31534.0,748,30186.82,0.957,0,Active
LN-104353,2021-07-07,West India,Personal Loan,340367.0,48,10.71,29,Business Owner,High School,Single,47282.0,813,8749.11,0.185,0,Fully Paid
LN-106215,2021-07-07,West India,Personal Loan,115895.0,24,10.6,48,Salaried,Post-Graduate,Divorced,95991.0,680,5380.12,0.056,0,Fully Paid
LN-104089,2021-07-08,East India,Vehicle Loan,642604.0,48,12.95,27,Retired,Post-Graduate,Single,52959.0,674,17223.51,0.325,0,Fully Paid
LN-104803,2021-07-08,East India,Business Loan,2053283.0,84,9.61,47,Self-Employed,Post-Graduate,Divorced,105896.0,711,33674.6,0.318,1,Active
LN-100007,2021-07-09,West India,Personal Loan,65316.0,36,15.51,48,Business Owner,Graduate,Single,98491.0,716,2280.55,0.023,0,Fully Paid
LN-100734,2021-07-09,South India,Education Loan,537685.0,120,18.13,28,Business Owner,Graduate,Married,109419.0,773,9733.33,0.089,0,Active
LN-104134,2021-07-09,South India,Home Loan,4309918.0,180,11.49,55,Self-Employed,Graduate,Single,67826.0,663,50320.63,0.742,12,Defaulted
LN-100325,2021-07-10,West India,Personal Loan,449401.0,12,15.33,50,Salaried,Graduate,Single,48688.0,628,40632.19,0.835,2,Restructured
LN-101252,2021-07-10,East India,Home Loan,4627886.0,300,9.21,39,Business Owner,Post-Graduate,Married,112187.0,618,39504.72,0.352,2,Active
LN-103512,2021-07-10,Central India,Personal Loan,283193.0,48,18.22,27,Business Owner,High School,Divorced,60213.0,879,8351.39,0.139,0,Fully Paid
LN-104508,2021-07-10,North India,Business Loan,4771487.0,24,13.25,55,Retired,Graduate,Divorced,69502.0,726,227405.89,3.272,0,Active
LN-105117,2021-07-10,East India,Gold Loan,545852.0,12,8.61,25,Salaried,Post-Graduate,Married,99881.0,698,47636.9,0.477,0,Fully Paid
LN-105471,2021-07-10,Central India,Education Loan,1665542.0,84,9.84,49,Retired,Professional Degree,Divorced,69165.0,702,27512.47,0.398,1,Active
LN-101699,2021-07-11,East India,Vehicle Loan,398330.0,60,16.91,38,Salaried,Graduate,Divorced,62362.0,682,9880.26,0.158,0,Fully Paid
LN-105440,2021-07-11,East India,Personal Loan,177886.0,24,15.43,21,Salaried,Professional Degree,Single,111086.0,744,8661.48,0.078,0,Fully Paid
LN-106254,2021-07-11,West India,Business Loan,4718151.0,36,10.05,42,Salaried,Graduate,Divorced,43576.0,694,152352.24,3.496,1,Active
LN-104911,2021-07-12,West India,Personal Loan,373317.0,48,9.14,27,Self-Employed,Graduate,Married,49963.0,760,9314.85,0.186,0,Fully Paid
LN-106672,2021-07-12,South India,Personal Loan,389801.0,24,8.01,52,Salaried,High School,Divorced,22111.0,726,17631.42,0.797,0,Fully Paid
LN-100396,2021-07-13,Central India,Business Loan,4517426.0,60,10.24,31,Salaried,Graduate,Single,36650.0,641,96516.28,2.633,12,Defaulted
LN-103313,2021-07-13,Central India,Vehicle Loan,788411.0,60,18.37,35,Unemployed,High School,Divorced,11799.0,596,20179.49,1.71,8,Defaulted
LN-104863,2021-07-13,North India,Business Loan,3109246.0,84,9.89,39,Salaried,Post-Graduate,Married,72826.0,775,51440.62,0.706,1,Active
LN-105273,2021-07-13,South India,Agriculture Loan,486058.0,36,10.86,35,Self-Employed,Below High School,Single,12909.0,710,15880.71,1.23,0,Fully Paid
LN-105338,2021-07-14,Central India,Agriculture Loan,172923.0,12,11.76,44,Salaried,Post-Graduate,Married,55138.0,620,15344.59,0.278,0,Fully Paid
LN-106636,2021-07-14,North India,Home Loan,2583398.0,180,11.57,32,Salaried,Professional Degree,Divorced,109153.0,601,30294.06,0.278,0,Active
LN-103518,2021-07-15,Central India,Home Loan,3626852.0,180,16.0,46,Business Owner,Post-Graduate,Single,115149.0,721,53267.6,0.463,0,Active
LN-103163,2021-07-16,South India,Business Loan,2828952.0,60,8.04,36,Business Owner,Below High School,Married,23730.0,634,57415.12,2.42,0,Fully Paid
LN-103795,2021-07-16,South India,Education Loan,1148886.0,60,15.58,43,Salaried,Graduate,Divorced,42481.0,669,27682.94,0.652,0,Fully Paid
LN-104135,2021-07-16,West India,Agriculture Loan,783089.0,36,8.95,26,Business Owner,Graduate,Divorced,98230.0,735,24883.8,0.253,0,Fully Paid
LN-105723,2021-07-16,Central India,Home Loan,2921165.0,180,12.92,35,Salaried,Professional Degree,Divorced,74636.0,698,36806.18,0.493,2,Restructured
LN-103173,2021-07-17,North India,Education Loan,1238997.0,36,10.49,22,Salaried,Graduate,Married,41206.0,712,40264.59,0.977,0,Fully Paid
LN-105460,2021-07-17,North India,Personal Loan,61892.0,24,7.89,42,Unemployed,High School,Married,9276.0,548,2796.1,0.301,9,Written Off
LN-106196,2021-07-17,South India,Home Loan,4943494.0,240,13.41,25,Business Owner,Professional Degree,Married,185913.0,686,59366.66,0.319,0,Active
LN-100301,2021-07-18,North India,Business Loan,2348393.0,24,9.85,21,Salaried,Graduate,Divorced,50933.0,788,108203.91,2.124,0,Fully Paid
LN-101677,2021-07-18,North India,Education Loan,731176.0,36,14.83,40,Salaried,High School,Divorced,30820.0,696,25285.63,0.82,0,Fully Paid
LN-102729,2021-07-18,East India,Home Loan,4998131.0,240,7.95,28,Salaried,High School,Married,32574.0,623,41650.97,1.279,1,Active
LN-102930,2021-07-18,South India,Personal Loan,132155.0,12,15.54,31,Self-Employed,High School,Single,37189.0,657,11961.79,0.322,0,Fully Paid
LN-103086,2021-07-18,East India,Gold Loan,407766.0,24,14.42,32,Salaried,Graduate,Divorced,68284.0,654,19659.02,0.288,0,Fully Paid
LN-104252,2021-07-18,North India,Personal Loan,380234.0,12,11.12,52,Self-Employed,High School,Married,30801.0,612,33627.0,1.092,2,Active
LN-104440,2021-07-18,North India,Education Loan,299846.0,36,11.18,28,Retired,High School,Married,19195.0,632,9842.15,0.513,0,Fully Paid
LN-102726,2021-07-19,Central India,Education Loan,529852.0,120,14.52,43,Retired,Graduate,Married,53599.0,622,8393.29,0.157,1,Active
LN-103118,2021-07-19,South India,Education Loan,1265805.0,36,14.74,44,Salaried,High School,Divorced,22042.0,640,43718.55,1.983,11,Written Off
LN-103194,2021-07-19,Central India,Vehicle Loan,454475.0,36,16.39,21,Salaried,Graduate,Married,54160.0,702,16065.64,0.297,1,Active
LN-104754,2021-07-19,North India,Vehicle Loan,807599.0,60,14.62,21,Salaried,High School,Divorced,28812.0,702,19052.01,0.661,0,Active
LN-105783,2021-07-19,West India,Business Loan,625051.0,60,11.45,28,Salaried,Post-Graduate,Single,53533.0,605,13730.82,0.256,0,Fully Paid
LN-105815,2021-07-19,West India,Agriculture Loan,385201.0,24,8.94,41,Salaried,Post-Graduate,Divorced,92271.0,737,17587.21,0.191,0,Fully Paid
LN-106676,2021-07-19,Central India,Agriculture Loan,841392.0,36,15.75,22,Self-Employed,High School,Married,21086.0,585,29477.1,1.398,5,Defaulted
LN-106757,2021-07-19,Central India,Personal Loan,174932.0,36,18.21,38,Salaried,Post-Graduate,Divorced,95446.0,719,6342.65,0.066,1,Active
LN-102202,2021-07-20,North India,Home Loan,3029285.0,120,14.42,33,Unemployed,Below High School,Single,6554.0,479,47802.62,7.294,5,Written Off
LN-102610,2021-07-20,West India,Business Loan,3518369.0,36,9.27,70,Self-Employed,High School,Married,36485.0,673,112325.84,3.079,0,Fully Paid
LN-102664,2021-07-20,Central India,Personal Loan,467856.0,36,12.57,39,Business Owner,Professional Degree,Single,217649.0,716,15667.19,0.072,0,Fully Paid
LN-103416,2021-07-20,South India,Education Loan,666067.0,60,8.07,37,Salaried,Professional Degree,Single,68647.0,807,13527.76,0.197,0,Fully Paid
LN-102247,2021-07-21,East India,Vehicle Loan,1146355.0,60,9.51,41,Self-Employed,Post-Graduate,Married,62275.0,649,24081.19,0.387,0,Fully Paid
LN-102505,2021-07-21,West India,Home Loan,2764914.0,300,17.09,33,Salaried,Below High School,Single,19710.0,651,39951.23,2.027,1,Active
LN-104430,2021-07-22,East India,Personal Loan,118464.0,12,17.53,41,Retired,High School,Divorced,36610.0,635,10834.3,0.296,0,Fully Paid
LN-102461,2021-07-23,Central India,Home Loan,2800180.0,300,18.28,21,Self-Employed,Professional Degree,Married,83884.0,716,43118.35,0.514,0,Active
LN-103187,2021-07-23,East India,Home Loan,4684536.0,300,11.2,31,Business Owner,Post-Graduate,Single,107733.0,786,46592.67,0.432,3,Defaulted
LN-105841,2021-07-23,South India,Education Loan,1581364.0,120,16.58,59,Self-Employed,High School,Divorced,39227.0,676,27064.32,0.69,0,Active
LN-106865,2021-07-23,West India,Home Loan,4633468.0,300,10.14,21,Salaried,Graduate,Married,65126.0,717,42562.5,0.654,0,Active
LN-106011,2021-07-24,North India,Home Loan,3966118.0,240,14.87,33,Retired,High School,Married,20385.0,747,51844.87,2.543,0,Active
LN-101909,2021-07-25,North India,Business Loan,2894522.0,84,15.95,43,Self-Employed,Graduate,Married,66670.0,550,57408.78,0.861,2,Active
LN-102429,2021-07-25,South India,Home Loan,4573240.0,300,17.92,25,Salaried,Post-Graduate,Single,92836.0,761,69103.27,0.744,0,Active
LN-103204,2021-07-25,Central India,Personal Loan,464960.0,36,8.14,53,Self-Employed,Graduate,Single,66283.0,641,14600.2,0.22,0,Fully Paid
LN-104853,2021-07-25,West India,Gold Loan,428796.0,12,8.51,34,Salaried,High School,Married,19272.0,700,37401.48,1.941,0,Fully Paid
LN-105744,2021-07-25,Central India,Home Loan,4281941.0,180,17.19,25,Retired,Professional Degree,Single,98515.0,613,66476.71,0.675,12,Written Off
LN-105936,2021-07-25,East India,Education Loan,1870101.0,60,13.45,35,Retired,Graduate,Single,49289.0,520,42982.58,0.872,3,Restructured
LN-102768,2021-07-27,North India,Personal Loan,225932.0,36,13.09,28,Self-Employed,Graduate,Divorced,43359.0,637,7622.34,0.176,0,Active
LN-103494,2021-07-27,West India,Home Loan,4528961.0,120,14.87,34,Business Owner,Graduate,Divorced,82492.0,673,72707.84,0.881,1,Active
LN-106146,2021-07-27,West India,Home Loan,4789196.0,300,16.64,23,Business Owner,Professional Degree,Divorced,128034.0,667,67494.14,0.527,0,Active
LN-102046,2021-07-28,East India,Gold Loan,539352.0,6,8.56,27,Self-Employed,Graduate,Single,69610.0,711,92149.6,1.324,0,Active
LN-102535,2021-07-29,South India,Home Loan,2620176.0,300,11.0,46,Self-Employed,Post-Graduate,Single,71701.0,651,25680.69,0.358,12,Written Off
LN-103941,2021-07-29,West India,Vehicle Loan,1153288.0,72,13.23,31,Self-Employed,High School,Single,38563.0,663,23291.46,0.604,0,Active
LN-104772,2021-07-29,Central India,Home Loan,3866836.0,180,16.19,37,Salaried,High School,Married,33847.0,741,57305.32,1.693,3,Written Off
LN-100309,2021-07-30,West India,Gold Loan,340557.0,12,10.07,25,Salaried,Professional Degree,Divorced,93941.0,753,29951.46,0.319,0,Fully Paid
LN-100890,2021-07-30,Central India,Home Loan,1901871.0,180,17.55,38,Salaried,Graduate,Divorced,69659.0,741,30014.39,0.431,0,Active
LN-102280,2021-07-30,South India,Education Loan,1705911.0,36,7.96,50,Salaried,Post-Graduate,Divorced,55337.0,760,53425.58,0.965,0,Fully Paid
LN-102476,2021-07-30,North India,Home Loan,1842810.0,300,18.28,50,Self-Employed,High School,Married,29656.0,569,28376.36,0.957,8,Defaulted
LN-103014,2021-07-30,West India,Personal Loan,167056.0,48,17.91,53,Self-Employed,High School,Married,31145.0,661,4899.42,0.157,0,Fully Paid
LN-105029,2021-07-30,East India,Business Loan,928647.0,36,11.27,41,Self-Employed,Graduate,Divorced,48179.0,671,30521.59,0.634,0,Fully Paid
LN-105496,2021-07-30,West India,Personal Loan,471707.0,48,9.32,31,Business Owner,High School,Married,29747.0,642,11810.25,0.397,12,Defaulted
LN-100290,2021-07-31,West India,Vehicle Loan,1016299.0,72,11.6,22,Salaried,Graduate,Single,47700.0,757,19658.08,0.412,0,Active
LN-103858,2021-07-31,West India,Agriculture Loan,597582.0,12,8.94,23,Salaried,High School,Divorced,27346.0,754,52242.8,1.91,0,Fully Paid
LN-100117,2021-08-01,North India,Personal Loan,198135.0,24,17.17,25,Salaried,Below High School,Married,13056.0,689,9812.44,0.752,0,Fully Paid
LN-100357,2021-08-01,West India,Personal Loan,443435.0,24,12.75,34,Business Owner,Professional Degree,Divorced,188602.0,698,21029.67,0.112,0,Fully Paid
LN-103516,2021-08-01,East India,Home Loan,1825695.0,180,10.93,26,Self-Employed,Below High School,Single,19392.0,678,20670.61,1.066,8,Defaulted
LN-104887,2021-08-01,East India,Home Loan,1964670.0,180,15.53,33,Self-Employed,Graduate,Single,39651.0,504,28213.93,0.712,12,Defaulted
LN-106809,2021-08-01,West India,Gold Loan,579013.0,12,17.23,27,Salaried,Professional Degree,Single,93242.0,674,52871.96,0.567,0,Fully Paid
LN-100724,2021-08-02,Central India,Home Loan,3490342.0,180,8.62,56,Retired,High School,Married,39408.0,620,34616.73,0.878,5,Defaulted
LN-101287,2021-08-02,North India,Education Loan,701623.0,84,17.22,29,Self-Employed,High School,Married,30682.0,688,14427.58,0.47,1,Active
LN-106800,2021-08-02,East India,Home Loan,2914287.0,300,10.22,32,Salaried,Professional Degree,Married,115558.0,732,26935.45,0.233,5,Restructured
LN-101416,2021-08-03,East India,Home Loan,3162722.0,120,15.59,44,Unemployed,Graduate,Single,10046.0,620,52174.48,5.194,1,Active
LN-101961,2021-08-03,North India,Vehicle Loan,728467.0,72,15.8,37,Self-Employed,Graduate,Married,46194.0,662,15721.68,0.34,1,Active
LN-102221,2021-08-03,North India,Vehicle Loan,1124890.0,72,7.58,42,Salaried,Professional Degree,Married,79078.0,715,19493.08,0.247,1,Active
LN-103215,2021-08-03,West India,Business Loan,811519.0,24,9.71,42,Salaried,Graduate,Single,35295.0,655,37338.96,1.058,1,Active
LN-104341,2021-08-03,East India,Vehicle Loan,283953.0,60,10.08,33,Business Owner,Professional Degree,Divorced,213673.0,716,6044.35,0.028,1,Active
LN-104947,2021-08-03,Central India,Business Loan,1311221.0,24,13.51,36,Self-Employed,Graduate,Divorced,55626.0,684,62652.4,1.126,10,Defaulted
LN-102189,2021-08-04,West India,Vehicle Loan,630583.0,36,17.93,40,Salaried,High School,Divorced,33451.0,656,22774.95,0.681,0,Fully Paid
LN-102580,2021-08-04,South India,Business Loan,3914157.0,60,14.22,43,Self-Employed,Post-Graduate,Single,49300.0,830,91522.64,1.856,1,Active
LN-102756,2021-08-04,South India,Gold Loan,388802.0,24,12.04,34,Business Owner,Graduate,Divorced,91087.0,696,18309.52,0.201,0,Fully Paid
LN-103370,2021-08-04,West India,Home Loan,2275725.0,180,16.72,37,Salaried,Graduate,Married,40520.0,685,34572.9,0.853,3,Restructured
LN-104498,2021-08-04,North India,Home Loan,2067046.0,180,15.79,35,Salaried,Post-Graduate,Married,107708.0,754,30056.62,0.279,0,Active
LN-105742,2021-08-04,South India,Vehicle Loan,918680.0,48,9.56,36,Unemployed,Post-Graduate,Married,34301.0,594,23106.45,0.674,0,Fully Paid
LN-106302,2021-08-05,South India,Personal Loan,150539.0,36,18.39,30,Business Owner,Graduate,Married,79210.0,642,5471.84,0.069,3,Active
LN-103861,2021-08-06,North India,Gold Loan,286962.0,12,15.1,26,Business Owner,Graduate,Single,56375.0,736,25914.25,0.46,0,Fully Paid
LN-105180,2021-08-06,South India,Gold Loan,298146.0,24,17.66,22,Business Owner,Graduate,Divorced,66250.0,802,14835.74,0.224,0,Fully Paid
LN-101190,2021-08-07,West India,Gold Loan,472638.0,6,10.38,41,Salaried,Professional Degree,Single,151829.0,647,81174.97,0.535,3,Active
LN-105961,2021-08-07,West India,Home Loan,2416088.0,120,10.72,53,Salaried,Graduate,Single,40001.0,729,32899.83,0.822,0,Active
LN-106582,2021-08-07,North India,Home Loan,5259285.0,300,17.35,33,Salaried,High School,Divorced,30995.0,724,77079.64,2.487,1,Active
LN-103680,2021-08-08,East India,Personal Loan,198774.0,48,15.02,29,Retired,High School,Single,35828.0,610,5534.04,0.154,1,Active
LN-104432,2021-08-08,Central India,Education Loan,500188.0,60,12.34,63,Salaried,Post-Graduate,Single,73404.0,813,11212.54,0.153,1,Active
LN-101696,2021-08-09,West India,Personal Loan,245687.0,12,13.84,45,Salaried,Post-Graduate,Married,87362.0,706,22041.04,0.252,0,Fully Paid
LN-104757,2021-08-09,South India,Home Loan,2525013.0,300,16.18,31,Self-Employed,High School,Married,24404.0,546,34669.27,1.421,6,Restructured
LN-100189,2021-08-10,West India,Vehicle Loan,447265.0,36,8.51,41,Salaried,High School,Divorced,23213.0,768,14121.13,0.608,0,Fully Paid
LN-101554,2021-08-10,South India,Vehicle Loan,606390.0,48,10.09,30,Salaried,Post-Graduate,Divorced,63403.0,802,15405.84,0.243,0,Fully Paid
LN-101710,2021-08-10,North India,Home Loan,4889682.0,240,13.97,44,Business Owner,Graduate,Single,63350.0,746,60697.7,0.958,0,Active
LN-103578,2021-08-10,Central India,Home Loan,4288642.0,240,9.93,52,Salaried,High School,Married,23330.0,678,41187.62,1.765,0,Active
LN-104713,2021-08-10,West India,Home Loan,3215631.0,120,12.63,29,Retired,High School,Divorced,29111.0,584,47313.62,1.625,12,Defaulted
LN-104930,2021-08-10,East India,Home Loan,5882985.0,180,11.38,27,Salaried,Graduate,Single,57862.0,673,68276.28,1.18,0,Active
LN-104972,2021-08-10,East India,Business Loan,1753923.0,60,17.67,31,Salaried,Graduate,Single,61879.0,676,44223.85,0.715,1,Active
LN-105568,2021-08-10,North India,Gold Loan,364153.0,6,8.94,40,Salaried,Post-Graduate,Married,75404.0,619,62284.5,0.826,0,Fully Paid
LN-100324,2021-08-11,West India,Personal Loan,56962.0,12,14.36,56,Self-Employed,Post-Graduate,Single,87378.0,750,5124.11,0.059,0,Fully Paid
LN-102312,2021-08-11,North India,Home Loan,2848479.0,300,15.78,41,Salaried,High School,Divorced,28365.0,772,38216.29,1.347,6,Defaulted
LN-103020,2021-08-11,South India,Vehicle Loan,581932.0,36,17.42,52,Business Owner,Graduate,Single,61853.0,698,20869.31,0.337,0,Fully Paid
LN-105174,2021-08-11,East India,Education Loan,938076.0,84,16.66,58,Retired,Graduate,Single,57246.0,678,18986.47,0.332,0,Active
LN-106587,2021-08-11,North India,Vehicle Loan,283730.0,72,16.86,49,Salaried,High School,Divorced,19702.0,621,6289.75,0.319,1,Active
LN-100113,2021-08-12,East India,Personal Loan,90378.0,12,17.89,24,Retired,Graduate,Married,71564.0,665,8281.12,0.116,0,Fully Paid
LN-104598,2021-08-12,North India,Home Loan,3125955.0,180,13.35,21,Unemployed,Graduate,Single,14805.0,614,40273.52,2.72,5,Defaulted
LN-101983,2021-08-13,East India,Education Loan,435940.0,60,16.49,35,Unemployed,Graduate,Married,19628.0,569,10715.05,0.546,12,Defaulted
LN-104069,2021-08-13,South India,Education Loan,1771860.0,120,8.22,38,Salaried,Graduate,Single,61053.0,722,21704.08,0.355,11,Written Off
LN-105887,2021-08-13,Central India,Home Loan,3147518.0,240,16.6,42,Self-Employed,Graduate,Married,39102.0,596,45212.86,1.156,7,Defaulted
LN-100082,2021-08-14,North India,Vehicle Loan,306264.0,72,10.86,21,Self-Employed,Graduate,Divorced,39985.0,694,5807.52,0.145,0,Active
LN-100469,2021-08-14,North India,Vehicle Loan,1169425.0,72,12.04,43,Self-Employed,Below High School,Divorced,18009.0,674,22886.82,1.271,1,Active
LN-103289,2021-08-14,South India,Education Loan,1699104.0,60,15.21,21,Self-Employed,High School,Divorced,30368.0,688,40609.1,1.337,1,Active
LN-104380,2021-08-15,South India,Personal Loan,307941.0,36,16.55,38,Unemployed,Below High School,Married,4533.0,592,10910.09,2.407,8,Written Off
LN-105778,2021-08-15,Central India,Education Loan,1521828.0,120,11.44,30,Salaried,Graduate,Married,53155.0,552,21344.0,0.402,3,Active
LN-101151,2021-08-16,South India,Business Loan,810162.0,24,12.36,43,Salaried,Graduate,Divorced,64486.0,656,38273.48,0.594,0,Active
LN-102320,2021-08-16,Central India,Education Loan,926213.0,60,11.25,27,Self-Employed,High School,Married,36826.0,708,20253.78,0.55,0,Active
LN-102589,2021-08-16,East India,Personal Loan,161990.0,24,17.31,39,Business Owner,Post-Graduate,Divorced,82343.0,671,8033.3,0.098,0,Fully Paid
LN-102844,2021-08-16,North India,Home Loan,5473286.0,120,9.8,29,Salaried,Professional Degree,Divorced,151004.0,796,71725.07,0.475,1,Active
LN-103531,2021-08-16,East India,Gold Loan,455401.0,24,12.85,37,Business Owner,High School,Divorced,43016.0,629,21618.52,0.503,0,Fully Paid
LN-100938,2021-08-17,East India,Personal Loan,375410.0,12,18.35,43,Retired,Graduate,Divorced,47680.0,713,34480.15,0.723,0,Active
LN-103287,2021-08-17,East India,Education Loan,1364553.0,120,10.6,38,Salaried,Below High School,Single,25529.0,710,18489.09,0.724,6,Defaulted
LN-104652,2021-08-17,South India,Home Loan,4339457.0,300,7.72,49,Salaried,High School,Divorced,27056.0,685,32691.75,1.208,0,Active
LN-101126,2021-08-18,South India,Home Loan,3362537.0,180,9.21,51,Self-Employed,Graduate,Married,48731.0,750,34526.43,0.709,1,Active
LN-101419,2021-08-18,Central India,Vehicle Loan,261833.0,36,13.81,52,Self-Employed,Graduate,Married,58231.0,629,8924.69,0.153,0,Fully Paid
LN-104075,2021-08-18,South India,Personal Loan,416403.0,36,8.2,39,Retired,Graduate,Single,38290.0,597,13087.01,0.342,0,Fully Paid
LN-104777,2021-08-18,North India,Vehicle Loan,286231.0,48,10.18,32,Salaried,High School,Married,27493.0,638,7284.33,0.265,0,Fully Paid
LN-105358,2021-08-18,West India,Agriculture Loan,631156.0,36,11.5,21,Self-Employed,Graduate,Divorced,53565.0,736,20813.0,0.389,0,Fully Paid
LN-102236,2021-08-19,Central India,Business Loan,2806389.0,60,8.04,31,Salaried,Below High School,Single,13623.0,732,56957.19,4.181,7,Defaulted
LN-104668,2021-08-19,East India,Business Loan,1878082.0,60,15.99,57,Business Owner,Graduate,Single,70329.0,871,45661.33,0.649,1,Active
LN-105404,2021-08-19,West India,Education Loan,1355460.0,36,15.56,66,Business Owner,Graduate,Single,102533.0,609,47360.03,0.462,0,Fully Paid
LN-105648,2021-08-19,West India,Home Loan,4439280.0,180,17.59,54,Business Owner,Post-Graduate,Divorced,116203.0,700,70185.48,0.604,0,Active
LN-105791,2021-08-19,West India,Home Loan,1824695.0,300,13.53,40,Salaried,High School,Divorced,27349.0,616,21311.04,0.779,3,Active
LN-106174,2021-08-19,East India,Home Loan,2703245.0,240,12.06,27,Self-Employed,Below High School,Divorced,27772.0,621,29878.21,1.076,3,Active
LN-100477,2021-08-20,South India,Business Loan,2691463.0,84,11.05,41,Salaried,Post-Graduate,Single,78012.0,795,46155.19,0.592,1,Active
LN-102865,2021-08-20,West India,Gold Loan,756617.0,6,13.44,39,Salaried,Graduate,Married,68926.0,712,131091.94,1.902,4,Restructured
LN-102894,2021-08-20,Central India,Business Loan,4538336.0,84,17.92,38,Self-Employed,Graduate,Married,53413.0,598,95173.32,1.782,1,Active
LN-103339,2021-08-20,East India,Business Loan,4136717.0,36,12.94,27,Business Owner,Professional Degree,Divorced,139418.0,713,139262.82,0.999,0,Active
LN-104037,2021-08-20,East India,Personal Loan,438944.0,24,15.05,37,Business Owner,Graduate,Divorced,88503.0,741,21293.35,0.241,0,Fully Paid
LN-104679,2021-08-20,South India,Business Loan,1981370.0,60,8.14,49,Retired,Graduate,Married,37021.0,633,40307.93,1.089,3,Restructured
LN-106252,2021-08-20,West India,Agriculture Loan,471427.0,24,17.94,21,Self-Employed,High School,Married,18268.0,562,23521.9,1.288,10,Written Off
LN-100541,2021-08-21,South India,Vehicle Loan,284542.0,60,8.61,53,Salaried,Graduate,Single,45882.0,718,5852.91,0.128,1,Active
LN-105494,2021-08-21,West India,Home Loan,3868631.0,240,15.38,59,Business Owner,Professional Degree,Married,120502.0,759,52031.24,0.432,7,Written Off
LN-100009,2021-08-22,East India,Education Loan,1693790.0,36,12.7,21,Salaried,High School,Married,31674.0,642,56826.04,1.794,8,Written Off
LN-101689,2021-08-22,North India,Education Loan,1512507.0,36,8.25,21,Business Owner,Professional Degree,Divorced,117473.0,716,47571.1,0.405,0,Fully Paid
LN-102759,2021-08-22,South India,Business Loan,3232457.0,36,16.84,37,Salaried,Post-Graduate,Single,101801.0,754,114988.67,1.13,12,Defaulted
LN-102978,2021-08-22,West India,Personal Loan,493003.0,48,10.18,25,Retired,Graduate,Divorced,39754.0,563,12546.49,0.316,1,Active
LN-100458,2021-08-23,East India,Vehicle Loan,517797.0,72,8.04,37,Business Owner,Graduate,Married,87121.0,643,9088.78,0.104,0,Active
LN-101967,2021-08-23,West India,Vehicle Loan,528197.0,36,9.27,41,Self-Employed,Post-Graduate,Single,98972.0,673,16862.98,0.17,0,Fully Paid
LN-104753,2021-08-23,South India,Gold Loan,494811.0,6,14.65,46,Salaried,Graduate,Single,44784.0,697,86027.94,1.921,0,Fully Paid
LN-102764,2021-08-24,Central India,Personal Loan,257966.0,12,10.51,56,Salaried,Post-Graduate,Married,59626.0,739,22740.54,0.381,0,Active
LN-105018,2021-08-24,West India,Education Loan,358832.0,120,8.98,39,Salaried,Below High School,Single,25095.0,648,4541.65,0.181,0,Active
LN-106449,2021-08-24,West India,Education Loan,1576850.0,36,7.56,25,Salaried,Graduate,Married,55985.0,714,49093.3,0.877,0,Fully Paid
LN-102358,2021-08-25,Central India,Gold Loan,257533.0,24,8.04,32,Salaried,Graduate,Single,56992.0,667,11652.22,0.204,0,Fully Paid
LN-102728,2021-08-25,North India,Gold Loan,426569.0,12,13.6,40,Salaried,Graduate,Married,34131.0,665,38220.16,1.12,2,Restructured
LN-103976,2021-08-25,North India,Personal Loan,422397.0,12,8.71,38,Salaried,Post-Graduate,Divorced,95421.0,813,36882.46,0.387,0,Active
LN-106389,2021-08-25,Central India,Agriculture Loan,500536.0,24,11.98,21,Retired,Graduate,Single,33688.0,528,23557.29,0.699,0,Fully Paid
LN-106426,2021-08-25,Central India,Gold Loan,524480.0,12,11.63,42,Salaried,Graduate,Single,33746.0,628,46508.68,1.378,0,Fully Paid
LN-102037,2021-08-26,South India,Home Loan,4591717.0,300,12.24,51,Self-Employed,Graduate,Married,60671.0,645,49177.35,0.811,12,Written Off
LN-102823,2021-08-26,Central India,Home Loan,4416873.0,180,16.89,56,Retired,Post-Graduate,Divorced,72817.0,770,67631.82,0.929,0,Active
LN-104412,2021-08-26,South India,Personal Loan,497487.0,24,14.74,37,Salaried,Professional Degree,Married,147002.0,770,24060.07,0.164,0,Fully Paid
LN-105356,2021-08-26,Central India,Vehicle Loan,758372.0,48,13.92,46,Salaried,High School,Married,20822.0,635,20693.21,0.994,0,Fully Paid
LN-100473,2021-08-27,West India,Business Loan,2065512.0,24,15.49,28,Salaried,High School,Single,18488.0,751,100631.29,5.443,0,Fully Paid
LN-100491,2021-08-27,Central India,Vehicle Loan,933972.0,72,8.05,26,Salaried,Professional Degree,Married,85320.0,669,16398.37,0.192,1,Active
LN-101320,2021-08-27,North India,Agriculture Loan,330432.0,24,16.28,21,Business Owner,Graduate,Married,110520.0,740,16223.22,0.147,0,Fully Paid
LN-100766,2021-08-28,West India,Home Loan,4175090.0,120,9.47,33,Salaried,Post-Graduate,Divorced,89170.0,771,53956.09,0.605,1,Active
LN-100780,2021-08-28,West India,Business Loan,2780371.0,36,10.01,27,Self-Employed,Graduate,Divorced,42913.0,662,89727.81,2.091,0,Fully Paid
LN-102462,2021-08-28,North India,Education Loan,1963015.0,120,18.4,35,Salaried,Professional Degree,Married,74975.0,731,35877.69,0.479,0,Active
LN-104168,2021-08-28,West India,Vehicle Loan,992681.0,72,14.82,62,Retired,Graduate,Divorced,36678.0,720,20893.34,0.57,9,Written Off
LN-105395,2021-08-28,South India,Education Loan,1672913.0,120,7.83,52,Salaried,Post-Graduate,Single,53608.0,685,20147.09,0.376,0,Active
LN-104083,2021-08-29,Central India,Home Loan,5259124.0,180,12.23,39,Salaried,Post-Graduate,Divorced,76821.0,705,63898.61,0.832,1,Active
LN-104217,2021-08-29,South India,Gold Loan,430167.0,12,7.68,21,Salaried,Post-Graduate,Single,86175.0,794,37355.94,0.433,0,Fully Paid
LN-100310,2021-08-30,Central India,Education Loan,730483.0,120,13.37,22,Self-Employed,Graduate,Married,35160.0,628,11066.89,0.315,2,Active
LN-100856,2021-08-30,West India,Personal Loan,329837.0,36,12.26,41,Business Owner,High School,Married,26797.0,611,10996.31,0.41,0,Fully Paid
LN-100136,2021-08-31,North India,Home Loan,5460401.0,180,14.73,35,Salaried,Graduate,Married,42458.0,641,75415.81,1.776,6,Defaulted
LN-100419,2021-08-31,West India,Gold Loan,552062.0,12,14.2,52,Salaried,Graduate,Single,32717.0,773,49620.02,1.517,0,Active
LN-101934,2021-08-31,East India,Gold Loan,58365.0,24,15.11,42,Retired,Graduate,Married,40462.0,675,2832.97,0.07,0,Fully Paid
LN-102039,2021-08-31,East India,Personal Loan,392223.0,48,16.67,48,Salaried,Graduate,Married,60017.0,733,11250.76,0.187,0,Fully Paid
LN-102073,2021-08-31,South India,Agriculture Loan,960971.0,36,17.25,31,Self-Employed,Professional Degree,Married,126428.0,762,34380.92,0.272,0,Fully Paid
LN-104099,2021-08-31,East India,Agriculture Loan,121936.0,24,16.94,51,Salaried,Post-Graduate,Single,71997.0,736,6025.28,0.084,0,Fully Paid
LN-102781,2021-09-01,West India,Personal Loan,59476.0,48,15.18,25,Self-Employed,Professional Degree,Married,103847.0,595,1660.69,0.016,0,Fully Paid
LN-104617,2021-09-01,South India,Personal Loan,340969.0,36,10.14,48,Self-Employed,Post-Graduate,Divorced,95330.0,747,11024.54,0.116,0,Fully Paid
LN-104931,2021-09-01,South India,Personal Loan,90674.0,12,9.93,29,Retired,Graduate,Divorced,45617.0,664,7968.73,0.175,0,Fully Paid
LN-105101,2021-09-02,West India,Business Loan,3147902.0,84,13.75,31,Salaried,Graduate,Married,49415.0,656,58557.84,1.185,0,Active
LN-101330,2021-09-03,South India,Agriculture Loan,668575.0,12,8.91,50,Retired,Below High School,Single,21598.0,538,58439.97,2.706,0,Fully Paid
LN-101486,2021-09-03,North India,Business Loan,2696008.0,60,9.25,21,Salaried,Graduate,Divorced,41281.0,655,56292.37,1.364,1,Active
LN-101656,2021-09-03,East India,Vehicle Loan,424584.0,72,18.44,31,Retired,Graduate,Single,52159.0,607,9789.73,0.188,3,Active
LN-104516,2021-09-03,West India,Personal Loan,479246.0,48,14.69,28,Unemployed,Graduate,Single,10388.0,561,13262.59,1.277,0,Fully Paid
LN-106617,2021-09-03,West India,Business Loan,3330496.0,36,16.0,52,Salaried,Graduate,Single,32432.0,678,117090.36,3.61,0,Fully Paid
LN-101890,2021-09-04,West India,Agriculture Loan,951819.0,12,11.86,39,Business Owner,High School,Divorced,58533.0,838,84505.64,1.444,0,Fully Paid
LN-102885,2021-09-04,Central India,Home Loan,4938864.0,300,14.03,49,Retired,Graduate,Divorced,65543.0,768,59565.53,0.909,0,Active
LN-101094,2021-09-05,South India,Gold Loan,62305.0,12,14.91,32,Business Owner,Professional Degree,Divorced,133774.0,700,5620.9,0.042,0,Fully Paid
LN-101855,2021-09-05,South India,Agriculture Loan,145880.0,36,12.49,31,Self-Employed,Post-Graduate,Single,94446.0,643,4879.52,0.052,0,Fully Paid
LN-103667,2021-09-05,North India,Gold Loan,289986.0,12,16.21,23,Self-Employed,Professional Degree,Married,151578.0,689,26339.5,0.174,0,Fully Paid
LN-106521,2021-09-05,South India,Gold Loan,657676.0,24,12.57,40,Retired,Graduate,Divorced,66996.0,737,31134.45,0.465,0,Fully Paid
LN-106815,2021-09-05,West India,Personal Loan,483845.0,12,15.27,38,Salaried,Post-Graduate,Married,67408.0,720,43732.7,0.649,3,Defaulted
LN-101185,2021-09-06,West India,Home Loan,4155910.0,300,11.2,44,Self-Employed,Graduate,Single,56459.0,631,41334.93,0.732,7,Written Off
LN-103733,2021-09-06,South India,Personal Loan,441704.0,48,8.51,34,Self-Employed,Graduate,Divorced,32802.0,638,10889.34,0.332,0,Fully Paid
LN-103957,2021-09-06,East India,Agriculture Loan,594847.0,12,8.1,38,Salaried,High School,Married,29823.0,590,51772.31,1.736,3,Active
LN-102045,2021-09-07,West India,Education Loan,1251511.0,60,11.01,30,Self-Employed,Graduate,Single,31935.0,533,27217.12,0.852,5,Restructured
LN-104079,2021-09-07,West India,Gold Loan,780069.0,12,9.22,40,Salaried,Post-Graduate,Married,105009.0,654,68297.79,0.65,0,Fully Paid
LN-102415,2021-09-08,West India,Personal Loan,58486.0,48,16.63,21,Self-Employed,Post-Graduate,Single,51532.0,533,1676.44,0.033,3,Active
LN-104043,2021-09-08,Central India,Home Loan,2493222.0,240,7.97,42,Retired,Professional Degree,Married,86054.0,673,20807.78,0.242,1,Active
LN-104082,2021-09-08,South India,Personal Loan,235171.0,48,8.59,26,Self-Employed,Below High School,Married,12797.0,740,5806.56,0.454,0,Fully Paid
LN-104703,2021-09-08,West India,Vehicle Loan,695139.0,48,14.97,21,Self-Employed,High School,Divorced,21864.0,648,19335.67,0.884,0,Fully Paid
LN-102815,2021-09-09,Central India,Vehicle Loan,965216.0,72,9.94,31,Business Owner,Professional Degree,Married,221389.0,641,17852.24,0.081,1,Active
LN-105662,2021-09-10,West India,Vehicle Loan,437523.0,48,14.19,46,Business Owner,High School,Single,41964.0,684,11997.7,0.286,0,Fully Paid
LN-106392,2021-09-10,South India,Gold Loan,297277.0,6,18.28,47,Salaried,Post-Graduate,Single,97331.0,753,52221.08,0.537,7,Written Off
LN-101929,2021-09-11,Central India,Personal Loan,123205.0,48,16.22,56,Salaried,Professional Degree,Single,82652.0,763,3505.56,0.042,0,Active
LN-103707,2021-09-11,Central India,Business Loan,3348390.0,84,17.11,42,Self-Employed,Post-Graduate,Married,95602.0,633,68640.07,0.718,3,Restructured
LN-103777,2021-09-11,West India,Gold Loan,70627.0,6,17.52,49,Self-Employed,Graduate,Single,36563.0,653,12379.94,0.339,0,Fully Paid
LN-104933,2021-09-11,East India,Business Loan,3079350.0,60,17.5,47,Salaried,Post-Graduate,Divorced,91134.0,679,77360.09,0.849,0,Active
LN-106648,2021-09-11,West India,Education Loan,1423390.0,36,14.81,41,Salaried,Post-Graduate,Divorced,82596.0,670,49209.95,0.596,6,Defaulted
LN-100671,2021-09-12,East India,Personal Loan,88643.0,12,17.4,63,Business Owner,Graduate,Single,67826.0,706,8101.5,0.119,0,Fully Paid
LN-102940,2021-09-12,Central India,Home Loan,4859948.0,180,18.11,41,Unemployed,Graduate,Married,10219.0,655,78650.56,7.697,4,Restructured
LN-104070,2021-09-12,East India,Gold Loan,269267.0,24,9.61,33,Salaried,Post-Graduate,Divorced,54328.0,766,12376.89,0.228,0,Fully Paid
LN-104196,2021-09-12,West India,Vehicle Loan,680115.0,60,13.69,34,Salaried,Professional Degree,Single,137059.0,651,15715.99,0.115,1,Active
LN-100436,2021-09-13,West India,Business Loan,3614018.0,24,10.22,26,Self-Employed,Professional Degree,Single,116580.0,751,167135.8,1.434,0,Fully Paid
LN-100661,2021-09-13,East India,Agriculture Loan,227129.0,12,8.52,28,Business Owner,Professional Degree,Single,223269.0,730,19812.25,0.089,0,Fully Paid
LN-101685,2021-09-13,North India,Gold Loan,378038.0,6,14.41,21,Salaried,Professional Degree,Divorced,127821.0,616,65680.78,0.514,0,Fully Paid
LN-103607,2021-09-13,Central India,Personal Loan,64694.0,12,12.32,32,Business Owner,Post-Graduate,Married,118221.0,735,5757.67,0.049,0,Fully Paid
LN-105674,2021-09-13,West India,Gold Loan,610153.0,6,11.97,36,Salaried,Graduate,Single,47860.0,754,105271.86,2.2,9,Defaulted
LN-105771,2021-09-13,East India,Vehicle Loan,360578.0,48,10.65,54,Salaried,High School,Married,37218.0,648,9258.16,0.249,0,Fully Paid
LN-105809,2021-09-13,West India,Gold Loan,165933.0,12,15.59,23,Self-Employed,Post-Graduate,Divorced,73960.0,552,15023.07,0.203,0,Fully Paid
LN-100141,2021-09-14,East India,Gold Loan,83518.0,24,10.51,31,Salaried,Professional Degree,Married,67233.0,749,3873.62,0.058,0,Fully Paid
LN-101084,2021-09-14,West India,Business Loan,3102309.0,36,10.5,45,Business Owner,Professional Degree,Single,198137.0,753,100832.62,0.509,0,Fully Paid
LN-101742,2021-09-14,West India,Business Loan,1323999.0,60,15.58,23,Self-Employed,Graduate,Married,37669.0,644,31902.37,0.847,2,Active
LN-104451,2021-09-14,North India,Business Loan,1278801.0,24,12.64,35,Business Owner,Professional Degree,Single,106684.0,757,60580.52,0.568,0,Fully Paid
LN-104622,2021-09-14,South India,Home Loan,2187305.0,180,17.38,50,Self-Employed,Graduate,Married,34479.0,668,34253.54,0.993,0,Active
LN-104665,2021-09-14,South India,Vehicle Loan,904294.0,60,15.92,30,Self-Employed,Graduate,Married,45844.0,624,21952.25,0.479,2,Active
LN-100646,2021-09-15,Central India,Vehicle Loan,1193784.0,36,9.15,53,Business Owner,Graduate,Divorced,50954.0,764,38045.41,0.747,0,Fully Paid
LN-105352,2021-09-15,West India,Personal Loan,116527.0,48,18.25,51,Salaried,Professional Degree,Divorced,148903.0,755,3438.22,0.023,0,Fully Paid
LN-105555,2021-09-15,North India,Home Loan,2259941.0,180,8.89,37,Salaried,Graduate,Married,61456.0,793,22774.18,0.371,1,Active
LN-105559,2021-09-15,West India,Personal Loan,140205.0,36,7.5,47,Self-Employed,Graduate,Married,59055.0,707,4361.25,0.074,0,Fully Paid
LN-100795,2021-09-16,Central India,Education Loan,264391.0,60,15.24,37,Salaried,Graduate,Married,35729.0,717,6323.2,0.177,0,Active
LN-103709,2021-09-16,West India,Personal Loan,70970.0,48,15.6,45,Self-Employed,Professional Degree,Divorced,120980.0,535,1996.8,0.017,0,Active
LN-105960,2021-09-16,East India,Personal Loan,60385.0,12,13.54,34,Salaried,Post-Graduate,Divorced,93976.0,771,5408.73,0.058,0,Fully Paid
LN-106015,2021-09-16,North India,Home Loan,2899429.0,180,16.16,43,Salaried,Graduate,Divorced,40847.0,705,42907.82,1.05,12,Defaulted
LN-103052,2021-09-17,West India,Education Loan,1007743.0,84,15.47,38,Salaried,Post-Graduate,Married,73091.0,800,19712.86,0.27,1,Active
LN-103499,2021-09-17,North India,Business Loan,3566935.0,84,12.99,38,Salaried,Post-Graduate,Married,49035.0,717,64870.16,1.323,6,Restructured
LN-104837,2021-09-17,West India,Personal Loan,439581.0,36,8.42,38,Retired,Graduate,Married,34768.0,646,13860.2,0.399,0,Active
LN-106108,2021-09-17,South India,Home Loan,3314992.0,300,10.65,26,Salaried,Professional Degree,Married,95491.0,649,31655.36,0.332,2,Active
LN-103743,2021-09-18,South India,Business Loan,3392294.0,36,12.99,23,Retired,Professional Degree,Divorced,81635.0,714,114283.45,1.4,0,Fully Paid
LN-104197,2021-09-18,South India,Home Loan,3637715.0,300,18.4,37,Salaried,Graduate,Single,71926.0,717,56365.0,0.784,1,Active
LN-105086,2021-09-18,West India,Home Loan,2399485.0,120,7.88,34,Salaried,Graduate,Single,49304.0,753,28960.45,0.587,5,Restructured
LN-100083,2021-09-19,Central India,Personal Loan,366936.0,12,15.81,30,Business Owner,Professional Degree,Divorced,106099.0,687,33259.44,0.313,0,Fully Paid
LN-104879,2021-09-19,West India,Gold Loan,753653.0,12,18.49,51,Salaried,Graduate,Married,41575.0,717,69270.77,1.666,1,Active
LN-106684,2021-09-19,East India,Personal Loan,155331.0,36,16.05,43,Self-Employed,Graduate,Divorced,38233.0,638,5464.81,0.143,0,Fully Paid
LN-101221,2021-09-20,Central India,Vehicle Loan,825207.0,72,12.8,33,Salaried,Professional Degree,Married,105974.0,680,16478.31,0.155,0,Active
LN-102197,2021-09-20,Central India,Personal Loan,201245.0,36,16.89,33,Self-Employed,Post-Graduate,Divorced,93440.0,697,7163.92,0.077,0,Fully Paid
LN-105731,2021-09-20,East India,Vehicle Loan,632334.0,48,11.99,36,Salaried,High School,Divorced,20967.0,571,16648.67,0.794,3,Active
LN-101443,2021-09-21,North India,Home Loan,3452612.0,180,17.8,48,Self-Employed,Post-Graduate,Single,51688.0,713,55105.49,1.066,1,Active
LN-101860,2021-09-21,North India,Business Loan,4150697.0,24,18.28,36,Self-Employed,Post-Graduate,Single,52183.0,578,207781.8,3.982,0,Fully Paid
LN-105546,2021-09-21,South India,Personal Loan,327155.0,48,16.23,54,Retired,High School,Married,21093.0,595,9310.25,0.441,2,Active
LN-102646,2021-09-22,Central India,Vehicle Loan,1059902.0,72,15.9,33,Unemployed,Professional Degree,Divorced,41545.0,452,22932.91,0.552,4,Defaulted
LN-103273,2021-09-22,Central India,Business Loan,3061079.0,24,8.17,37,Salaried,Post-Graduate,Married,110346.0,621,138681.77,1.257,0,Fully Paid
LN-105324,2021-09-22,East India,Education Loan,1532338.0,120,14.7,35,Self-Employed,Professional Degree,Married,83835.0,749,24441.21,0.292,1,Active
LN-104844,2021-09-23,West India,Home Loan,2465723.0,120,9.95,21,Self-Employed,Graduate,Single,60447.0,573,32516.48,0.538,5,Defaulted
LN-105919,2021-09-23,West India,Business Loan,4409875.0,24,15.97,47,Salaried,Graduate,Single,56386.0,873,215857.99,3.828,0,Fully Paid
LN-101974,2021-09-24,East India,Business Loan,2691258.0,60,8.67,24,Business Owner,Post-Graduate,Divorced,155105.0,753,55436.05,0.357,1,Active
LN-103515,2021-09-24,West India,Business Loan,3152815.0,84,8.85,55,Business Owner,High School,Divorced,27648.0,760,50486.21,1.826,0,Active
LN-103878,2021-09-24,East India,Personal Loan,197766.0,48,9.8,38,Salaried,Graduate,Married,62563.0,719,4996.88,0.08,0,Fully Paid
LN-105402,2021-09-24,North India,Personal Loan,390305.0,24,11.92,32,Salaried,Below High School,Married,18895.0,715,18358.43,0.972,0,Fully Paid
LN-106595,2021-09-24,West India,Home Loan,2389816.0,300,11.33,35,Business Owner,Graduate,Divorced,57716.0,697,23995.23,0.416,1,Active
LN-106982,2021-09-24,Central India,Home Loan,5859190.0,240,8.55,33,Self-Employed,High School,Divorced,36714.0,626,51032.98,1.39,3,Active
LN-102431,2021-09-25,Central India,Personal Loan,273764.0,24,17.08,44,Self-Employed,High School,Divorced,25201.0,627,13546.04,0.538,0,Fully Paid
LN-103948,2021-09-25,Central India,Home Loan,2497415.0,180,11.3,41,Salaried,Professional Degree,Married,87821.0,723,28857.78,0.329,1,Active
LN-106424,2021-09-25,West India,Personal Loan,336897.0,24,7.58,26,Salaried,Graduate,Married,48374.0,656,15172.49,0.314,0,Fully Paid
LN-100499,2021-09-26,West India,Personal Loan,74314.0,48,10.13,36,Business Owner,High School,Single,25861.0,693,1889.44,0.073,0,Fully Paid
LN-100836,2021-09-26,East India,Business Loan,2706424.0,60,10.56,60,Salaried,Post-Graduate,Divorced,94351.0,693,58252.08,0.617,1,Active
LN-100884,2021-09-26,South India,Gold Loan,483551.0,24,10.92,43,Salaried,Graduate,Single,34117.0,733,22519.31,0.66,0,Fully Paid
LN-101279,2021-09-26,North India,Personal Loan,226054.0,36,13.72,41,Salaried,Post-Graduate,Single,73642.0,726,7695.28,0.104,0,Fully Paid
LN-102030,2021-09-26,East India,Business Loan,3930735.0,36,16.29,48,Business Owner,Professional Degree,Divorced,227162.0,709,138756.42,0.611,0,Fully Paid
LN-102642,2021-09-26,South India,Education Loan,1199132.0,120,17.4,21,Salaried,Graduate,Married,37741.0,671,21145.55,0.56,1,Active
LN-103008,2021-09-26,West India,Personal Loan,195069.0,48,14.85,27,Salaried,Post-Graduate,Divorced,68450.0,756,5414.1,0.079,0,Fully Paid
LN-105075,2021-09-27,Central India,Business Loan,2565874.0,84,16.04,46,Unemployed,Graduate,Single,11366.0,491,51022.03,4.489,10,Defaulted
LN-105447,2021-09-27,East India,Personal Loan,426697.0,24,12.04,35,Salaried,Graduate,Married,68003.0,759,20094.08,0.295,0,Fully Paid
LN-106505,2021-09-27,Central India,Personal Loan,85113.0,24,15.53,51,Self-Employed,High School,Single,33658.0,657,4148.31,0.123,0,Fully Paid
LN-101058,2021-09-28,Central India,Education Loan,1744151.0,36,12.12,36,Retired,Graduate,Divorced,50390.0,800,58030.79,1.152,0,Fully Paid
LN-102667,2021-09-28,North India,Business Loan,748572.0,24,8.52,48,Self-Employed,Professional Degree,Married,117617.0,727,34033.69,0.289,0,Fully Paid
LN-103853,2021-09-28,East India,Gold Loan,207577.0,6,11.99,37,Self-Employed,Graduate,Single,67394.0,691,35816.05,0.531,0,Fully Paid
LN-104383,2021-09-28,West India,Home Loan,1653957.0,120,9.37,48,Self-Employed,Post-Graduate,Divorced,103533.0,746,21284.25,0.206,1,Active
LN-104785,2021-09-28,North India,Business Loan,3592229.0,84,9.31,51,Business Owner,High School,Divorced,54334.0,806,58362.39,1.074,0,Active
LN-102353,2021-09-29,South India,Agriculture Loan,210934.0,12,10.61,42,Salaried,Graduate,Married,53958.0,753,18604.35,0.345,0,Fully Paid
LN-104997,2021-09-29,South India,Education Loan,539717.0,36,10.98,36,Salaried,Graduate,Single,65727.0,800,17664.53,0.269,0,Fully Paid
LN-103943,2021-09-30,Central India,Vehicle Loan,408242.0,72,15.25,21,Salaried,Professional Degree,Married,117617.0,691,8687.8,0.074,1,Active
LN-104789,2021-09-30,West India,Education Loan,1732640.0,84,8.56,39,Salaried,Graduate,Married,41303.0,695,27491.23,0.666,0,Active
LN-105521,2021-09-30,West India,Education Loan,878463.0,36,11.11,56,Self-Employed,Professional Degree,Divorced,75667.0,634,28805.53,0.381,0,Fully Paid
LN-102953,2021-10-01,North India,Home Loan,1539503.0,120,13.69,35,Salaried,High School,Single,25120.0,631,23617.2,0.94,0,Active
LN-104917,2021-10-01,East India,Vehicle Loan,1162303.0,36,13.92,27,Self-Employed,Professional Degree,Single,132791.0,664,39679.61,0.299,0,Fully Paid
LN-105836,2021-10-01,East India,Personal Loan,438464.0,24,11.83,35,Salaried,High School,Married,38667.0,757,20605.23,0.533,0,Fully Paid
LN-100544,2021-10-02,East India,Home Loan,3446874.0,180,17.83,53,Self-Employed,Post-Graduate,Divorced,60407.0,688,55088.11,0.912,0,Active
LN-106876,2021-10-02,East India,Personal Loan,366131.0,48,8.76,32,Business Owner,High School,Married,62232.0,696,9069.52,0.146,0,Fully Paid
LN-104883,2021-10-03,South India,Personal Loan,389866.0,48,12.08,38,Salaried,Professional Degree,Single,113674.0,726,10281.99,0.09,0,Fully Paid
LN-100548,2021-10-04,South India,Vehicle Loan,826260.0,60,11.59,54,Salaried,High School,Married,26530.0,598,18208.97,0.686,4,Restructured
LN-101780,2021-10-04,West India,Home Loan,2956357.0,240,9.83,34,Business Owner,Post-Graduate,Divorced,137431.0,773,28197.31,0.205,0,Active
LN-104114,2021-10-04,North India,Agriculture Loan,603459.0,24,9.13,38,Unemployed,High School,Single,11580.0,483,27604.88,2.384,5,Defaulted
LN-102732,2021-10-05,North India,Education Loan,1184733.0,36,7.99,31,Self-Employed,Post-Graduate,Divorced,78237.0,581,37119.76,0.474,11,Defaulted
LN-101379,2021-10-06,South India,Education Loan,628091.0,60,12.42,56,Salaried,Graduate,Divorced,56075.0,674,14105.21,0.252,0,Active
LN-101587,2021-10-06,West India,Business Loan,1947212.0,36,17.64,21,Salaried,Graduate,Single,34291.0,669,70045.22,2.043,0,Fully Paid
LN-102601,2021-10-06,East India,Vehicle Loan,504677.0,36,15.86,27,Salaried,High School,Divorced,37049.0,592,17708.08,0.478,0,Fully Paid
LN-102845,2021-10-06,Central India,Vehicle Loan,447931.0,36,8.82,52,Salaried,High School,Single,33528.0,812,14206.59,0.424,0,Fully Paid
LN-104815,2021-10-06,North India,Home Loan,2745952.0,180,10.9,46,Salaried,High School,Divorced,33193.0,689,31038.19,0.935,0,Active
LN-105593,2021-10-06,Central India,Vehicle Loan,452070.0,72,14.26,29,Self-Employed,Below High School,Single,22323.0,644,9378.29,0.42,2,Active
LN-100933,2021-10-07,North India,Home Loan,4334827.0,180,16.6,41,Self-Employed,Professional Degree,Divorced,85721.0,564,65488.18,0.764,3,Active
LN-105543,2021-10-07,East India,Business Loan,4603401.0,84,7.57,50,Salaried,Graduate,Single,45489.0,690,70767.38,1.556,12,Written Off
LN-106793,2021-10-07,Central India,Education Loan,1695529.0,36,15.48,62,Business Owner,Post-Graduate,Single,86803.0,856,59175.4,0.682,0,Fully Paid
LN-105462,2021-10-08,West India,Home Loan,4125028.0,240,7.73,40,Salaried,Post-Graduate,Married,80530.0,727,33813.48,0.42,1,Active
LN-100146,2021-10-09,South India,Business Loan,3759101.0,24,11.67,47,Salaried,Graduate,Divorced,43579.0,594,176375.19,4.047,5,Defaulted
LN-101445,2021-10-09,South India,Home Loan,3322397.0,120,17.83,42,Retired,Post-Graduate,Divorced,89303.0,604,59501.54,0.666,3,Active
LN-103150,2021-10-09,West India,Vehicle Loan,562691.0,72,16.18,32,Retired,Below High School,Divorced,19973.0,569,12261.64,0.614,1,Active
LN-100647,2021-10-10,Central India,Personal Loan,392204.0,36,13.0,50,Salaried,Graduate,Single,36819.0,715,13214.9,0.359,0,Active
LN-102056,2021-10-10,North India,Vehicle Loan,690170.0,36,12.23,25,Salaried,Graduate,Divorced,69695.0,787,22999.41,0.33,0,Fully Paid
LN-105477,2021-10-10,East India,Vehicle Loan,353663.0,60,12.17,27,Self-Employed,Graduate,Divorced,36707.0,711,7897.45,0.215,0,Active
LN-106746,2021-10-10,East India,Personal Loan,338343.0,48,9.35,40,Business Owner,Post-Graduate,Divorced,90532.0,783,8476.02,0.094,0,Fully Paid
LN-102805,2021-10-11,South India,Education Loan,1375775.0,84,8.43,43,Salaried,Graduate,Divorced,70287.0,671,21739.04,0.309,1,Active
LN-106662,2021-10-11,East India,Personal Loan,419047.0,36,8.22,52,Salaried,High School,Married,27797.0,732,13173.98,0.474,1,Active
LN-100490,2021-10-12,North India,Vehicle Loan,711295.0,72,13.79,37,Retired,High School,Married,32478.0,669,14576.9,0.449,0,Active
LN-101893,2021-10-12,Central India,Personal Loan,151353.0,12,13.61,21,Salaried,Graduate,Single,62816.0,743,13561.79,0.216,0,Fully Paid
LN-104310,2021-10-12,West India,Business Loan,3924243.0,36,11.46,23,Business Owner,Below High School,Divorced,28690.0,727,129331.22,4.508,0,Fully Paid
LN-101196,2021-10-13,West India,Education Loan,1890522.0,36,13.44,48,Salaried,Professional Degree,Single,127006.0,763,64100.56,0.505,0,Active
LN-103671,2021-10-13,West India,Agriculture Loan,156978.0,12,10.73,34,Unemployed,Post-Graduate,Single,19942.0,618,13854.21,0.695,0,Fully Paid
LN-104763,2021-10-13,East India,Business Loan,4845528.0,84,13.85,21,Self-Employed,Post-Graduate,Single,106817.0,577,90404.21,0.846,12,Defaulted
LN-105589,2021-10-13,East India,Vehicle Loan,1189084.0,36,13.57,52,Salaried,High School,Divorced,31682.0,721,40392.18,1.275,0,Fully Paid
LN-101758,2021-10-14,Central India,Education Loan,1218533.0,120,11.4,36,Salaried,Graduate,Married,31784.0,731,17062.38,0.537,3,Restructured
LN-102650,2021-10-14,East India,Business Loan,1736582.0,84,11.33,28,Business Owner,Graduate,Divorced,66875.0,676,30036.69,0.449,0,Active
LN-105181,2021-10-14,South India,Business Loan,1581520.0,36,15.02,35,Salaried,Below High School,Married,26984.0,651,54839.4,2.032,0,Active
LN-102219,2021-10-15,North India,Personal Loan,212542.0,36,18.46,46,Self-Employed,Post-Graduate,Divorced,103053.0,767,7733.04,0.075,0,Fully Paid
LN-103335,2021-10-15,Central India,Business Loan,2397163.0,36,12.07,33,Self-Employed,High School,Divorced,24828.0,599,79700.28,3.21,0,Fully Paid
LN-105983,2021-10-15,North India,Business Loan,1714676.0,60,16.36,51,Self-Employed,Professional Degree,Single,108951.0,672,42026.28,0.386,4,Defaulted
LN-106372,2021-10-15,East India,Business Loan,1579000.0,36,16.95,33,Business Owner,Graduate,Single,93017.0,839,56256.37,0.605,0,Fully Paid
LN-100008,2021-10-16,East India,Agriculture Loan,692645.0,36,11.36,55,Self-Employed,Graduate,Single,55393.0,634,22794.58,0.412,0,Fully Paid
LN-100524,2021-10-16,North India,Business Loan,2924567.0,60,11.35,50,Salaried,Below High School,Married,21927.0,668,64098.84,2.923,3,Written Off
LN-103255,2021-10-16,North India,Personal Loan,491076.0,24,13.22,38,Salaried,Professional Degree,Divorced,148210.0,691,23397.43,0.158,0,Fully Paid
LN-106100,2021-10-16,East India,Business Loan,2133448.0,24,11.23,31,Salaried,Post-Graduate,Divorced,100245.0,645,99663.37,0.994,0,Fully Paid
LN-106169,2021-10-16,North India,Vehicle Loan,999259.0,72,9.24,25,Self-Employed,Professional Degree,Married,104090.0,682,18131.44,0.174,0,Active
LN-100518,2021-10-17,South India,Education Loan,1801272.0,60,9.06,37,Business Owner,High School,Married,40469.0,680,37443.92,0.925,1,Active
LN-106995,2021-10-17,Central India,Agriculture Loan,364110.0,36,12.81,40,Salaried,Graduate,Single,65316.0,597,12235.01,0.187,2,Active
LN-102586,2021-10-18,South India,Vehicle Loan,317212.0,60,12.61,42,Salaried,Graduate,Divorced,35038.0,601,7154.38,0.204,1,Active
LN-106267,2021-10-18,East India,Agriculture Loan,955780.0,12,12.82,21,Retired,Graduate,Single,63803.0,677,85286.97,1.337,1,Active
LN-102889,2021-10-19,South India,Vehicle Loan,1163018.0,36,14.21,39,Salaried,Post-Graduate,Divorced,103465.0,725,39867.92,0.385,0,Fully Paid
LN-103418,2021-10-19,North India,Vehicle Loan,341364.0,60,9.02,41,Salaried,High School,Single,24988.0,653,7089.47,0.284,0,Active
LN-106110,2021-10-19,South India,Business Loan,3069913.0,60,17.44,53,Salaried,Post-Graduate,Divorced,56331.0,788,77023.42,1.367,1,Active
LN-101312,2021-10-20,North India,Vehicle Loan,1191414.0,72,11.27,45,Business Owner,Post-Graduate,Single,126793.0,638,22842.57,0.18,3,Active
LN-105863,2021-10-20,North India,Home Loan,2152688.0,120,18.47,37,Salaried,Post-Graduate,Married,87878.0,887,39441.97,0.449,3,Defaulted
LN-105956,2021-10-20,Central India,Personal Loan,312034.0,12,12.29,42,Salaried,Post-Graduate,Divorced,86388.0,678,27766.19,0.321,0,Fully Paid
LN-102169,2021-10-21,North India,Vehicle Loan,216283.0,48,9.29,30,Unemployed,Below High School,Single,5958.0,482,5412.04,0.908,5,Defaulted
LN-102486,2021-10-21,North India,Personal Loan,105633.0,24,12.53,28,Salaried,High School,Married,39123.0,666,4998.7,0.128,0,Fully Paid
LN-103445,2021-10-21,Central India,Vehicle Loan,212749.0,36,14.54,29,Retired,Graduate,Divorced,32287.0,638,7327.18,0.227,0,Fully Paid
LN-104377,2021-10-21,East India,Vehicle Loan,569898.0,60,17.09,65,Retired,Professional Degree,Married,121791.0,683,14191.03,0.117,0,Active
LN-102269,2021-10-22,Central India,Vehicle Loan,265313.0,36,12.94,21,Self-Employed,Graduate,Divorced,67891.0,671,8931.78,0.132,0,Fully Paid
LN-102702,2021-10-22,West India,Business Loan,1775591.0,84,8.91,33,Self-Employed,Professional Degree,Divorced,133061.0,684,28486.59,0.214,0,Active
LN-105845,2021-10-22,Central India,Home Loan,5152564.0,240,13.78,60,Business Owner,Graduate,Single,89664.0,689,63251.58,0.705,6,Restructured
LN-106145,2021-10-22,South India,Personal Loan,71421.0,24,9.66,42,Salaried,Below High School,Single,25403.0,724,3284.52,0.129,0,Fully Paid
LN-106824,2021-10-22,South India,Personal Loan,86780.0,48,8.79,55,Salaried,Graduate,Married,47493.0,689,2150.88,0.045,0,Fully Paid
LN-100695,2021-10-23,Central India,Home Loan,3727343.0,240,11.77,21,Salaried,Professional Degree,Single,121562.0,742,40445.16,0.333,0,Active
LN-104626,2021-10-23,South India,Home Loan,4519100.0,240,9.6,36,Salaried,Graduate,Married,50896.0,679,42419.48,0.833,0,Active
LN-105213,2021-10-23,Central India,Personal Loan,422486.0,48,10.57,30,Salaried,Post-Graduate,Single,91677.0,689,10831.36,0.118,0,Fully Paid
LN-106937,2021-10-24,South India,Home Loan,5459125.0,180,10.38,56,Self-Employed,Professional Degree,Married,70749.0,733,59939.62,0.847,3,Restructured
LN-101249,2021-10-25,East India,Vehicle Loan,422365.0,48,16.17,34,Unemployed,High School,Single,10631.0,577,12006.75,1.129,12,Defaulted
LN-101316,2021-10-25,East India,Education Loan,1725196.0,84,7.92,51,Self-Employed,Post-Graduate,Single,102455.0,715,26820.57,0.262,1,Active
LN-103783,2021-10-25,Central India,Personal Loan,423684.0,48,16.41,41,Business Owner,High School,Married,30390.0,662,12096.48,0.398,0,Fully Paid
LN-103064,2021-10-26,Central India,Home Loan,3726237.0,180,10.29,49,Self-Employed,High School,Single,23545.0,703,40706.0,1.729,1,Active
LN-105592,2021-10-26,West India,Personal Loan,463119.0,36,15.74,35,Salaried,High School,Married,35789.0,729,16222.51,0.453,0,Active
LN-100223,2021-10-27,North India,Gold Loan,586540.0,12,9.93,46,Salaried,Graduate,Single,57201.0,752,51547.09,0.901,0,Fully Paid
LN-101275,2021-10-27,West India,Business Loan,730284.0,24,16.16,38,Self-Employed,Graduate,Single,66167.0,669,35812.83,0.541,0,Fully Paid
LN-102803,2021-10-27,North India,Personal Loan,347903.0,48,16.22,40,Business Owner,Below High School,Divorced,35597.0,682,9898.91,0.278,0,Fully Paid
LN-104403,2021-10-27,Central India,Vehicle Loan,377546.0,60,18.49,62,Business Owner,Graduate,Divorced,86500.0,631,9688.11,0.112,3,Active
LN-106118,2021-10-27,North India,Vehicle Loan,575144.0,72,14.63,31,Self-Employed,Post-Graduate,Divorced,103893.0,594,12046.16,0.116,3,Active
LN-100122,2021-10-28,Central India,Personal Loan,272797.0,12,12.27,21,Retired,Graduate,Single,68209.0,649,24272.15,0.356,0,Active
LN-103284,2021-10-28,South India,Personal Loan,139196.0,48,12.77,23,Retired,Professional Degree,Married,78928.0,649,3718.41,0.047,0,Fully Paid
LN-103774,2021-10-28,North India,Education Loan,1617268.0,120,13.5,28,Retired,Graduate,Married,38715.0,761,24626.83,0.636,1,Active
LN-101268,2021-10-29,East India,Business Loan,4555423.0,24,10.38,21,Salaried,Post-Graduate,Divorced,103850.0,672,211009.52,2.032,0,Fully Paid
LN-102127,2021-10-29,Central India,Home Loan,4562231.0,120,16.56,53,Business Owner,Graduate,Divorced,86632.0,708,78023.08,0.901,0,Active
LN-103866,2021-10-29,Central India,Business Loan,3208042.0,60,18.09,42,Salaried,Professional Degree,Married,101293.0,682,81620.33,0.806,0,Active
LN-104269,2021-10-29,East India,Gold Loan,92263.0,6,10.63,43,Salaried,Post-Graduate,Married,111336.0,721,15857.43,0.142,0,Fully Paid
LN-104676,2021-10-29,North India,Personal Loan,147198.0,24,14.93,47,Salaried,Graduate,Divorced,51544.0,706,7132.24,0.138,0,Fully Paid
LN-101655,2021-10-30,West India,Personal Loan,245436.0,12,16.45,55,Business Owner,Below High School,Married,24082.0,629,22320.92,0.927,0,Fully Paid
LN-101730,2021-10-30,East India,Home Loan,3566854.0,120,16.2,48,Business Owner,Graduate,Divorced,85805.0,783,60194.81,0.702,0,Active
LN-104045,2021-10-30,West India,Vehicle Loan,327689.0,72,13.09,35,Salaried,High School,Divorced,32082.0,745,6593.64,0.206,1,Active
LN-104074,2021-10-30,West India,Personal Loan,55138.0,36,10.59,51,Business Owner,Graduate,Divorced,90895.0,734,1794.46,0.02,0,Fully Paid
LN-105211,2021-10-30,East India,Gold Loan,52769.0,6,14.51,33,Self-Employed,Graduate,Married,43623.0,763,9170.77,0.21,0,Fully Paid
LN-106029,2021-10-30,South India,Business Loan,1842658.0,36,10.58,30,Business Owner,High School,Divorced,34093.0,722,59960.42,1.759,0,Active
LN-101598,2021-10-31,South India,Business Loan,1050655.0,24,17.66,23,Salaried,Graduate,Married,36131.0,620,52280.57,1.447,2,Active
LN-106391,2021-10-31,South India,Personal Loan,493231.0,48,10.58,70,Self-Employed,Post-Graduate,Single,100450.0,630,12647.45,0.126,0,Fully Paid
LN-100231,2021-11-01,North India,Personal Loan,498879.0,24,12.3,60,Salaried,Graduate,Divorced,53203.0,718,23553.92,0.443,0,Active
LN-105532,2021-11-01,North India,Personal Loan,477137.0,48,11.4,55,Unemployed,Post-Graduate,Divorced,18234.0,550,12424.74,0.681,11,Written Off
LN-102165,2021-11-02,East India,Business Loan,2501218.0,36,16.32,49,Salaried,Post-Graduate,Married,94926.0,661,88331.07,0.931,0,Fully Paid
LN-103222,2021-11-02,South India,Personal Loan,452392.0,12,13.38,33,Salaried,Graduate,Single,34147.0,808,40487.12,1.186,1,Active
LN-103629,2021-11-02,North India,Vehicle Loan,345561.0,72,13.65,28,Self-Employed,Graduate,Married,53765.0,631,7055.94,0.131,0,Active
LN-106396,2021-11-02,Central India,Personal Loan,375412.0,48,8.83,36,Salaried,Graduate,Single,48374.0,604,9311.87,0.192,0,Fully Paid
LN-102363,2021-11-03,South India,Home Loan,5319640.0,300,9.59,40,Retired,Graduate,Single,32888.0,575,46810.76,1.423,2,Active
LN-103616,2021-11-03,South India,Education Loan,573181.0,60,10.81,53,Salaried,Graduate,Married,44650.0,671,12408.1,0.278,1,Active
LN-104959,2021-11-03,South India,Home Loan,5535891.0,120,11.17,31,Self-Employed,High School,Single,20138.0,663,76790.59,3.813,1,Active
LN-106487,2021-11-03,North India,Home Loan,2565625.0,180,10.22,23,Salaried,Professional Degree,Married,87247.0,687,27916.67,0.32,0,Active
LN-100266,2021-11-04,North India,Home Loan,3197520.0,120,13.13,33,Retired,Below High School,Married,13964.0,587,47987.9,3.437,1,Active
LN-101080,2021-11-04,East India,Home Loan,4014146.0,240,10.91,33,Business Owner,Post-Graduate,Single,82141.0,710,41187.96,0.501,1,Active
LN-100817,2021-11-05,East India,Personal Loan,478737.0,36,8.74,43,Retired,Professional Degree,Divorced,136802.0,635,15165.84,0.111,2,Active
LN-103753,2021-11-05,East India,Home Loan,3222137.0,120,17.37,32,Retired,Post-Graduate,Single,69283.0,623,56757.69,0.819,0,Active
LN-102742,2021-11-06,South India,Home Loan,3232848.0,120,14.63,24,Salaried,Post-Graduate,Divorced,65078.0,651,51427.06,0.79,5,Restructured
LN-104223,2021-11-06,North India,Home Loan,3870593.0,300,17.46,49,Salaried,Below High School,Single,21405.0,736,57065.88,2.666,0,Active
LN-105675,2021-11-06,South India,Vehicle Loan,748719.0,60,14.16,28,Self-Employed,Graduate,Single,44202.0,636,17483.55,0.396,2,Active
LN-102568,2021-11-07,West India,Home Loan,4523687.0,300,12.91,27,Business Owner,Graduate,Divorced,70663.0,724,50713.42,0.718,0,Active
LN-103376,2021-11-07,South India,Home Loan,3817712.0,300,14.94,54,Salaried,Below High School,Married,28349.0,702,48720.77,1.719,0,Active
LN-101509,2021-11-08,South India,Business Loan,4565958.0,36,13.03,30,Self-Employed,Post-Graduate,Divorced,89852.0,722,153911.16,1.713,0,Fully Paid
LN-102126,2021-11-08,West India,Vehicle Loan,1136682.0,48,10.47,43,Business Owner,Post-Graduate,Divorced,92503.0,625,29086.44,0.314,0,Fully Paid
LN-106461,2021-11-08,South India,Vehicle Loan,462546.0,36,15.71,40,Self-Employed,Post-Graduate,Divorced,58899.0,691,16195.6,0.275,0,Fully Paid
LN-101314,2021-11-09,North India,Home Loan,1767491.0,180,10.65,40,Self-Employed,Graduate,Married,49010.0,644,19702.51,0.402,1,Active
LN-105165,2021-11-09,West India,Home Loan,5367732.0,120,15.73,53,Business Owner,Below High School,Married,32763.0,607,89015.46,2.717,10,Written Off
LN-106393,2021-11-09,East India,Agriculture Loan,142009.0,12,12.74,32,Business Owner,High School,Married,45962.0,724,12666.54,0.276,0,Fully Paid
LN-105294,2021-11-10,South India,Personal Loan,492629.0,48,10.51,50,Salaried,High School,Single,35140.0,676,12615.35,0.359,0,Fully Paid
LN-106083,2021-11-10,West India,Personal Loan,481110.0,36,10.96,56,Salaried,Professional Degree,Married,69805.0,787,15741.81,0.226,0,Fully Paid
LN-100692,2021-11-11,West India,Home Loan,3522986.0,120,10.73,24,Self-Employed,Graduate,Divorced,32341.0,648,47992.27,1.484,0,Active
LN-101753,2021-11-11,West India,Business Loan,3733844.0,60,8.76,46,Business Owner,Professional Degree,Divorced,170431.0,661,77074.27,0.452,1,Active
LN-102387,2021-11-11,East India,Business Loan,1731535.0,84,17.3,37,Retired,Graduate,Married,59399.0,758,35686.16,0.601,0,Active
LN-104140,2021-11-11,South India,Agriculture Loan,926465.0,36,12.28,28,Business Owner,Graduate,Married,55045.0,686,30895.94,0.561,0,Fully Paid
LN-100783,2021-11-12,Central India,Personal Loan,463570.0,12,10.9,35,Salaried,Graduate,Divorced,43682.0,719,40949.47,0.937,0,Fully Paid
LN-104946,2021-11-12,North India,Personal Loan,136188.0,12,16.74,33,Self-Employed,High School,Divorced,29022.0,623,12404.2,0.427,0,Fully Paid
LN-106123,2021-11-12,West India,Home Loan,5985630.0,120,14.52,51,Salaried,Post-Graduate,Single,59786.0,734,94817.28,1.586,0,Active
LN-102691,2021-11-13,North India,Personal Loan,430276.0,36,14.87,48,Self-Employed,Post-Graduate,Divorced,65115.0,613,14888.28,0.229,0,Fully Paid
LN-103034,2021-11-13,North India,Gold Loan,472303.0,24,10.54,39,Retired,Graduate,Divorced,44794.0,637,21912.29,0.489,2,Active
LN-103122,2021-11-13,North India,Home Loan,5656383.0,240,17.88,36,Self-Employed,Post-Graduate,Single,51892.0,684,86773.59,1.672,0,Active
LN-100488,2021-11-14,East India,Vehicle Loan,529081.0,48,12.62,45,Business Owner,Below High School,Divorced,32300.0,762,14094.34,0.436,0,Fully Paid
LN-100511,2021-11-14,West India,Business Loan,2447347.0,60,7.65,53,Retired,Graduate,Divorced,33572.0,536,49214.45,1.466,6,Written Off
LN-102191,2021-11-14,West India,Home Loan,3438551.0,180,12.54,21,Salaried,Post-Graduate,Married,71086.0,715,42470.45,0.597,1,Active
LN-102554,2021-11-14,West India,Home Loan,1661085.0,240,17.22,34,Retired,Professional Degree,Married,80093.0,650,24643.09,0.308,1,Active
LN-105595,2021-11-14,South India,Personal Loan,395271.0,24,7.9,49,Salaried,High School,Married,32133.0,748,17859.01,0.556,0,Fully Paid
LN-106861,2021-11-14,North India,Education Loan,1588170.0,84,16.38,49,Business Owner,Post-Graduate,Divorced,79726.0,721,31889.02,0.4,1,Active
LN-100861,2021-11-15,West India,Gold Loan,729917.0,6,17.47,45,Salaried,Professional Degree,Single,140094.0,723,127926.2,0.913,0,Fully Paid
LN-101136,2021-11-15,Central India,Personal Loan,196660.0,24,10.17,32,Salaried,Post-Graduate,Single,99699.0,724,9090.3,0.091,0,Fully Paid
LN-101596,2021-11-15,East India,Vehicle Loan,940616.0,60,13.39,38,Salaried,Professional Degree,Single,95746.0,830,21590.16,0.225,1,Active
LN-101810,2021-11-15,North India,Personal Loan,182991.0,36,14.34,31,Salaried,High School,Divorced,19626.0,803,6284.46,0.32,0,Fully Paid
LN-102021,2021-11-15,North India,Personal Loan,494823.0,48,8.65,47,Unemployed,Professional Degree,Married,40555.0,511,12231.62,0.302,3,Defaulted
LN-105059,2021-11-15,North India,Education Loan,281543.0,36,10.9,43,Salaried,Post-Graduate,Single,93308.0,751,9204.03,0.099,0,Fully Paid
LN-106219,2021-11-15,South India,Vehicle Loan,862534.0,60,15.61,35,Salaried,Graduate,Single,41883.0,654,20796.84,0.497,1,Active
LN-106469,2021-11-15,Central India,Personal Loan,406745.0,48,17.06,31,Salaried,Post-Graduate,Single,101125.0,719,11749.27,0.116,0,Fully Paid
LN-100508,2021-11-16,East India,Personal Loan,152209.0,12,8.13,21,Salaried,High School,Single,32096.0,725,13249.57,0.413,0,Fully Paid
LN-104179,2021-11-16,West India,Vehicle Loan,535127.0,48,13.59,31,Unemployed,Graduate,Married,13742.0,580,14513.31,1.056,9,Defaulted
LN-104557,2021-11-16,South India,Vehicle Loan,777688.0,72,13.05,51,Self-Employed,Graduate,Single,66493.0,657,15631.92,0.235,0,Active
LN-100857,2021-11-17,Central India,Personal Loan,295185.0,12,11.31,46,Unemployed,Post-Graduate,Single,33970.0,666,26131.64,0.769,0,Fully Paid
LN-104354,2021-11-17,Central India,Education Loan,1260052.0,120,16.3,36,Self-Employed,Graduate,Married,65203.0,720,21343.7,0.327,1,Active
LN-105225,2021-11-17,South India,Vehicle Loan,1098125.0,48,17.83,21,Salaried,Graduate,Married,32250.0,666,32159.95,0.997,0,Fully Paid
LN-105497,2021-11-17,Central India,Education Loan,1581656.0,120,13.95,39,Salaried,Professional Degree,Divorced,87849.0,752,24510.28,0.279,0,Active
LN-101892,2021-11-18,North India,Home Loan,2183621.0,240,15.92,48,Salaried,Graduate,Single,39365.0,731,30248.77,0.768,1,Active
LN-103999,2021-11-18,West India,Education Loan,748307.0,120,15.3,38,Salaried,Graduate,Divorced,57449.0,713,12210.65,0.213,0,Active
LN-105942,2021-11-18,Central India,Gold Loan,657801.0,12,18.13,45,Unemployed,Post-Graduate,Married,21552.0,572,60347.9,2.8,6,Defaulted
LN-106246,2021-11-18,West India,Home Loan,3977122.0,240,12.58,49,Salaried,Post-Graduate,Single,74914.0,778,45410.18,0.606,9,Defaulted
LN-104739,2021-11-19,West India,Home Loan,2859632.0,240,18.24,26,Salaried,Professional Degree,Divorced,85331.0,757,44661.91,0.523,7,Defaulted
LN-101086,2021-11-20,Central India,Gold Loan,179552.0,12,15.23,38,Business Owner,Graduate,Single,65822.0,646,16225.55,0.247,0,Fully Paid
LN-102229,2021-11-20,South India,Vehicle Loan,255968.0,36,9.31,32,Self-Employed,Post-Graduate,Married,51617.0,662,8176.69,0.158,0,Fully Paid
LN-102979,2021-11-20,Central India,Home Loan,2166964.0,300,15.1,41,Self-Employed,Graduate,Married,43718.0,715,27923.38,0.639,9,Written Off
LN-103078,2021-11-20,East India,Vehicle Loan,961143.0,60,9.71,43,Business Owner,Post-Graduate,Married,136770.0,787,20284.57,0.148,0,Active
LN-105016,2021-11-20,West India,Home Loan,3860199.0,300,18.2,21,Self-Employed,High School,Single,30100.0,700,59193.6,1.967,1,Active
LN-105649,2021-11-20,East India,Home Loan,3981586.0,240,12.15,29,Self-Employed,Graduate,Married,31985.0,653,44257.78,1.384,1,Active
LN-103041,2021-11-21,Central India,Business Loan,4868741.0,60,15.37,30,Self-Employed,Graduate,Divorced,52101.0,608,116774.75,2.241,2,Active
LN-103355,2021-11-21,North India,Business Loan,1332705.0,60,15.02,36,Salaried,Professional Degree,Divorced,118411.0,700,31718.95,0.268,0,Active
LN-105572,2021-11-21,North India,Home Loan,5225925.0,240,14.4,32,Self-Employed,High School,Single,22787.0,628,66509.13,2.919,0,Active
LN-100793,2021-11-22,North India,Business Loan,3023622.0,36,9.03,37,Unemployed,Post-Graduate,Married,34321.0,513,96192.59,2.803,12,Defaulted
LN-101082,2021-11-22,West India,Vehicle Loan,768514.0,36,16.59,51,Salaried,Graduate,Married,58763.0,710,27243.06,0.464,0,Fully Paid
LN-100036,2021-11-23,East India,Home Loan,5731522.0,120,7.94,37,Retired,Graduate,Married,66646.0,685,69357.6,1.041,1,Active
LN-100708,2021-11-23,Central India,Vehicle Loan,399017.0,36,8.3,53,Self-Employed,Graduate,Single,54218.0,626,12559.04,0.232,0,Fully Paid
LN-102049,2021-11-23,East India,Home Loan,2247265.0,300,17.75,36,Unemployed,Below High School,Single,4314.0,607,33651.89,7.801,0,Active
LN-103840,2021-11-23,North India,Vehicle Loan,636171.0,60,13.6,23,Salaried,Graduate,Divorced,67663.0,720,14670.99,0.217,0,Active
LN-101065,2021-11-24,Central India,Home Loan,2232417.0,120,11.7,21,Salaried,Professional Degree,Married,109398.0,717,31642.74,0.289,0,Active
LN-105679,2021-11-24,West India,Vehicle Loan,832715.0,48,11.04,44,Self-Employed,Graduate,Divorced,38123.0,568,21538.13,0.565,0,Fully Paid
LN-105750,2021-11-24,South India,Personal Loan,108203.0,12,17.64,32,Salaried,Post-Graduate,Married,102179.0,738,9901.52,0.097,0,Fully Paid
LN-100495,2021-11-25,Central India,Home Loan,5294089.0,240,11.47,46,Self-Employed,High School,Married,25811.0,519,56348.34,2.183,9,Defaulted
LN-102841,2021-11-25,South India,Vehicle Loan,592568.0,60,12.6,50,Self-Employed,Graduate,Single,51671.0,657,13361.72,0.259,1,Active
LN-104457,2021-11-25,Central India,Vehicle Loan,802773.0,72,11.39,31,Self-Employed,Post-Graduate,Married,51891.0,597,15440.88,0.298,1,Active
LN-100380,2021-11-26,East India,Personal Loan,496063.0,48,15.8,40,Salaried,Graduate,Married,32672.0,640,14007.8,0.429,0,Fully Paid
LN-102036,2021-11-26,East India,Personal Loan,479851.0,12,16.53,40,Salaried,Graduate,Single,43350.0,658,43657.73,1.007,12,Written Off
LN-102089,2021-11-26,Central India,Home Loan,3682258.0,240,15.88,46,Salaried,Professional Degree,Single,138255.0,709,50898.41,0.368,0,Active
LN-102109,2021-11-26,West India,Vehicle Loan,462980.0,60,10.72,42,Salaried,Below High School,Divorced,22918.0,696,10001.78,0.436,1,Active
LN-103540,2021-11-26,North India,Vehicle Loan,980647.0,36,17.88,38,Salaried,High School,Married,26796.0,570,35393.73,1.321,2,Active
LN-105620,2021-11-26,North India,Education Loan,1345210.0,60,14.64,41,Salaried,Graduate,Married,43800.0,737,31748.81,0.725,5,Restructured
LN-103615,2021-11-27,Central India,Vehicle Loan,258460.0,48,8.48,21,Salaried,Graduate,Married,32753.0,695,6368.16,0.194,0,Fully Paid
LN-100730,2021-11-28,East India,Vehicle Loan,519302.0,60,9.43,21,Salaried,Post-Graduate,Divorced,81355.0,649,10888.55,0.134,2,Active
LN-103870,2021-11-28,East India,Business Loan,4040102.0,84,8.38,46,Salaried,Graduate,Married,51044.0,707,63737.49,1.249,0,Active
LN-100805,2021-11-29,South India,Vehicle Loan,397260.0,48,8.31,31,Salaried,Graduate,Married,55300.0,778,9756.19,0.176,0,Fully Paid
LN-103898,2021-11-29,West India,Gold Loan,302166.0,6,15.2,39,Retired,Professional Degree,Divorced,134639.0,604,52617.09,0.391,0,Fully Paid
LN-106669,2021-11-29,West India,Business Loan,4592036.0,24,17.57,38,Unemployed,Professional Degree,Single,20024.0,633,228300.34,11.401,0,Fully Paid
LN-106956,2021-11-29,Central India,Education Loan,1969813.0,36,10.17,46,Self-Employed,Post-Graduate,Single,104492.0,683,63717.66,0.61,0,Fully Paid
LN-100329,2021-11-30,South India,Personal Loan,398264.0,12,13.96,26,Self-Employed,Professional Degree,Divorced,73066.0,631,35751.48,0.489,6,Defaulted
LN-100361,2021-11-30,Central India,Vehicle Loan,553017.0,72,13.21,35,Business Owner,Post-Graduate,Married,88617.0,673,11162.71,0.126,1,Active
LN-101999,2021-11-30,East India,Personal Loan,95076.0,48,9.06,43,Salaried,Post-Graduate,Single,68050.0,714,2368.68,0.035,0,Fully Paid
LN-102738,2021-11-30,North India,Personal Loan,433779.0,24,10.92,28,Retired,Graduate,Divorced,34444.0,570,20201.39,0.586,10,Defaulted
LN-104691,2021-11-30,East India,Education Loan,1917856.0,36,9.28,41,Salaried,Graduate,Single,49677.0,711,61237.54,1.233,0,Fully Paid
LN-100281,2021-12-01,West India,Home Loan,5086092.0,240,11.94,30,Business Owner,High School,Single,62397.0,692,55789.65,0.894,0,Active
LN-102510,2021-12-01,South India,Personal Loan,257649.0,24,14.66,38,Salaried,High School,Single,24351.0,712,12450.96,0.511,0,Fully Paid
LN-102563,2021-12-01,Central India,Home Loan,2125786.0,120,16.83,50,Salaried,Below High School,Divorced,25154.0,558,36716.98,1.46,3,Written Off
LN-103149,2021-12-01,West India,Home Loan,5599566.0,120,8.95,28,Self-Employed,Graduate,Divorced,41664.0,752,70781.5,1.699,1,Active
LN-103331,2021-12-01,North India,Agriculture Loan,535128.0,24,18.49,25,Self-Employed,Graduate,Single,53305.0,623,26842.65,0.504,0,Active
LN-103429,2021-12-01,East India,Home Loan,5801360.0,180,17.04,50,Business Owner,Post-Graduate,Single,173607.0,679,89447.69,0.515,2,Restructured
LN-105277,2021-12-02,North India,Personal Loan,328289.0,12,17.86,30,Salaried,Graduate,Married,70232.0,639,30075.66,0.428,0,Fully Paid
LN-106379,2021-12-02,Central India,Home Loan,2120199.0,180,10.98,51,Retired,Professional Degree,Divorced,107633.0,582,24071.5,0.224,6,Restructured
LN-101108,2021-12-03,South India,Personal Loan,241138.0,48,15.34,45,Self-Employed,Post-Graduate,Divorced,66246.0,699,6752.68,0.102,0,Fully Paid
LN-102131,2021-12-03,Central India,Gold Loan,204659.0,12,12.52,21,Unemployed,High School,Married,6131.0,466,18233.53,2.974,5,Defaulted
LN-104919,2021-12-03,North India,Business Loan,3971404.0,60,14.24,30,Retired,Post-Graduate,Married,99461.0,610,92902.51,0.934,0,Active
LN-101823,2021-12-04,West India,Education Loan,1112282.0,120,14.4,51,Unemployed,Graduate,Single,11875.0,488,17538.52,1.477,5,Restructured
LN-103063,2021-12-04,East India,Education Loan,1826808.0,120,17.54,38,Self-Employed,High School,Single,22058.0,774,32377.31,1.468,1,Active
LN-100770,2021-12-05,North India,Education Loan,590168.0,36,18.33,31,Self-Employed,Post-Graduate,Single,70052.0,640,21433.81,0.306,0,Fully Paid
LN-101357,2021-12-05,South India,Home Loan,1601467.0,180,11.56,50,Unemployed,Post-Graduate,Married,20001.0,550,18769.31,0.938,6,Written Off
LN-104011,2021-12-05,West India,Personal Loan,140720.0,36,14.53,49,Salaried,Graduate,Single,67345.0,791,4845.78,0.072,0,Fully Paid
LN-106863,2021-12-05,West India,Personal Loan,340377.0,48,9.8,35,Business Owner,Graduate,Married,54784.0,710,8600.18,0.157,0,Fully Paid
LN-100332,2021-12-06,North India,Vehicle Loan,459959.0,72,15.65,48,Salaried,Post-Graduate,Single,72904.0,681,9888.93,0.136,1,Active
LN-101228,2021-12-06,East India,Personal Loan,113695.0,12,7.86,35,Salaried,Graduate,Divorced,53847.0,581,9882.79,0.184,0,Fully Paid
LN-102705,2021-12-06,West India,Vehicle Loan,434876.0,48,14.33,31,Self-Employed,Graduate,Married,66242.0,670,11955.74,0.18,0,Fully Paid
LN-105789,2021-12-07,Central India,Business Loan,3522236.0,84,16.63,33,Salaried,Graduate,Married,49105.0,688,71228.58,1.451,1,Active
LN-106707,2021-12-07,East India,Home Loan,5071241.0,300,16.14,31,Self-Employed,Graduate,Married,56583.0,613,69470.31,1.228,3,Active
LN-100748,2021-12-08,North India,Education Loan,1283565.0,36,11.51,60,Salaried,Professional Degree,Divorced,138473.0,698,42332.95,0.306,0,Fully Paid
LN-101267,2021-12-08,East India,Gold Loan,673994.0,12,17.66,47,Business Owner,Post-Graduate,Divorced,98086.0,840,61682.76,0.629,2,Restructured
LN-101131,2021-12-09,North India,Education Loan,1398753.0,60,13.78,41,Salaried,Professional Degree,Divorced,67196.0,846,32387.22,0.482,1,Active
LN-101546,2021-12-09,North India,Business Loan,3112519.0,36,7.94,29,Self-Employed,Graduate,Single,58462.0,689,97448.9,1.667,0,Fully Paid
LN-103545,2021-12-09,West India,Home Loan,5284481.0,120,9.98,36,Self-Employed,Graduate,Single,46320.0,575,69776.29,1.506,3,Active
LN-103907,2021-12-09,West India,Home Loan,3343824.0,120,17.62,31,Retired,Post-Graduate,Single,84737.0,640,59435.14,0.701,10,Written Off
LN-105788,2021-12-09,East India,Education Loan,1768028.0,36,11.93,29,Business Owner,Professional Degree,Divorced,188807.0,741,58664.74,0.311,0,Fully Paid
LN-100586,2021-12-10,North India,Education Loan,547733.0,120,17.83,21,Self-Employed,Graduate,Single,48469.0,623,9809.47,0.202,0,Active
LN-101118,2021-12-10,Central India,Business Loan,1119576.0,24,10.57,33,Salaried,Graduate,Married,54476.0,715,51957.79,0.954,0,Fully Paid
LN-103234,2021-12-10,East India,Home Loan,4495807.0,300,15.43,38,Salaried,Professional Degree,Married,79275.0,702,59087.63,0.745,0,Active
LN-103380,2021-12-10,East India,Home Loan,3832964.0,180,9.74,26,Retired,Professional Degree,Single,84767.0,763,40581.7,0.479,7,Defaulted
LN-106313,2021-12-10,Central India,Personal Loan,235119.0,24,16.27,34,Salaried,Professional Degree,Single,151900.0,748,11542.51,0.076,0,Fully Paid
LN-100067,2021-12-11,Central India,Education Loan,587278.0,84,11.03,31,Self-Employed,Post-Graduate,Single,51821.0,635,10064.9,0.194,3,Active
LN-104051,2021-12-11,Central India,Home Loan,5219015.0,180,13.91,21,Salaried,Graduate,Divorced,46631.0,635,69188.49,1.484,2,Active
LN-102402,2021-12-12,East India,Vehicle Loan,602978.0,72,13.13,21,Business Owner,Post-Graduate,Single,137342.0,717,12145.65,0.088,1,Active
LN-102585,2021-12-12,East India,Gold Loan,551077.0,24,13.74,46,Salaried,High School,Divorced,22707.0,654,26391.16,1.162,12,Defaulted
LN-102981,2021-12-12,East India,Agriculture Loan,773208.0,12,14.56,39,Salaried,Post-Graduate,Divorced,83607.0,774,69628.01,0.833,0,Fully Paid
LN-105147,2021-12-12,East India,Education Loan,569869.0,36,10.22,22,Retired,Graduate,Married,43162.0,609,18446.99,0.427,0,Fully Paid
LN-103451,2021-12-13,East India,Business Loan,3891663.0,60,9.27,45,Self-Employed,High School,Married,31567.0,671,81295.44,2.575,4,Restructured
LN-104375,2021-12-13,West India,Personal Loan,72194.0,24,12.47,27,Salaried,Professional Degree,Divorced,139802.0,620,3414.29,0.024,0,Fully Paid
LN-106478,2021-12-13,South India,Home Loan,3376920.0,300,10.07,38,Unemployed,Graduate,Single,13922.0,606,30852.89,2.216,11,Defaulted
LN-102448,2021-12-14,West India,Home Loan,2498531.0,300,7.58,25,Self-Employed,Post-Graduate,Divorced,56666.0,662,18594.13,0.328,1,Active
LN-106031,2021-12-14,South India,Personal Loan,94205.0,12,13.29,21,Salaried,High School,Married,24390.0,662,8426.96,0.346,0,Fully Paid
LN-100126,2021-12-15,East India,Agriculture Loan,518446.0,12,15.2,26,Self-Employed,Below High School,Married,12898.0,593,46843.0,3.632,0,Active
LN-104670,2021-12-15,Central India,Vehicle Loan,1161313.0,60,8.16,60,Retired,Professional Degree,Single,117275.0,711,23636.27,0.202,1,Active
LN-100634,2021-12-16,Central India,Vehicle Loan,1130063.0,36,10.85,27,Salaried,Post-Graduate,Married,71862.0,896,36916.59,0.514,0,Fully Paid
LN-103126,2021-12-16,Central India,Education Loan,912284.0,120,9.09,55,Self-Employed,High School,Single,35609.0,631,11600.91,0.326,1,Active
LN-103444,2021-12-16,South India,Personal Loan,135412.0,36,17.05,30,Salaried,High School,Single,27140.0,787,4831.18,0.178,0,Fully Paid
LN-103524,2021-12-16,East India,Business Loan,1581424.0,84,17.64,42,Retired,Post-Graduate,Divorced,73085.0,540,32905.26,0.45,2,Active
LN-102911,2021-12-17,North India,Education Loan,1612006.0,36,10.02,50,Self-Employed,Professional Degree,Married,94927.0,707,52030.04,0.548,1,Active
LN-105198,2021-12-17,North India,Business Loan,692935.0,36,15.71,26,Self-Employed,Post-Graduate,Single,85139.0,678,24262.44,0.285,0,Fully Paid
LN-104459,2021-12-18,East India,Education Loan,709142.0,120,15.85,52,Salaried,Professional Degree,Divorced,126791.0,708,11812.85,0.093,1,Active
LN-101061,2021-12-19,East India,Personal Loan,50893.0,48,8.24,49,Business Owner,Graduate,Married,93507.0,793,1248.19,0.013,0,Fully Paid
LN-103251,2021-12-19,South India,Agriculture Loan,288871.0,24,15.1,48,Self-Employed,Graduate,Married,63275.0,659,14020.12,0.222,0,Fully Paid
LN-100373,2021-12-20,Central India,Vehicle Loan,507074.0,48,11.77,43,Salaried,High School,Married,26631.0,670,13296.01,0.499,1,Active
LN-102941,2021-12-20,Central India,Personal Loan,389450.0,48,9.66,21,Salaried,Graduate,Single,69099.0,694,9813.99,0.142,0,Fully Paid
LN-100571,2021-12-21,North India,Education Loan,1772212.0,120,9.35,34,Self-Employed,Post-Graduate,Married,55094.0,656,22786.7,0.414,0,Active
LN-100973,2021-12-21,North India,Business Loan,3511268.0,60,16.09,31,Self-Employed,Post-Graduate,Single,49492.0,660,85555.22,1.729,1,Active
LN-102294,2021-12-21,Central India,Personal Loan,88696.0,48,15.65,35,Self-Employed,High School,Divorced,39146.0,629,2497.8,0.064,0,Fully Paid
LN-103207,2021-12-21,North India,Vehicle Loan,260847.0,36,14.04,31,Self-Employed,Post-Graduate,Married,102793.0,532,8920.2,0.087,0,Fully Paid
LN-104885,2021-12-21,East India,Home Loan,1695586.0,300,14.7,42,Salaried,Below High School,Married,23238.0,800,21323.68,0.918,11,Defaulted
LN-106304,2021-12-21,East India,Vehicle Loan,286288.0,36,15.13,28,Unemployed,Post-Graduate,Single,32493.0,586,9942.5,0.306,3,Active
LN-100943,2021-12-22,South India,Personal Loan,82668.0,48,10.89,43,Unemployed,High School,Single,7693.0,521,2132.18,0.277,1,Active
LN-103747,2021-12-22,South India,Personal Loan,451546.0,48,14.63,26,Salaried,Graduate,Single,57438.0,628,12482.34,0.217,0,Fully Paid
LN-105549,2021-12-22,Central India,Education Loan,1862587.0,36,12.6,42,Salaried,Professional Degree,Divorced,122281.0,762,62399.66,0.51,0,Fully Paid
LN-101277,2021-12-23,West India,Personal Loan,377694.0,12,12.2,29,Self-Employed,Graduate,Divorced,57020.0,645,33593.0,0.589,0,Fully Paid
LN-102406,2021-12-23,South India,Gold Loan,773416.0,6,13.19,37,Business Owner,Post-Graduate,Married,103411.0,714,133906.83,1.295,0,Fully Paid
LN-103698,2021-12-23,South India,Home Loan,5040633.0,180,16.18,39,Business Owner,Professional Degree,Single,171492.0,673,74665.37,0.435,1,Active
LN-103109,2021-12-24,West India,Agriculture Loan,279901.0,36,12.11,51,Business Owner,Graduate,Single,68976.0,781,9311.43,0.135,0,Fully Paid
LN-106779,2021-12-24,North India,Business Loan,1597705.0,24,14.44,42,Self-Employed,Professional Degree,Married,141230.0,701,77042.94,0.546,11,Written Off
LN-101616,2021-12-25,South India,Personal Loan,445212.0,24,9.59,21,Self-Employed,Below High School,Single,25185.0,624,20460.13,0.812,0,Fully Paid
LN-103582,2021-12-25,West India,Business Loan,3993838.0,36,10.25,25,Business Owner,Post-Graduate,Single,125065.0,642,129339.2,1.034,0,Fully Paid
LN-104788,2021-12-25,East India,Home Loan,5371482.0,120,16.78,46,Self-Employed,Professional Degree,Single,128794.0,695,92607.63,0.719,0,Active
LN-100428,2021-12-26,East India,Home Loan,1684593.0,120,17.89,31,Salaried,Graduate,Single,63074.0,671,30234.68,0.479,1,Active
LN-103213,2021-12-26,Central India,Agriculture Loan,649663.0,12,9.41,40,Salaried,Post-Graduate,Single,92582.0,704,56937.58,0.615,0,Fully Paid
LN-103857,2021-12-26,Central India,Personal Loan,75855.0,24,16.57,44,Salaried,Graduate,Single,44953.0,727,3734.79,0.083,0,Fully Paid
LN-104102,2021-12-26,Central India,Gold Loan,516703.0,6,15.08,42,Salaried,Below High School,Single,17007.0,675,89944.3,5.289,0,Fully Paid
LN-104263,2021-12-26,West India,Home Loan,5345408.0,180,16.84,31,Retired,High School,Single,23689.0,784,81660.67,3.447,1,Active
LN-100123,2021-12-29,Central India,Business Loan,980392.0,24,9.42,46,Salaried,Professional Degree,Divorced,142588.0,693,44978.12,0.315,0,Fully Paid
LN-103192,2021-12-29,South India,Personal Loan,337886.0,12,12.12,41,Salaried,Post-Graduate,Single,58176.0,743,30039.73,0.516,1,Active
LN-103584,2021-12-29,North India,Vehicle Loan,743843.0,48,8.08,42,Retired,Graduate,Married,66600.0,658,18187.33,0.273,0,Fully Paid
LN-101380,2021-12-30,South India,Vehicle Loan,994103.0,60,16.32,38,Salaried,Graduate,Married,51130.0,701,24344.0,0.476,1,Active
LN-101461,2021-12-30,South India,Education Loan,910657.0,120,9.24,32,Retired,Below High School,Single,13296.0,720,11654.43,0.877,10,Written Off
LN-103269,2021-12-30,East India,Vehicle Loan,1135773.0,72,16.37,59,Salaried,Graduate,Married,41885.0,627,24868.96,0.594,2,Active
LN-104973,2021-12-30,Central India,Home Loan,5479265.0,240,14.81,24,Salaried,Graduate,Married,59655.0,609,71382.36,1.197,3,Restructured
LN-106051,2021-12-30,Central India,Vehicle Loan,244778.0,72,7.52,30,Salaried,Post-Graduate,Married,77264.0,711,4234.61,0.055,1,Active
LN-106983,2021-12-30,East India,Home Loan,4164000.0,240,11.98,34,Self-Employed,Post-Graduate,Married,91142.0,720,45791.18,0.502,0,Active
LN-104176,2021-12-31,North India,Personal Loan,212967.0,24,17.97,45,Self-Employed,Graduate,Single,36562.0,594,10629.1,0.291,1,Active
LN-100866,2022-01-01,North India,Home Loan,2285852.0,180,7.82,21,Self-Employed,Post-Graduate,Married,63335.0,579,21607.93,0.341,0,Active
LN-103077,2022-01-01,South India,Vehicle Loan,834620.0,48,16.93,45,Self-Employed,High School,Single,18609.0,536,24052.78,1.293,4,Defaulted
LN-105153,2022-01-01,Central India,Vehicle Loan,242573.0,72,14.88,50,Business Owner,Professional Degree,Married,178945.0,727,5113.41,0.029,0,Active
LN-105837,2022-01-01,West India,Agriculture Loan,790363.0,36,11.39,39,Self-Employed,Professional Degree,Single,138763.0,611,26021.69,0.188,0,Fully Paid
LN-100899,2022-01-02,East India,Education Loan,534835.0,120,11.47,21,Self-Employed,Graduate,Married,51290.0,704,7510.36,0.146,0,Active
LN-101040,2022-01-02,West India,Home Loan,2126068.0,300,12.91,24,Salaried,Post-Graduate,Divorced,86779.0,796,23834.58,0.275,0,Active
LN-102331,2022-01-02,South India,Education Loan,1435397.0,84,10.38,22,Salaried,Graduate,Single,66613.0,587,24112.07,0.362,11,Defaulted
LN-102942,2022-01-02,South India,Vehicle Loan,527234.0,36,13.82,35,Business Owner,Professional Degree,Married,230894.0,730,17973.55,0.078,0,Fully Paid
LN-103958,2022-01-02,South India,Personal Loan,376443.0,24,12.76,45,Salaried,High School,Single,32563.0,718,17854.38,0.548,0,Fully Paid
LN-104156,2022-01-02,South India,Personal Loan,244200.0,36,8.16,36,Salaried,Graduate,Married,40703.0,708,7670.38,0.188,0,Fully Paid
LN-100238,2022-01-03,East India,Home Loan,4885992.0,180,15.23,32,Salaried,Post-Graduate,Single,96023.0,730,69155.05,0.72,5,Restructured
LN-102368,2022-01-03,Central India,Personal Loan,411001.0,36,9.76,42,Self-Employed,Post-Graduate,Married,78270.0,699,13215.58,0.169,0,Fully Paid
LN-104890,2022-01-03,Central India,Business Loan,4730466.0,36,18.35,33,Salaried,Graduate,Divorced,43144.0,676,171849.39,3.983,0,Fully Paid
LN-101261,2022-01-04,South India,Gold Loan,701514.0,12,11.1,21,Self-Employed,Professional Degree,Divorced,102925.0,648,62033.7,0.603,6,Defaulted
LN-101412,2022-01-04,West India,Home Loan,5885544.0,180,12.77,42,Salaried,Graduate,Married,69128.0,645,73577.9,1.064,3,Defaulted
LN-102217,2022-01-04,East India,Personal Loan,79677.0,36,16.0,24,Business Owner,Graduate,Single,48423.0,649,2801.21,0.058,1,Active
LN-103527,2022-01-05,West India,Personal Loan,460240.0,24,16.69,44,Salaried,Post-Graduate,Single,67218.0,713,22686.81,0.338,0,Fully Paid
LN-100651,2022-01-06,East India,Home Loan,2083033.0,240,10.41,21,Retired,Post-Graduate,Divorced,73378.0,669,20670.8,0.282,1,Active
LN-102551,2022-01-06,Central India,Business Loan,2920121.0,60,15.05,36,Business Owner,Professional Degree,Single,228220.0,776,69546.14,0.305,0,Active
LN-104831,2022-01-06,South India,Vehicle Loan,419428.0,60,10.45,51,Salaried,Professional Degree,Married,136770.0,638,9004.76,0.066,2,Active
LN-105052,2022-01-06,East India,Education Loan,1366025.0,60,8.1,46,Self-Employed,High School,Divorced,25772.0,559,27763.48,1.077,1,Active
LN-105733,2022-01-06,Central India,Home Loan,4968777.0,120,7.89,35,Salaried,Post-Graduate,Divorced,96286.0,735,59996.56,0.623,1,Active
LN-106891,2022-01-06,West India,Home Loan,4287238.0,300,14.98,21,Salaried,High School,Married,35306.0,608,54845.74,1.553,3,Written Off
LN-101969,2022-01-07,Central India,Home Loan,4673665.0,300,10.42,37,Self-Employed,Graduate,Married,46346.0,540,43861.12,0.946,2,Restructured
LN-102188,2022-01-07,East India,Vehicle Loan,665085.0,36,16.62,33,Salaried,High School,Divorced,23130.0,728,23586.5,1.02,0,Active
LN-103000,2022-01-07,Central India,Business Loan,4907413.0,60,12.52,40,Salaried,Post-Graduate,Divorced,79059.0,634,110456.6,1.397,0,Active
LN-105027,2022-01-07,North India,Personal Loan,221898.0,36,17.1,31,Self-Employed,Graduate,Single,66974.0,613,7922.32,0.118,0,Active
LN-105998,2022-01-07,South India,Business Loan,1136255.0,84,9.46,21,Self-Employed,Graduate,Divorced,44528.0,574,18547.66,0.417,2,Active
LN-104014,2022-01-09,Central India,Business Loan,4674470.0,36,8.1,38,Self-Employed,High School,Divorced,23986.0,487,146696.64,6.116,0,Fully Paid
LN-105079,2022-01-09,Central India,Personal Loan,441432.0,12,11.31,56,Business Owner,Graduate,Single,51300.0,704,39078.35,0.762,0,Fully Paid
LN-105819,2022-01-09,North India,Personal Loan,72943.0,12,10.07,49,Retired,Graduate,Single,55228.0,610,6415.22,0.116,0,Fully Paid
LN-102687,2022-01-10,South India,Vehicle Loan,1105146.0,72,9.96,43,Salaried,High School,Single,22653.0,754,20451.47,0.903,5,Defaulted
LN-102763,2022-01-10,Central India,Education Loan,926811.0,120,10.35,47,Retired,Graduate,Married,68335.0,726,12428.21,0.182,1,Active
LN-104165,2022-01-10,East India,Vehicle Loan,496316.0,72,14.48,27,Business Owner,High School,Divorced,40528.0,738,10354.96,0.256,0,Active
LN-105403,2022-01-10,North India,Home Loan,2775081.0,120,10.16,39,Retired,Graduate,Divorced,66691.0,669,36919.22,0.554,0,Active
LN-105757,2022-01-10,East India,Home Loan,4086760.0,300,16.31,36,Self-Employed,Professional Degree,Single,151766.0,755,56530.74,0.372,1,Active
LN-105897,2022-01-10,North India,Home Loan,4587440.0,300,12.57,25,Self-Employed,High School,Single,27816.0,557,50259.12,1.807,6,Restructured
LN-101207,2022-01-11,East India,Business Loan,2385433.0,84,14.57,52,Business Owner,Graduate,Divorced,112231.0,669,45457.52,0.405,11,Written Off
LN-101796,2022-01-11,South India,Education Loan,489915.0,36,8.26,21,Unemployed,Professional Degree,Divorced,21051.0,568,15410.99,0.732,2,Active
LN-101958,2022-01-11,South India,Home Loan,2161182.0,240,14.2,66,Salaried,Graduate,Married,69064.0,680,27189.24,0.394,8,Defaulted
LN-102617,2022-01-11,East India,Agriculture Loan,376240.0,36,16.97,22,Salaried,Graduate,Single,67408.0,678,13408.37,0.199,0,Fully Paid
LN-104137,2022-01-11,South India,Agriculture Loan,572312.0,36,12.31,62,Business Owner,Graduate,Single,93219.0,694,19093.8,0.205,0,Fully Paid
LN-105176,2022-01-11,Central India,Home Loan,1552639.0,120,17.07,25,Business Owner,High School,Single,55229.0,711,27053.41,0.49,1,Active
LN-105196,2022-01-11,North India,Personal Loan,248727.0,36,10.93,29,Self-Employed,Post-Graduate,Single,77319.0,729,8134.76,0.105,0,Fully Paid
LN-105351,2022-01-11,Central India,Personal Loan,478220.0,12,11.73,45,Salaried,Post-Graduate,Married,66461.0,748,42428.89,0.638,0,Fully Paid
LN-100407,2022-01-12,North India,Agriculture Loan,886689.0,24,11.81,34,Self-Employed,Graduate,Divorced,69773.0,697,41660.9,0.597,0,Fully Paid
LN-100622,2022-01-12,South India,Home Loan,1995937.0,180,7.56,40,Retired,Post-Graduate,Married,89327.0,842,18570.7,0.208,0,Active
LN-104571,2022-01-12,East India,Home Loan,3692075.0,300,9.64,33,Self-Employed,High School,Married,34979.0,591,32617.57,0.932,2,Active
LN-106485,2022-01-12,West India,Education Loan,283726.0,60,10.2,56,Business Owner,Graduate,Married,60226.0,657,6056.3,0.101,1,Active
LN-106733,2022-01-12,South India,Gold Loan,97254.0,12,8.79,31,Self-Employed,Graduate,Divorced,61007.0,628,8495.54,0.139,0,Fully Paid
LN-101755,2022-01-13,Central India,Vehicle Loan,1081982.0,36,9.07,34,Salaried,Professional Degree,Divorced,114804.0,774,34442.0,0.3,0,Fully Paid
LN-103806,2022-01-13,Central India,Vehicle Loan,1017295.0,36,9.04,40,Salaried,Graduate,Divorced,54775.0,657,32368.65,0.591,1,Active
LN-105097,2022-01-13,Central India,Education Loan,895322.0,36,7.67,48,Self-Employed,Post-Graduate,Married,98434.0,626,27920.04,0.284,0,Fully Paid
LN-105517,2022-01-13,East India,Vehicle Loan,1126791.0,48,9.4,26,Salaried,Post-Graduate,Married,84578.0,743,28254.75,0.334,0,Fully Paid
LN-105765,2022-01-13,North India,Personal Loan,376420.0,12,13.77,59,Self-Employed,Graduate,Divorced,59964.0,669,33756.94,0.563,0,Fully Paid
LN-106706,2022-01-14,East India,Home Loan,5474910.0,240,16.53,33,Self-Employed,High School,Married,36100.0,678,78355.14,2.171,1,Active
LN-101407,2022-01-15,Central India,Personal Loan,203631.0,12,8.79,60,Salaried,Post-Graduate,Divorced,84262.0,671,17788.01,0.211,0,Fully Paid
LN-102381,2022-01-15,Central India,Business Loan,1600883.0,24,7.53,44,Retired,High School,Divorced,18303.0,648,72060.92,3.937,0,Fully Paid
LN-104050,2022-01-15,South India,Business Loan,4092488.0,84,9.51,27,Business Owner,Graduate,Married,61797.0,549,66908.51,1.083,4,Restructured
LN-100514,2022-01-16,East India,Gold Loan,585264.0,12,18.23,44,Salaried,Professional Degree,Divorced,111458.0,811,53721.08,0.482,0,Fully Paid
LN-103212,2022-01-16,East India,Home Loan,1832468.0,120,15.2,29,Self-Employed,Graduate,Married,68382.0,600,29788.95,0.436,3,Active
LN-105501,2022-01-16,West India,Vehicle Loan,750762.0,72,15.16,49,Self-Employed,Professional Degree,Divorced,148234.0,572,15940.18,0.108,0,Active
LN-100032,2022-01-17,Central India,Home Loan,2778103.0,180,10.83,48,Self-Employed,Post-Graduate,Married,52549.0,696,31279.91,0.595,0,Active
LN-100038,2022-01-17,East India,Education Loan,635662.0,60,11.81,42,Business Owner,Post-Graduate,Divorced,109485.0,666,14078.99,0.129,0,Active
LN-102827,2022-01-17,Central India,Vehicle Loan,761933.0,48,9.11,49,Retired,Post-Graduate,Married,83568.0,617,19000.56,0.227,0,Fully Paid
LN-102984,2022-01-17,East India,Vehicle Loan,780015.0,60,9.07,63,Self-Employed,Post-Graduate,Single,107696.0,702,16218.34,0.151,1,Active
LN-105268,2022-01-17,East India,Vehicle Loan,1182270.0,48,14.37,26,Salaried,Graduate,Single,49820.0,607,32527.13,0.653,2,Active
LN-103157,2022-01-18,West India,Vehicle Loan,542867.0,72,10.18,54,Retired,High School,Single,20709.0,714,10106.41,0.488,0,Active
LN-104914,2022-01-18,South India,Vehicle Loan,975705.0,72,11.77,23,Salaried,High School,Divorced,27949.0,712,18958.72,0.678,0,Active
LN-105269,2022-01-18,Central India,Agriculture Loan,168894.0,24,9.44,46,Self-Employed,Post-Graduate,Married,66124.0,743,7750.02,0.117,1,Active
LN-105307,2022-01-18,West India,Gold Loan,288110.0,6,9.52,37,Salaried,Graduate,Married,62209.0,676,49360.42,0.793,1,Active
LN-100143,2022-01-19,West India,Personal Loan,172173.0,12,16.4,36,Self-Employed,Post-Graduate,Divorced,61651.0,682,15654.01,0.254,0,Fully Paid
LN-102020,2022-01-19,Central India,Vehicle Loan,787825.0,36,11.95,49,Salaried,Graduate,Divorced,48306.0,711,26148.25,0.541,0,Fully Paid
LN-105544,2022-01-19,North India,Business Loan,3559811.0,24,14.24,24,Retired,Graduate,Single,35861.0,554,171320.68,4.777,3,Active
LN-100616,2022-01-20,East India,Education Loan,1846749.0,84,15.45,38,Retired,Professional Degree,Divorced,146501.0,821,36104.11,0.246,1,Active
LN-100908,2022-01-20,East India,Personal Loan,225491.0,24,15.72,61,Salaried,Post-Graduate,Divorced,74441.0,640,11010.6,0.148,0,Active
LN-101371,2022-01-20,West India,Personal Loan,50370.0,24,16.23,52,Self-Employed,Professional Degree,Married,104284.0,502,2471.81,0.024,3,Restructured
LN-101438,2022-01-20,Central India,Agriculture Loan,259423.0,12,14.81,34,Retired,Post-Graduate,Married,98260.0,704,23391.83,0.238,0,Active
LN-105341,2022-01-20,Central India,Education Loan,1673600.0,36,8.32,28,Retired,Post-Graduate,Married,81249.0,764,52691.95,0.649,12,Written Off
LN-106054,2022-01-20,South India,Vehicle Loan,424903.0,72,16.15,26,Salaried,Post-Graduate,Single,111117.0,732,9252.05,0.083,1,Active
LN-100578,2022-01-21,East India,Home Loan,1717736.0,240,14.37,21,Salaried,Professional Degree,Divorced,141964.0,694,21823.54,0.154,0,Active
LN-103318,2022-01-21,East India,Home Loan,4234800.0,300,14.94,29,Self-Employed,Graduate,Single,58224.0,650,54043.55,0.928,1,Active
LN-103646,2022-01-21,South India,Business Loan,2325780.0,60,17.3,21,Salaried,Post-Graduate,Married,99682.0,662,58177.45,0.584,1,Active
LN-103653,2022-01-21,Central India,Personal Loan,457175.0,36,7.96,28,Unemployed,High School,Married,11990.0,600,14317.77,1.194,0,Fully Paid
LN-103996,2022-01-21,East India,Personal Loan,332180.0,24,15.14,33,Self-Employed,High School,Divorced,21826.0,699,16128.4,0.739,0,Fully Paid
LN-102564,2022-01-22,South India,Education Loan,649370.0,84,15.79,41,Self-Employed,Professional Degree,Married,84806.0,733,12820.28,0.151,0,Active
LN-101928,2022-01-23,East India,Education Loan,1960496.0,60,17.12,34,Salaried,Post-Graduate,Single,87033.0,740,48849.96,0.561,0,Active
LN-104227,2022-01-23,East India,Education Loan,1509706.0,60,7.55,55,Business Owner,Graduate,Divorced,61845.0,732,30287.29,0.49,0,Active
LN-105044,2022-01-23,Central India,Vehicle Loan,476480.0,60,11.5,57,Retired,Professional Degree,Single,83693.0,734,10479.04,0.125,0,Active
LN-102892,2022-01-24,South India,Personal Loan,220358.0,48,18.26,55,Self-Employed,High School,Divorced,18407.0,594,6502.99,0.353,0,Fully Paid
LN-104235,2022-01-24,West India,Personal Loan,324734.0,12,16.59,33,Salaried,Graduate,Married,40884.0,806,29554.14,0.723,0,Fully Paid
LN-101947,2022-01-25,South India,Business Loan,3040775.0,24,15.67,46,Self-Employed,Post-Graduate,Divorced,67186.0,824,148406.79,2.209,0,Fully Paid
LN-103798,2022-01-25,West India,Business Loan,3627613.0,84,16.65,36,Salaried,Graduate,Single,51966.0,659,73401.28,1.412,1,Active
LN-106343,2022-01-25,North India,Vehicle Loan,965902.0,48,10.9,50,Salaried,Graduate,Married,67164.0,799,24917.36,0.371,0,Fully Paid
LN-106927,2022-01-25,East India,Home Loan,4787840.0,240,10.23,56,Salaried,Graduate,Married,58588.0,774,46935.65,0.801,1,Active
LN-102793,2022-01-26,West India,Vehicle Loan,336685.0,48,10.92,39,Salaried,Graduate,Single,62558.0,748,8688.73,0.139,0,Fully Paid
LN-102972,2022-01-26,West India,Home Loan,4475405.0,300,9.81,40,Self-Employed,Post-Graduate,Single,75665.0,749,40070.16,0.53,0,Active
LN-103558,2022-01-26,North India,Home Loan,4081621.0,240,10.68,46,Salaried,Graduate,Married,56267.0,688,41244.78,0.733,6,Written Off
LN-101013,2022-01-27,Central India,Home Loan,4909505.0,180,12.27,21,Self-Employed,Graduate,Married,70836.0,640,59777.8,0.844,0,Active
LN-103952,2022-01-27,East India,Vehicle Loan,959814.0,48,8.78,33,Salaried,High School,Married,21277.0,679,23784.87,1.118,0,Fully Paid
LN-101971,2022-01-28,South India,Agriculture Loan,576444.0,36,8.55,41,Salaried,Graduate,Single,69600.0,719,18210.28,0.262,0,Fully Paid
LN-100848,2022-01-29,Central India,Business Loan,2839423.0,84,13.14,42,Retired,Professional Degree,Single,98155.0,682,51871.04,0.528,1,Active
LN-101508,2022-01-29,West India,Education Loan,961898.0,120,8.18,38,Salaried,Graduate,Divorced,39615.0,649,11762.17,0.297,0,Active
LN-104262,2022-01-29,East India,Business Loan,1930693.0,24,14.78,21,Salaried,Post-Graduate,Divorced,68982.0,701,93411.15,1.354,0,Fully Paid
LN-106210,2022-01-29,Central India,Personal Loan,482409.0,48,15.31,24,Salaried,High School,Single,19088.0,683,13501.73,0.707,1,Active
LN-106337,2022-01-29,North India,Gold Loan,89301.0,12,14.8,53,Salaried,High School,Single,32721.0,649,8051.73,0.246,1,Active
LN-106754,2022-01-29,South India,Business Loan,1201736.0,24,17.48,43,Retired,High School,Single,22615.0,617,59694.09,2.64,0,Fully Paid
LN-101986,2022-01-31,Central India,Home Loan,2545704.0,300,17.75,30,Salaried,Graduate,Divorced,67557.0,749,38120.89,0.564,0,Active
LN-101409,2022-02-01,South India,Education Loan,857243.0,120,13.12,40,Retired,Graduate,Divorced,32072.0,722,12860.3,0.401,0,Active
LN-103089,2022-02-01,West India,Personal Loan,257257.0,48,16.97,35,Salaried,Post-Graduate,Divorced,82993.0,664,7419.17,0.089,0,Fully Paid
LN-103413,2022-02-01,East India,Agriculture Loan,702373.0,12,17.53,32,Salaried,Post-Graduate,Married,76956.0,626,64236.55,0.835,0,Fully Paid
LN-103441,2022-02-02,East India,Agriculture Loan,601431.0,24,10.07,48,Retired,High School,Single,18802.0,676,27772.42,1.477,0,Fully Paid
LN-104962,2022-02-02,Central India,Home Loan,3705896.0,240,10.66,33,Unemployed,High School,Married,11363.0,572,37398.07,3.291,3,Defaulted
LN-105823,2022-02-02,South India,Home Loan,3342786.0,120,16.64,40,Retired,Post-Graduate,Married,103476.0,584,57336.53,0.554,1,Active
LN-100745,2022-02-03,Central India,Personal Loan,395484.0,36,17.74,40,Self-Employed,Graduate,Divorced,62865.0,821,14246.16,0.227,0,Fully Paid
LN-100870,2022-02-03,West India,Education Loan,1555641.0,84,9.13,44,Salaried,Professional Degree,Married,135478.0,811,25131.58,0.186,1,Active
LN-103120,2022-02-03,North India,Home Loan,3756977.0,180,17.33,43,Self-Employed,High School,Divorced,23317.0,635,58700.98,2.518,2,Restructured
LN-100983,2022-02-04,North India,Personal Loan,270289.0,24,8.75,21,Retired,Professional Degree,Single,130752.0,730,12317.1,0.094,0,Fully Paid
LN-103237,2022-02-04,South India,Gold Loan,696067.0,12,14.55,47,Salaried,Graduate,Divorced,39096.0,681,62678.12,1.603,0,Fully Paid
LN-103831,2022-02-04,West India,Home Loan,5608478.0,240,7.8,31,Business Owner,Graduate,Married,48366.0,688,46215.88,0.956,2,Restructured
LN-104052,2022-02-04,South India,Business Loan,1587643.0,24,8.35,43,Self-Employed,Graduate,Single,69919.0,639,72058.49,1.031,1,Active
LN-105037,2022-02-04,West India,Personal Loan,83651.0,36,15.21,38,Retired,Graduate,Single,40178.0,632,2908.4,0.072,0,Fully Paid
LN-105228,2022-02-04,Central India,Personal Loan,61952.0,24,15.96,31,Salaried,Professional Degree,Divorced,77392.0,696,3032.18,0.039,0,Fully Paid
LN-102455,2022-02-05,West India,Business Loan,557509.0,84,9.57,43,Salaried,Graduate,Single,67243.0,762,9131.91,0.136,1,Active
LN-104778,2022-02-05,South India,Vehicle Loan,817242.0,36,12.78,29,Self-Employed,Graduate,Divorced,63030.0,683,27449.59,0.436,0,Fully Paid
LN-105247,2022-02-05,East India,Vehicle Loan,658416.0,72,14.64,32,Self-Employed,High School,Single,34287.0,655,13793.82,0.402,1,Active
LN-102962,2022-02-06,West India,Personal Loan,245746.0,24,7.97,36,Retired,Post-Graduate,Divorced,77739.0,647,11111.06,0.143,0,Fully Paid
LN-106072,2022-02-06,South India,Education Loan,306518.0,60,8.83,59,Self-Employed,Professional Degree,Divorced,112647.0,746,6337.55,0.056,0,Active
LN-106141,2022-02-06,East India,Vehicle Loan,791005.0,36,17.27,38,Salaried,Post-Graduate,Divorced,106654.0,825,28307.89,0.265,0,Fully Paid
LN-100704,2022-02-07,East India,Personal Loan,477778.0,48,10.89,34,Salaried,Graduate,Married,51561.0,783,12322.92,0.239,0,Fully Paid
LN-102472,2022-02-07,East India,Personal Loan,385962.0,48,13.69,31,Self-Employed,Graduate,Divorced,40683.0,692,10487.06,0.258,0,Fully Paid
LN-103403,2022-02-07,South India,Vehicle Loan,356660.0,72,7.54,28,Salaried,Graduate,Divorced,60268.0,735,6173.6,0.102,1,Active
LN-105043,2022-02-07,East India,Personal Loan,345449.0,12,15.7,30,Salaried,Graduate,Married,69770.0,655,31293.86,0.449,0,Fully Paid
LN-106608,2022-02-07,West India,Agriculture Loan,435617.0,24,15.83,32,Self-Employed,Post-Graduate,Married,57160.0,652,21293.8,0.373,0,Fully Paid
LN-101220,2022-02-08,East India,Gold Loan,648782.0,24,13.34,50,Salaried,High School,Divorced,27860.0,766,30947.99,1.111,0,Fully Paid
LN-101877,2022-02-08,South India,Home Loan,3776150.0,300,13.26,28,Self-Employed,Below High School,Divorced,12685.0,667,43329.69,3.416,0,Active
LN-102031,2022-02-08,North India,Vehicle Loan,759555.0,36,8.29,21,Self-Employed,Graduate,Single,49363.0,705,23903.44,0.484,0,Fully Paid
LN-104800,2022-02-08,West India,Education Loan,1620036.0,60,13.65,36,Salaried,Professional Degree,Divorced,140079.0,711,37402.09,0.267,0,Active
LN-102609,2022-02-09,West India,Personal Loan,87548.0,48,16.95,65,Salaried,Graduate,Married,32846.0,676,2523.94,0.077,0,Fully Paid
LN-104832,2022-02-09,West India,Education Loan,720357.0,84,8.36,29,Salaried,Post-Graduate,Single,92561.0,706,11357.27,0.123,1,Active
LN-105000,2022-02-09,North India,Home Loan,1600059.0,180,14.74,38,Salaried,Graduate,Single,58796.0,731,22109.97,0.376,1,Active
LN-103264,2022-02-11,Central India,Education Loan,349208.0,60,17.7,21,Self-Employed,Graduate,Married,70099.0,643,8810.7,0.126,0,Active
LN-100077,2022-02-12,North India,Gold Loan,486591.0,12,14.84,27,Salaried,High School,Divorced,34700.0,759,43882.15,1.265,0,Fully Paid
LN-100343,2022-02-12,Central India,Business Loan,4606056.0,60,18.27,32,Business Owner,Post-Graduate,Single,113016.0,634,117641.14,1.041,1,Active
LN-104481,2022-02-12,West India,Education Loan,453837.0,84,11.92,51,Salaried,Post-Graduate,Single,57985.0,684,7992.06,0.138,0,Active
LN-105784,2022-02-12,Central India,Gold Loan,582645.0,24,8.73,49,Salaried,Post-Graduate,Divorced,54400.0,646,26545.87,0.488,2,Active
LN-100482,2022-02-13,South India,Personal Loan,432612.0,48,18.01,41,Self-Employed,Graduate,Divorced,42533.0,597,12710.24,0.299,0,Fully Paid
LN-106592,2022-02-13,North India,Vehicle Loan,498919.0,36,10.07,41,Business Owner,Graduate,Married,53362.0,675,16115.11,0.302,0,Fully Paid
LN-104010,2022-02-14,East India,Home Loan,4237683.0,180,15.36,45,Self-Employed,Graduate,Married,34070.0,706,60358.42,1.772,0,Active
LN-100763,2022-02-15,East India,Vehicle Loan,691106.0,36,13.95,29,Retired,Graduate,Married,71432.0,660,23603.59,0.33,0,Fully Paid
LN-101055,2022-02-15,West India,Vehicle Loan,392427.0,48,16.48,48,Salaried,Post-Graduate,Married,107745.0,717,11218.2,0.104,0,Fully Paid
LN-104094,2022-02-15,Central India,Vehicle Loan,1128119.0,48,11.3,47,Self-Employed,Professional Degree,Single,69881.0,669,29321.45,0.42,0,Fully Paid
LN-105290,2022-02-15,South India,Vehicle Loan,210800.0,36,10.87,31,Salaried,Graduate,Married,32681.0,727,6888.35,0.211,0,Fully Paid
LN-101135,2022-02-16,South India,Gold Loan,753268.0,6,11.12,33,Self-Employed,Professional Degree,Single,99670.0,721,129647.8,1.301,0,Active
LN-103779,2022-02-16,West India,Education Loan,719249.0,84,10.98,42,Salaried,Graduate,Divorced,59106.0,735,12307.73,0.208,1,Active
LN-105279,2022-02-16,East India,Home Loan,5592376.0,240,11.84,36,Self-Employed,Professional Degree,Divorced,67677.0,623,60954.21,0.901,11,Written Off
LN-100802,2022-02-17,North India,Gold Loan,716011.0,24,8.7,35,Self-Employed,Post-Graduate,Married,87561.0,718,32612.31,0.372,1,Active
LN-102373,2022-02-17,West India,Home Loan,5823719.0,300,13.21,31,Self-Employed,Post-Graduate,Single,50327.0,700,66604.51,1.323,0,Active
LN-105668,2022-02-17,North India,Home Loan,3045801.0,300,14.49,44,Business Owner,Graduate,Married,109672.0,730,37810.34,0.345,1,Active
LN-105764,2022-02-17,North India,Personal Loan,433436.0,12,13.76,23,Salaried,High School,Married,18253.0,587,38868.04,2.129,3,Active
LN-103050,2022-02-18,South India,Personal Loan,329691.0,36,9.14,36,Self-Employed,Post-Graduate,Divorced,104347.0,775,10505.58,0.101,0,Fully Paid
LN-103759,2022-02-18,West India,Personal Loan,474243.0,36,15.3,40,Unemployed,High School,Married,6265.0,562,16509.55,2.635,5,Defaulted
LN-105179,2022-02-19,North India,Business Loan,4360199.0,24,9.77,35,Salaried,High School,Divorced,22614.0,678,200738.51,8.877,0,Fully Paid
LN-106849,2022-02-19,Central India,Gold Loan,127479.0,6,16.55,43,Salaried,Post-Graduate,Single,62055.0,662,22283.79,0.359,0,Fully Paid
LN-106916,2022-02-19,West India,Personal Loan,181709.0,12,10.82,31,Salaried,Post-Graduate,Divorced,84806.0,658,16044.49,0.189,0,Fully Paid
LN-102069,2022-02-20,South India,Home Loan,5207021.0,300,11.24,35,Salaried,High School,Single,20133.0,744,51940.69,2.58,0,Active
LN-102414,2022-02-20,North India,Personal Loan,53377.0,48,14.19,25,Business Owner,Professional Degree,Divorced,141429.0,824,1463.7,0.01,0,Fully Paid
LN-105682,2022-02-20,West India,Vehicle Loan,1090778.0,36,16.97,49,Business Owner,Post-Graduate,Single,122910.0,774,38872.93,0.316,0,Fully Paid
LN-106458,2022-02-20,Central India,Education Loan,1450700.0,36,9.8,49,Self-Employed,Below High School,Married,20923.0,703,46673.91,2.231,0,Fully Paid
LN-102951,2022-02-21,West India,Home Loan,2342486.0,180,14.65,52,Self-Employed,Post-Graduate,Married,73140.0,809,32225.41,0.441,1,Active
LN-103312,2022-02-21,West India,Vehicle Loan,916173.0,60,13.06,33,Salaried,High School,Married,39968.0,733,20873.9,0.522,5,Defaulted
LN-103815,2022-02-21,West India,Home Loan,3918977.0,240,12.08,60,Salaried,Below High School,Divorced,15875.0,626,43370.09,2.732,9,Defaulted
LN-104239,2022-02-21,North India,Vehicle Loan,301652.0,60,8.52,42,Salaried,Below High School,Divorced,17634.0,599,6191.76,0.351,2,Active
LN-104951,2022-02-21,West India,Personal Loan,90861.0,24,18.08,61,Self-Employed,Post-Graduate,Married,71719.0,585,4539.67,0.063,0,Fully Paid
LN-105894,2022-02-21,South India,Home Loan,3208015.0,300,7.93,36,Business Owner,High School,Single,50862.0,660,24611.4,0.484,1,Active
LN-101660,2022-02-22,East India,Home Loan,5012120.0,240,16.7,32,Salaried,High School,Divorced,22773.0,646,72376.55,3.178,10,Defaulted
LN-102690,2022-02-22,South India,Home Loan,3654487.0,240,17.52,45,Self-Employed,Professional Degree,Single,81769.0,779,55053.84,0.673,1,Active
LN-103200,2022-02-22,Central India,Education Loan,1939789.0,120,13.04,37,Salaried,High School,Single,30671.0,608,29008.92,0.946,0,Active
LN-103588,2022-02-22,South India,Business Loan,4390652.0,60,17.79,32,Retired,Post-Graduate,Single,69520.0,789,110992.72,1.597,0,Active
LN-105420,2022-02-22,East India,Personal Loan,215596.0,48,16.36,35,Salaried,Professional Degree,Single,117349.0,658,6149.87,0.052,0,Fully Paid
LN-106115,2022-02-22,Central India,Business Loan,4349609.0,24,14.74,50,Self-Employed,Graduate,Married,34392.0,597,210361.05,6.117,0,Fully Paid
LN-101180,2022-02-23,East India,Vehicle Loan,714816.0,36,13.31,30,Business Owner,Professional Degree,Married,206511.0,808,24191.85,0.117,0,Fully Paid
LN-101536,2022-02-23,Central India,Personal Loan,197258.0,36,11.91,47,Salaried,Graduate,Single,57153.0,736,6543.31,0.114,0,Fully Paid
LN-102427,2022-02-23,South India,Home Loan,3643791.0,120,8.24,37,Self-Employed,Graduate,Divorced,57802.0,643,44672.68,0.773,4,Defaulted
LN-102577,2022-02-23,Central India,Home Loan,3399543.0,240,11.33,42,Business Owner,Post-Graduate,Divorced,146347.0,825,35856.34,0.245,0,Active
LN-104842,2022-02-23,North India,Education Loan,1956549.0,60,11.88,24,Self-Employed,Post-Graduate,Divorced,55162.0,585,43403.8,0.787,11,Defaulted
LN-106094,2022-02-23,South India,Vehicle Loan,642445.0,36,14.93,47,Salaried,High School,Single,36225.0,568,22248.55,0.614,0,Fully Paid
LN-106320,2022-02-23,East India,Personal Loan,300436.0,36,16.07,42,Salaried,Post-Graduate,Divorced,89359.0,666,10572.82,0.118,0,Fully Paid
LN-101067,2022-02-24,South India,Personal Loan,382147.0,24,13.67,53,Salaried,Post-Graduate,Single,103013.0,634,18288.46,0.178,0,Fully Paid
LN-104374,2022-02-24,East India,Personal Loan,463005.0,12,10.51,37,Self-Employed,Post-Graduate,Single,91781.0,646,40815.4,0.445,0,Fully Paid
LN-100498,2022-02-25,Central India,Agriculture Loan,337142.0,36,16.95,38,Salaried,Professional Degree,Married,74295.0,719,12011.64,0.162,0,Fully Paid
LN-106751,2022-02-25,East India,Vehicle Loan,649026.0,60,15.78,27,Business Owner,Graduate,Married,107643.0,729,15707.29,0.146,1,Active
LN-106941,2022-02-25,West India,Education Loan,1518957.0,60,8.0,35,Salaried,High School,Divorced,34306.0,726,30798.97,0.898,6,Written Off
LN-100043,2022-02-26,Central India,Home Loan,2222850.0,120,17.7,42,Self-Employed,Graduate,Single,61942.0,657,39624.15,0.64,6,Restructured
LN-100833,2022-02-26,East India,Business Loan,3669258.0,60,7.65,45,Business Owner,High School,Divorced,25741.0,688,73786.23,2.866,0,Active
LN-101194,2022-02-26,East India,Personal Loan,416197.0,24,17.17,32,Self-Employed,Graduate,Single,43117.0,720,20611.73,0.478,0,Fully Paid
LN-105530,2022-02-26,South India,Home Loan,2013651.0,240,7.89,34,Salaried,Graduate,Married,39701.0,655,16705.39,0.421,1,Active
LN-100024,2022-02-27,Central India,Gold Loan,122624.0,6,17.05,29,Retired,Professional Degree,Single,72817.0,673,21465.61,0.295,0,Fully Paid
LN-103193,2022-02-27,South India,Home Loan,5959429.0,240,11.1,34,Self-Employed,Professional Degree,Divorced,129591.0,638,61918.62,0.478,3,Active
LN-105064,2022-02-27,North India,Gold Loan,342287.0,24,14.95,43,Salaried,Graduate,Single,52841.0,700,16588.22,0.314,0,Fully Paid
LN-100594,2022-02-28,East India,Vehicle Loan,841675.0,60,16.05,39,Salaried,High School,Married,17872.0,607,20490.27,1.147,9,Written Off
LN-103010,2022-03-01,West India,Home Loan,3768265.0,240,15.93,32,Business Owner,Professional Degree,Married,167305.0,677,52228.41,0.312,1,Active
LN-104247,2022-03-01,North India,Gold Loan,406593.0,24,7.88,42,Unemployed,Graduate,Divorced,13732.0,558,18366.86,1.338,0,Active
LN-104485,2022-03-01,South India,Business Loan,1128986.0,84,18.13,21,Salaried,High School,Single,22992.0,748,23814.95,1.036,1,Active
LN-105126,2022-03-01,Central India,Personal Loan,300879.0,12,11.97,33,Salaried,Graduate,Divorced,69429.0,737,26728.51,0.385,0,Fully Paid
LN-105713,2022-03-01,West India,Home Loan,1637785.0,180,7.85,39,Salaried,Post-Graduate,Single,69404.0,692,15510.03,0.223,0,Active
LN-100898,2022-03-02,North India,Home Loan,2644162.0,300,12.77,27,Salaried,Graduate,Married,34329.0,752,29364.79,0.855,1,Active
LN-103147,2022-03-02,North India,Business Loan,2661329.0,60,16.01,23,Self-Employed,Post-Graduate,Single,49761.0,645,64732.49,1.301,1,Active
LN-104415,2022-03-02,Central India,Personal Loan,367276.0,48,13.98,35,Retired,Below High School,Married,17034.0,645,10032.67,0.589,0,Fully Paid
LN-105628,2022-03-02,Central India,Home Loan,4871588.0,180,10.85,70,Salaried,High School,Married,22420.0,663,54912.33,2.449,1,Active
LN-106961,2022-03-02,Central India,Business Loan,3381702.0,84,13.93,25,Business Owner,High School,Married,35136.0,653,63242.44,1.8,0,Active
LN-102956,2022-03-03,South India,Personal Loan,389227.0,12,11.23,27,Unemployed,Graduate,Married,14777.0,506,34442.3,2.331,9,Defaulted
LN-100041,2022-03-04,South India,Personal Loan,400933.0,12,9.23,41,Salaried,Post-Graduate,Divorced,60594.0,782,35104.96,0.579,0,Active
LN-101665,2022-03-04,North India,Personal Loan,486346.0,48,8.48,30,Retired,High School,Single,17633.0,604,11983.01,0.68,0,Fully Paid
LN-104260,2022-03-04,North India,Home Loan,3551436.0,300,12.51,26,Unemployed,Graduate,Single,14552.0,468,38749.73,2.663,0,Active
LN-104916,2022-03-04,East India,Home Loan,4027131.0,180,11.53,21,Salaried,Post-Graduate,Single,82521.0,750,47121.37,0.571,0,Active
LN-101979,2022-03-05,West India,Vehicle Loan,1147812.0,60,10.23,43,Salaried,High School,Married,24161.0,690,24517.71,1.015,0,Active
LN-101128,2022-03-06,North India,Business Loan,2214178.0,60,8.32,42,Retired,Professional Degree,Divorced,151971.0,676,45235.41,0.298,1,Active
LN-100746,2022-03-07,North India,Home Loan,3503600.0,240,7.98,34,Salaried,Graduate,Married,56476.0,827,29261.92,0.518,0,Active
LN-105774,2022-03-07,North India,Business Loan,2006024.0,24,7.51,40,Salaried,Below High School,Married,24994.0,687,90279.38,3.612,0,Active
LN-100625,2022-03-08,South India,Home Loan,2359368.0,120,10.28,49,Salaried,High School,Married,28957.0,644,31546.19,1.089,1,Active
LN-100740,2022-03-08,South India,Gold Loan,615999.0,6,11.86,33,Retired,Graduate,Divorced,45350.0,733,106247.01,2.343,4,Restructured
LN-101826,2022-03-08,South India,Vehicle Loan,298070.0,60,13.45,47,Salaried,Graduate,Married,56459.0,653,6850.87,0.121,1,Active
LN-103792,2022-03-08,South India,Vehicle Loan,465159.0,72,8.48,35,Retired,Graduate,Single,56252.0,668,8265.2,0.147,0,Active
LN-104644,2022-03-08,East India,Gold Loan,212917.0,6,13.39,56,Salaried,Professional Degree,Single,132272.0,620,36884.86,0.279,2,Active
LN-106019,2022-03-08,East India,Personal Loan,457132.0,36,14.29,21,Salaried,Post-Graduate,Married,54759.0,697,15688.15,0.286,0,Fully Paid
LN-105729,2022-03-09,West India,Personal Loan,462766.0,48,9.08,33,Business Owner,Graduate,Married,68840.0,716,11533.54,0.168,0,Fully Paid
LN-106853,2022-03-09,West India,Vehicle Loan,545641.0,72,11.95,38,Self-Employed,Post-Graduate,Single,60695.0,643,10653.2,0.176,1,Active
LN-100054,2022-03-10,West India,Home Loan,4322907.0,120,13.09,37,Unemployed,Professional Degree,Single,36043.0,705,64775.33,1.797,0,Active
LN-101795,2022-03-10,South India,Vehicle Loan,273963.0,60,15.34,39,Salaried,Professional Degree,Divorced,86144.0,723,6566.56,0.076,0,Active
LN-102545,2022-03-10,East India,Vehicle Loan,231277.0,36,18.41,36,Self-Employed,Graduate,Married,66914.0,707,8408.86,0.126,0,Fully Paid
LN-103930,2022-03-11,West India,Personal Loan,175807.0,48,13.8,55,Salaried,Graduate,Married,68336.0,759,4786.57,0.07,0,Fully Paid
LN-100025,2022-03-12,South India,Personal Loan,137792.0,48,8.09,41,Salaried,Graduate,Married,48151.0,656,3369.73,0.07,0,Fully Paid
LN-101761,2022-03-12,West India,Vehicle Loan,885118.0,72,8.0,46,Salaried,Post-Graduate,Married,98749.0,663,15518.99,0.157,0,Active
LN-102085,2022-03-12,North India,Vehicle Loan,306373.0,60,17.02,33,Retired,Post-Graduate,Single,107452.0,691,7617.45,0.071,1,Active
LN-102456,2022-03-12,East India,Business Loan,4588345.0,84,9.64,36,Salaried,Professional Degree,Single,78556.0,727,75321.2,0.959,0,Active
LN-102528,2022-03-12,South India,Business Loan,570700.0,84,10.83,34,Salaried,Post-Graduate,Single,67258.0,818,9720.84,0.145,1,Active
LN-103677,2022-03-12,Central India,Personal Loan,141200.0,36,8.14,49,Business Owner,Graduate,Single,60298.0,632,4433.82,0.074,0,Fully Paid
LN-103681,2022-03-12,South India,Home Loan,3453026.0,240,16.33,32,Self-Employed,Professional Degree,Single,143612.0,714,48897.34,0.34,1,Active
LN-100628,2022-03-13,Central India,Personal Loan,239469.0,36,12.21,44,Business Owner,Graduate,Divorced,109343.0,706,7977.84,0.073,0,Fully Paid
LN-104180,2022-03-13,Central India,Vehicle Loan,680763.0,72,18.48,50,Self-Employed,Graduate,Divorced,60058.0,673,15711.99,0.262,0,Active
LN-105217,2022-03-13,East India,Personal Loan,223969.0,12,14.41,42,Self-Employed,Graduate,Married,50548.0,646,20152.76,0.399,0,Fully Paid
LN-105650,2022-03-13,West India,Business Loan,2510556.0,84,12.1,39,Self-Employed,Post-Graduate,Single,63573.0,719,44452.55,0.699,6,Defaulted
LN-100475,2022-03-14,Central India,Gold Loan,774873.0,12,17.42,22,Salaried,Graduate,Married,45120.0,733,70826.64,1.57,1,Active
LN-104371,2022-03-14,North India,Education Loan,240296.0,120,11.26,49,Salaried,High School,Married,38784.0,750,3345.54,0.086,1,Active
LN-106729,2022-03-14,West India,Gold Loan,422006.0,24,9.75,26,Business Owner,Graduate,Married,48441.0,724,19424.78,0.401,0,Fully Paid
LN-100249,2022-03-15,South India,Home Loan,3313582.0,240,9.18,37,Retired,Below High School,Single,26984.0,579,30197.83,1.119,0,Active
LN-101056,2022-03-15,West India,Vehicle Loan,411892.0,48,7.72,37,Salaried,High School,Divorced,37864.0,741,10001.44,0.264,0,Fully Paid
LN-101413,2022-03-15,Central India,Vehicle Loan,277511.0,72,16.51,24,Salaried,Post-Graduate,Single,106089.0,760,6097.92,0.057,1,Active
LN-102722,2022-03-15,East India,Personal Loan,413654.0,48,9.1,46,Salaried,Graduate,Divorced,69656.0,742,10313.45,0.148,0,Fully Paid
LN-103529,2022-03-15,Central India,Gold Loan,705792.0,24,16.04,36,Retired,Professional Degree,Single,120698.0,689,34571.26,0.286,0,Fully Paid
LN-101792,2022-03-16,East India,Vehicle Loan,1022595.0,72,14.87,31,Salaried,Post-Graduate,Married,93639.0,745,21550.66,0.23,1,Active
LN-103911,2022-03-16,East India,Business Loan,2951678.0,60,18.06,39,Salaried,Post-Graduate,Married,84464.0,685,75049.6,0.889,1,Active
LN-105820,2022-03-16,South India,Vehicle Loan,347050.0,72,17.0,38,Retired,Graduate,Married,64256.0,745,7720.52,0.12,0,Active
LN-106109,2022-03-17,North India,Vehicle Loan,608814.0,48,15.1,33,Salaried,Professional Degree,Married,111298.0,653,16974.63,0.153,0,Fully Paid
LN-103099,2022-03-18,North India,Vehicle Loan,440012.0,36,7.91,62,Retired,Graduate,Divorced,34539.0,578,13770.12,0.399,0,Fully Paid
LN-105842,2022-03-18,North India,Business Loan,3292616.0,84,7.88,45,Salaried,Professional Degree,Divorced,139827.0,762,51122.79,0.366,1,Active
LN-100697,2022-03-19,South India,Home Loan,3733567.0,300,17.8,57,Business Owner,Graduate,Single,67888.0,721,56057.67,0.826,1,Active
LN-101004,2022-03-19,North India,Home Loan,2771576.0,300,18.31,44,Self-Employed,Graduate,Married,50612.0,608,42744.53,0.845,6,Defaulted
LN-101739,2022-03-19,North India,Personal Loan,296964.0,36,8.94,34,Salaried,Graduate,Divorced,63494.0,715,9435.09,0.149,0,Fully Paid
LN-102842,2022-03-19,North India,Home Loan,2776656.0,180,9.89,28,Business Owner,Professional Degree,Divorced,196703.0,671,29651.51,0.151,0,Active
LN-105340,2022-03-19,East India,Business Loan,4320179.0,36,14.94,41,Self-Employed,Post-Graduate,Married,70192.0,784,149633.52,2.132,0,Fully Paid
LN-106004,2022-03-19,East India,Gold Loan,333006.0,24,17.59,53,Salaried,Graduate,Single,52287.0,690,16559.13,0.317,0,Fully Paid
LN-106128,2022-03-19,West India,Personal Loan,390459.0,36,8.57,27,Salaried,Graduate,Single,59361.0,773,12338.5,0.208,0,Fully Paid
LN-106156,2022-03-19,Central India,Business Loan,3581387.0,36,14.82,26,Retired,High School,Married,30755.0,582,123834.5,4.026,12,Defaulted
LN-103074,2022-03-20,South India,Education Loan,611743.0,84,15.88,46,Business Owner,Post-Graduate,Married,134433.0,659,12108.71,0.09,1,Active
LN-103652,2022-03-20,North India,Home Loan,4674387.0,120,8.19,33,Self-Employed,Post-Graduate,Divorced,54936.0,655,57183.59,1.041,0,Active
LN-104358,2022-03-20,Central India,Personal Loan,239461.0,48,10.55,51,Salaried,Professional Degree,Married,82789.0,616,6136.79,0.074,0,Fully Paid
LN-106459,2022-03-20,Central India,Home Loan,5986113.0,180,8.7,36,Salaried,Graduate,Single,61689.0,790,59651.5,0.967,5,Written Off
LN-100550,2022-03-21,East India,Vehicle Loan,1098905.0,72,11.96,43,Business Owner,Post-Graduate,Single,127743.0,712,21460.95,0.168,0,Active
LN-101785,2022-03-21,East India,Education Loan,1240442.0,120,17.6,25,Self-Employed,Graduate,Single,36312.0,718,22032.49,0.607,0,Active
LN-102807,2022-03-21,South India,Home Loan,5905031.0,180,9.79,42,Business Owner,Post-Graduate,Married,136194.0,781,62699.29,0.46,0,Active
LN-100777,2022-03-22,West India,Education Loan,947380.0,84,16.69,35,Unemployed,Professional Degree,Divorced,27305.0,527,19191.13,0.703,11,Written Off
LN-101547,2022-03-22,East India,Vehicle Loan,611336.0,60,8.96,28,Business Owner,Graduate,Married,69091.0,880,12678.47,0.184,0,Active
LN-102067,2022-03-22,East India,Home Loan,3479838.0,120,11.3,53,Self-Employed,Graduate,Single,34625.0,710,48527.61,1.402,0,Active
LN-103875,2022-03-22,West India,Vehicle Loan,1150279.0,36,15.48,35,Salaried,High School,Married,39186.0,662,40145.71,1.024,10,Written Off
LN-104663,2022-03-22,West India,Personal Loan,123911.0,12,8.28,42,Retired,Post-Graduate,Single,55392.0,573,10794.87,0.195,3,Active
LN-100505,2022-03-23,Central India,Home Loan,4793629.0,300,14.59,48,Unemployed,Professional Degree,Married,37347.0,492,59877.41,1.603,8,Defaulted
LN-101027,2022-03-23,Central India,Education Loan,923018.0,60,12.02,29,Business Owner,Graduate,Divorced,82332.0,700,20541.36,0.249,0,Active
LN-102336,2022-03-23,West India,Business Loan,3041062.0,60,9.55,43,Salaried,Professional Degree,Single,115689.0,730,63942.29,0.553,1,Active
LN-103005,2022-03-23,East India,Personal Loan,255891.0,48,12.45,60,Salaried,Graduate,Married,60299.0,736,6795.27,0.113,0,Fully Paid
LN-104272,2022-03-23,West India,Personal Loan,304844.0,36,14.15,21,Salaried,High School,Divorced,27101.0,569,10441.07,0.385,2,Active
LN-104762,2022-03-23,Central India,Home Loan,5200586.0,180,13.28,50,Self-Employed,Professional Degree,Divorced,136288.0,624,66761.05,0.49,9,Defaulted
LN-106946,2022-03-23,West India,Home Loan,3654869.0,240,9.09,57,Salaried,Graduate,Married,39553.0,815,33095.65,0.837,0,Active
LN-101101,2022-03-24,North India,Vehicle Loan,791071.0,72,14.89,29,Business Owner,Post-Graduate,Single,80051.0,587,16679.99,0.208,2,Active
LN-103757,2022-03-24,East India,Vehicle Loan,545078.0,36,11.2,57,Unemployed,Graduate,Single,13200.0,454,17896.82,1.356,10,Written Off
LN-106198,2022-03-24,South India,Home Loan,2977167.0,300,16.25,28,Salaried,High School,Divorced,34325.0,668,41041.48,1.196,1,Active
LN-106433,2022-03-24,Central India,Vehicle Loan,756701.0,72,9.97,38,Salaried,Graduate,Single,32368.0,577,14007.07,0.433,0,Active
LN-101884,2022-03-25,South India,Education Loan,590586.0,36,13.47,26,Self-Employed,Post-Graduate,Divorced,61322.0,601,20033.14,0.327,0,Fully Paid
LN-102149,2022-03-25,North India,Agriculture Loan,607965.0,12,12.35,28,Salaried,High School,Married,39101.0,682,54116.55,1.384,0,Fully Paid
LN-103767,2022-03-25,East India,Home Loan,3174446.0,300,13.86,46,Business Owner,Graduate,Married,100297.0,754,37873.01,0.378,1,Active
LN-100556,2022-03-26,West India,Vehicle Loan,522551.0,72,10.81,32,Salaried,High School,Divorced,22096.0,637,9895.5,0.448,2,Active
LN-104964,2022-03-26,Central India,Personal Loan,219252.0,36,10.15,55,Salaried,Graduate,Divorced,57339.0,748,7090.1,0.124,0,Fully Paid
LN-105701,2022-03-27,North India,Vehicle Loan,1111059.0,72,7.73,21,Salaried,Post-Graduate,Married,67604.0,711,19334.32,0.286,1,Active
LN-100712,2022-03-28,South India,Personal Loan,157175.0,12,8.4,27,Salaried,Post-Graduate,Married,86416.0,802,13701.49,0.159,0,Fully Paid
LN-101599,2022-03-28,South India,Business Loan,4463018.0,84,8.4,29,Business Owner,Post-Graduate,Single,125277.0,780,70454.3,0.562,1,Active
LN-101619,2022-03-28,East India,Home Loan,4383275.0,300,8.4,26,Self-Employed,Post-Graduate,Married,75004.0,703,35000.42,0.467,1,Active
LN-102284,2022-03-28,East India,Home Loan,5524459.0,120,9.31,36,Salaried,Below High School,Single,15663.0,713,70911.72,4.527,1,Active
LN-102700,2022-03-28,East India,Home Loan,2520730.0,180,7.73,68,Salaried,High School,Single,35744.0,583,23698.15,0.663,8,Written Off
LN-104372,2022-03-28,East India,Business Loan,1904911.0,24,16.16,54,Self-Employed,High School,Divorced,22105.0,738,93416.06,4.226,0,Fully Paid
LN-106173,2022-03-28,East India,Vehicle Loan,423579.0,48,11.75,30,Retired,Graduate,Divorced,52902.0,628,11102.54,0.21,0,Fully Paid
LN-104805,2022-03-29,South India,Agriculture Loan,620355.0,24,14.57,33,Business Owner,Below High School,Single,32310.0,750,29952.35,0.927,1,Active
LN-105355,2022-03-29,North India,Education Loan,1858663.0,36,7.87,43,Salaried,Post-Graduate,Married,52085.0,592,58132.34,1.116,0,Fully Paid
LN-102345,2022-03-30,West India,Personal Loan,418796.0,48,8.2,27,Self-Employed,High School,Single,23784.0,646,10263.4,0.432,0,Fully Paid
LN-105587,2022-03-30,East India,Personal Loan,193642.0,48,15.61,43,Salaried,High School,Single,37437.0,642,5449.27,0.146,0,Fully Paid
LN-106001,2022-03-30,South India,Vehicle Loan,1050934.0,60,15.8,21,Salaried,Post-Graduate,Single,64437.0,617,25445.13,0.395,8,Defaulted
LN-106664,2022-03-30,Central India,Personal Loan,279007.0,48,13.34,37,Salaried,Graduate,Single,52113.0,602,7532.23,0.145,0,Fully Paid
LN-103382,2022-03-31,North India,Home Loan,4430647.0,300,10.17,44,Salaried,Post-Graduate,Divorced,72404.0,574,40793.5,0.563,1,Active
LN-103689,2022-03-31,Central India,Home Loan,4197625.0,240,16.54,55,Retired,Post-Graduate,Married,58334.0,486,60106.78,1.03,1,Active
LN-105047,2022-04-01,West India,Vehicle Loan,1022524.0,36,11.79,34,Salaried,Professional Degree,Married,144945.0,567,33859.96,0.234,3,Active
LN-106554,2022-04-01,South India,Personal Loan,220034.0,24,8.76,46,Business Owner,Graduate,Single,67954.0,794,10027.98,0.148,0,Fully Paid
LN-100522,2022-04-02,West India,Vehicle Loan,541564.0,36,13.04,27,Self-Employed,Graduate,Single,37220.0,648,18257.87,0.491,4,Written Off
LN-101383,2022-04-02,North India,Business Loan,4938124.0,36,8.69,45,Self-Employed,Post-Graduate,Divorced,87424.0,667,156319.53,1.788,1,Active
LN-105263,2022-04-02,Central India,Vehicle Loan,340402.0,36,8.55,43,Retired,Graduate,Single,56366.0,579,10753.54,0.191,0,Fully Paid
LN-100377,2022-04-03,West India,Home Loan,2772723.0,240,17.39,38,Self-Employed,Below High School,Divorced,19620.0,475,41494.65,2.115,0,Active
LN-100709,2022-04-03,East India,Personal Loan,366263.0,12,9.5,25,Self-Employed,Below High School,Single,21610.0,655,32115.23,1.486,0,Fully Paid
LN-104013,2022-04-03,North India,Education Loan,789986.0,60,15.26,45,Self-Employed,High School,Divorced,28576.0,594,18901.7,0.661,3,Active
LN-105646,2022-04-03,West India,Personal Loan,221655.0,24,17.85,43,Retired,Post-Graduate,Divorced,68033.0,570,11049.87,0.162,0,Fully Paid
LN-106919,2022-04-03,East India,Education Loan,956375.0,84,15.17,34,Salaried,Below High School,Divorced,20238.0,764,18546.27,0.916,0,Active
LN-101996,2022-04-04,West India,Personal Loan,79017.0,48,10.76,42,Salaried,Graduate,Single,51582.0,644,2033.04,0.039,3,Active
LN-102400,2022-04-04,West India,Personal Loan,177784.0,24,15.89,26,Salaried,Post-Graduate,Single,108079.0,742,8695.52,0.08,0,Fully Paid
LN-103998,2022-04-04,South India,Vehicle Loan,989940.0,60,10.36,25,Business Owner,Post-Graduate,Divorced,76038.0,624,21209.08,0.279,3,Active
LN-104542,2022-04-04,East India,Home Loan,5908650.0,300,10.09,24,Self-Employed,Graduate,Married,67494.0,673,54067.27,0.801,0,Active
LN-104737,2022-04-04,Central India,Business Loan,2227633.0,24,15.87,63,Salaried,Graduate,Married,46390.0,651,108933.52,2.348,9,Defaulted
LN-105394,2022-04-05,East India,Business Loan,4423408.0,60,15.28,41,Self-Employed,Professional Degree,Divorced,150808.0,616,105883.82,0.702,9,Defaulted
LN-105658,2022-04-05,East India,Home Loan,5591580.0,180,18.14,56,Self-Employed,Professional Degree,Divorced,118505.0,745,90611.77,0.765,0,Active
LN-105880,2022-04-05,South India,Business Loan,987010.0,84,12.45,40,Retired,Graduate,Married,54958.0,624,17661.84,0.321,3,Active
LN-103293,2022-04-06,East India,Vehicle Loan,741977.0,36,14.45,23,Business Owner,Graduate,Divorced,108471.0,701,25521.48,0.235,0,Fully Paid
LN-100883,2022-04-07,East India,Education Loan,1212581.0,84,9.29,50,Self-Employed,Post-Graduate,Single,83589.0,707,19688.24,0.236,1,Active
LN-106310,2022-04-07,North India,Business Loan,3603421.0,36,17.98,46,Business Owner,Graduate,Married,107106.0,735,130236.15,1.216,0,Fully Paid
LN-101008,2022-04-08,West India,Vehicle Loan,829257.0,72,14.01,51,Self-Employed,Post-Graduate,Married,56988.0,682,17091.89,0.3,0,Active
LN-101746,2022-04-08,East India,Home Loan,5326155.0,120,17.25,36,Salaried,Professional Degree,Divorced,143757.0,840,93412.78,0.65,3,Defaulted
LN-105881,2022-04-08,West India,Personal Loan,286198.0,48,7.89,42,Salaried,Professional Degree,Married,143175.0,741,6972.16,0.049,0,Fully Paid
LN-106257,2022-04-08,East India,Home Loan,3481731.0,300,17.72,43,Unemployed,Professional Degree,Married,43064.0,720,52054.18,1.209,0,Active
LN-106346,2022-04-08,South India,Gold Loan,50561.0,24,8.62,47,Self-Employed,Below High School,Single,12816.0,641,2301.06,0.18,0,Fully Paid
LN-100623,2022-04-09,North India,Home Loan,4466382.0,300,13.31,42,Self-Employed,Post-Graduate,Married,49619.0,708,51418.77,1.036,1,Active
LN-100690,2022-04-09,Central India,Business Loan,681167.0,24,14.4,28,Salaried,Graduate,Married,47471.0,720,32833.66,0.692,0,Fully Paid
LN-103993,2022-04-09,East India,Vehicle Loan,551551.0,48,13.07,39,Business Owner,Post-Graduate,Married,174507.0,647,14815.9,0.085,0,Fully Paid
LN-105275,2022-04-09,East India,Gold Loan,689235.0,6,11.73,47,Salaried,Graduate,Divorced,57672.0,642,118834.43,2.061,0,Fully Paid
LN-105857,2022-04-09,South India,Business Loan,2047760.0,24,10.15,21,Business Owner,High School,Divorced,56583.0,743,94635.57,1.673,3,Restructured
LN-106957,2022-04-09,Central India,Home Loan,4376117.0,180,9.44,33,Salaried,Professional Degree,Divorced,142032.0,746,45538.19,0.321,1,Active
LN-103159,2022-04-10,South India,Home Loan,2447281.0,300,13.85,27,Salaried,Graduate,Married,70105.0,738,29178.82,0.416,1,Active
LN-103463,2022-04-10,North India,Personal Loan,278050.0,24,10.12,59,Business Owner,Graduate,Married,63705.0,727,12846.0,0.202,0,Fully Paid
LN-104555,2022-04-10,East India,Home Loan,1665855.0,300,15.67,37,Salaried,Professional Degree,Single,100860.0,716,22206.33,0.22,1,Active
LN-104567,2022-04-10,North India,Business Loan,4216000.0,60,9.12,47,Salaried,Below High School,Divorced,26235.0,648,87762.97,3.345,2,Active
LN-105002,2022-04-10,South India,Vehicle Loan,642815.0,72,18.05,21,Self-Employed,High School,Divorced,36855.0,598,14679.37,0.398,3,Active
LN-100922,2022-04-11,South India,Home Loan,1747044.0,240,11.6,28,Salaried,Professional Degree,Single,115267.0,704,18751.52,0.163,0,Active
LN-103929,2022-04-11,South India,Gold Loan,139758.0,12,12.37,52,Retired,High School,Divorced,35268.0,574,12441.53,0.353,0,Fully Paid
LN-105851,2022-04-11,Central India,Personal Loan,382144.0,12,7.76,55,Self-Employed,Post-Graduate,Married,57186.0,659,33199.72,0.581,0,Fully Paid
LN-104222,2022-04-13,West India,Personal Loan,174509.0,36,10.71,21,Unemployed,Graduate,Single,11987.0,586,5689.26,0.475,0,Fully Paid
LN-105379,2022-04-13,North India,Education Loan,989053.0,60,7.7,45,Business Owner,Professional Degree,Divorced,167223.0,790,19912.73,0.119,0,Active
LN-105616,2022-04-13,Central India,Home Loan,5373663.0,240,17.51,38,Self-Employed,Post-Graduate,Divorced,63657.0,807,80911.63,1.271,1,Active
LN-106114,2022-04-13,North India,Vehicle Loan,497449.0,72,14.56,21,Self-Employed,Professional Degree,Married,128570.0,710,10400.07,0.081,1,Active
LN-106638,2022-04-13,South India,Gold Loan,368262.0,24,13.03,22,Salaried,Professional Degree,Single,67609.0,796,17513.04,0.259,0,Fully Paid
LN-106778,2022-04-13,South India,Agriculture Loan,468086.0,36,11.35,28,Salaried,High School,Single,32282.0,576,15402.24,0.477,2,Restructured
LN-101853,2022-04-14,West India,Agriculture Loan,340388.0,24,14.2,47,Salaried,Professional Degree,Married,144885.0,703,16375.19,0.113,0,Fully Paid
LN-103560,2022-04-14,East India,Home Loan,4274858.0,300,13.03,40,Self-Employed,Professional Degree,Single,105321.0,711,48309.95,0.459,3,Defaulted
LN-106381,2022-04-14,East India,Education Loan,1847449.0,84,12.98,50,Retired,Post-Graduate,Divorced,51380.0,748,33588.64,0.654,1,Active
LN-106745,2022-04-14,Central India,Home Loan,1942801.0,240,9.86,40,Business Owner,Professional Degree,Married,197341.0,678,18568.6,0.094,1,Active
LN-101952,2022-04-15,Central India,Home Loan,5818623.0,240,10.84,52,Self-Employed,Graduate,Single,36556.0,622,59426.86,1.626,2,Active
LN-105990,2022-04-15,Central India,Vehicle Loan,514134.0,48,14.8,37,Self-Employed,Professional Degree,Divorced,96987.0,612,14256.66,0.147,0,Fully Paid
LN-100199,2022-04-16,South India,Home Loan,5706832.0,240,8.16,21,Retired,High School,Single,21080.0,644,48304.06,2.291,4,Defaulted
LN-100258,2022-04-16,Central India,Education Loan,1303272.0,84,15.57,47,Self-Employed,High School,Married,31400.0,573,25567.51,0.814,10,Written Off
LN-104928,2022-04-16,West India,Personal Loan,231109.0,12,17.81,27,Business Owner,Graduate,Divorced,89513.0,802,21167.18,0.236,0,Fully Paid
LN-105067,2022-04-16,East India,Business Loan,3680178.0,36,8.97,24,Self-Employed,Graduate,Married,44630.0,664,116977.3,2.621,0,Fully Paid
LN-102205,2022-04-17,North India,Vehicle Loan,730720.0,60,17.43,49,Business Owner,Graduate,Single,96931.0,755,18329.65,0.189,1,Active
LN-100451,2022-04-18,West India,Vehicle Loan,1177235.0,36,8.58,29,Business Owner,Post-Graduate,Divorced,78416.0,735,37206.06,0.474,0,Fully Paid
LN-101657,2022-04-18,South India,Personal Loan,478000.0,12,13.22,42,Self-Employed,Post-Graduate,Single,109630.0,735,42743.01,0.39,0,Fully Paid
LN-103138,2022-04-19,West India,Vehicle Loan,860652.0,60,8.12,27,Salaried,Graduate,Married,40934.0,688,17500.39,0.428,0,Active
LN-100001,2022-04-20,West India,Home Loan,1982078.0,180,8.93,30,Self-Employed,High School,Single,36163.0,677,20021.1,0.554,1,Active
LN-100650,2022-04-20,South India,Business Loan,2395859.0,60,11.73,58,Self-Employed,Post-Graduate,Single,97328.0,687,52968.25,0.544,0,Active
LN-103107,2022-04-20,West India,Gold Loan,476756.0,12,7.98,27,Business Owner,High School,Married,32660.0,799,41467.85,1.27,3,Restructured
LN-103982,2022-04-20,Central India,Personal Loan,192936.0,36,13.42,32,Salaried,High School,Divorced,37555.0,685,6539.88,0.174,0,Fully Paid
LN-106890,2022-04-20,West India,Vehicle Loan,847133.0,72,12.83,28,Salaried,Graduate,Married,52591.0,685,16929.52,0.322,0,Active
LN-102534,2022-04-21,East India,Personal Loan,93628.0,36,17.51,22,Salaried,Graduate,Single,60119.0,705,3361.91,0.056,0,Fully Paid
LN-102926,2022-04-21,North India,Personal Loan,416041.0,24,8.5,52,Self-Employed,Graduate,Single,35197.0,516,18911.42,0.537,1,Active
LN-103056,2022-04-21,North India,Home Loan,4848961.0,300,14.63,48,Salaried,Graduate,Single,67397.0,629,60718.29,0.901,3,Active
LN-103465,2022-04-21,Central India,Home Loan,5719747.0,300,18.22,50,Business Owner,High School,Single,54712.0,784,87800.15,1.605,0,Active
LN-104220,2022-04-21,East India,Agriculture Loan,225257.0,36,11.94,46,Self-Employed,Graduate,Divorced,58207.0,570,7475.3,0.128,0,Fully Paid
LN-105865,2022-04-21,West India,Personal Loan,118554.0,36,11.48,38,Salaried,Graduate,Divorced,31720.0,704,3908.31,0.123,0,Fully Paid
LN-101326,2022-04-22,Central India,Home Loan,5642582.0,180,18.42,36,Salaried,High School,Married,29838.0,809,92579.53,3.103,0,Active
LN-102060,2022-04-22,Central India,Business Loan,2506843.0,36,8.86,34,Salaried,Post-Graduate,Single,50058.0,701,79553.7,1.589,0,Active
LN-103887,2022-04-22,East India,Personal Loan,147508.0,12,16.34,49,Salaried,Graduate,Married,70402.0,859,13407.27,0.19,0,Fully Paid
LN-104084,2022-04-22,Central India,Agriculture Loan,691945.0,36,10.2,35,Self-Employed,High School,Married,31196.0,706,22392.15,0.718,0,Fully Paid
LN-106835,2022-04-22,East India,Vehicle Loan,524263.0,36,10.36,42,Self-Employed,High School,Single,31075.0,706,17005.24,0.547,0,Fully Paid
LN-101917,2022-04-24,South India,Gold Loan,611615.0,24,16.75,61,Self-Employed,Graduate,Married,38537.0,586,30166.21,0.783,10,Written Off
LN-102200,2022-04-24,South India,Vehicle Loan,687879.0,48,7.67,28,Unemployed,Post-Graduate,Single,25155.0,675,16686.79,0.663,3,Restructured
LN-105155,2022-04-24,North India,Gold Loan,462955.0,24,15.36,50,Business Owner,Graduate,Married,51474.0,661,22526.4,0.438,0,Fully Paid
LN-103127,2022-04-25,West India,Education Loan,526831.0,120,12.6,29,Business Owner,Professional Degree,Married,169807.0,738,7742.35,0.046,9,Written Off
LN-104003,2022-04-25,West India,Vehicle Loan,978870.0,60,17.02,24,Salaried,High School,Married,24511.0,708,24337.97,0.993,12,Defaulted
LN-104597,2022-04-25,South India,Home Loan,3521631.0,300,13.64,41,Business Owner,Graduate,Divorced,55631.0,630,41424.5,0.745,3,Restructured
LN-106624,2022-04-25,East India,Vehicle Loan,646244.0,36,15.47,48,Salaried,Graduate,Married,58980.0,693,22551.29,0.382,1,Active
LN-100584,2022-04-26,East India,Home Loan,5207387.0,240,10.4,31,Self-Employed,High School,Married,22328.0,616,51640.18,2.313,11,Defaulted
LN-101632,2022-04-26,North India,Vehicle Loan,746171.0,72,10.63,46,Salaried,Post-Graduate,Divorced,97758.0,629,14061.67,0.144,9,Written Off
LN-101734,2022-04-26,East India,Personal Loan,361710.0,48,13.23,21,Self-Employed,Graduate,Married,62117.0,730,9745.12,0.157,0,Fully Paid
LN-103236,2022-04-26,South India,Personal Loan,50241.0,48,12.97,26,Business Owner,Graduate,Married,77799.0,651,1347.09,0.017,0,Fully Paid
LN-105747,2022-04-26,North India,Personal Loan,351557.0,12,15.25,37,Salaried,Post-Graduate,Divorced,52355.0,698,31772.43,0.607,0,Fully Paid
LN-106038,2022-04-26,South India,Home Loan,4027536.0,180,12.06,33,Business Owner,Graduate,Married,95859.0,673,48492.78,0.506,9,Defaulted
LN-101759,2022-04-27,North India,Business Loan,3319241.0,84,7.97,22,Self-Employed,Post-Graduate,Married,54206.0,489,51684.81,0.953,3,Active
LN-104648,2022-04-27,East India,Personal Loan,79214.0,48,16.66,47,Unemployed,Graduate,Single,14204.0,540,2271.81,0.16,1,Active
LN-100103,2022-04-28,North India,Business Loan,3993845.0,60,17.43,38,Salaried,High School,Single,35204.0,691,100183.08,2.846,1,Active
LN-102483,2022-04-28,North India,Education Loan,545297.0,84,16.48,66,Salaried,High School,Married,29118.0,638,10980.33,0.377,0,Active
LN-103412,2022-04-28,South India,Home Loan,3336433.0,300,16.61,46,Unemployed,Graduate,Single,9083.0,543,46941.27,5.168,4,Restructured
LN-104080,2022-04-28,South India,Home Loan,3504991.0,300,11.76,43,Self-Employed,Graduate,Single,55309.0,696,36295.35,0.656,0,Active
LN-102318,2022-04-29,Central India,Home Loan,5001003.0,120,16.17,43,Business Owner,Below High School,Single,33876.0,752,84303.95,2.489,6,Defaulted
LN-105991,2022-04-29,West India,Vehicle Loan,202019.0,48,8.21,26,Salaried,High School,Married,32684.0,719,4951.81,0.152,0,Fully Paid
LN-101537,2022-04-30,North India,Personal Loan,148962.0,12,9.01,30,Salaried,Graduate,Single,37463.0,741,13027.64,0.348,0,Fully Paid
LN-102168,2022-04-30,North India,Education Loan,1105242.0,36,9.03,35,Self-Employed,High School,Divorced,23554.0,733,35161.83,1.493,0,Fully Paid
LN-105681,2022-04-30,Central India,Home Loan,2803939.0,300,11.98,46,Self-Employed,Graduate,Single,53985.0,646,29490.33,0.546,1,Active
LN-102151,2022-05-01,Central India,Vehicle Loan,425431.0,72,18.42,59,Self-Employed,Post-Graduate,Married,103848.0,680,9804.42,0.094,0,Active
LN-104305,2022-05-01,Central India,Personal Loan,489270.0,36,11.12,21,Self-Employed,Graduate,Single,39052.0,608,16045.89,0.411,0,Fully Paid
LN-100272,2022-05-02,Central India,Home Loan,5755088.0,180,7.84,27,Retired,Post-Graduate,Single,69787.0,669,54468.36,0.78,4,Defaulted
LN-101843,2022-05-02,Central India,Home Loan,2429195.0,120,12.96,48,Business Owner,Graduate,Single,85354.0,701,36213.2,0.424,0,Active
LN-102250,2022-05-02,East India,Education Loan,885050.0,36,14.48,21,Business Owner,High School,Married,37525.0,752,30455.65,0.812,0,Fully Paid
LN-100735,2022-05-03,Central India,Home Loan,4207665.0,180,13.8,38,Salaried,Post-Graduate,Single,53271.0,734,55470.96,1.041,3,Defaulted
LN-102619,2022-05-03,South India,Personal Loan,109051.0,48,18.15,26,Salaried,Post-Graduate,Single,56413.0,762,3211.93,0.057,0,Fully Paid
LN-104246,2022-05-03,South India,Gold Loan,543894.0,6,16.23,36,Self-Employed,Professional Degree,Single,117437.0,720,94988.13,0.809,1,Active
LN-106749,2022-05-03,South India,Personal Loan,337181.0,36,17.77,46,Salaried,High School,Single,28381.0,631,12151.03,0.428,0,Fully Paid
LN-101389,2022-05-04,West India,Home Loan,3576837.0,180,9.78,33,Business Owner,Post-Graduate,Single,155629.0,735,37956.9,0.244,0,Active
LN-103632,2022-05-04,East India,Home Loan,2248378.0,120,8.79,21,Self-Employed,Graduate,Single,65280.0,724,28226.6,0.432,0,Active
LN-101134,2022-05-05,South India,Home Loan,3731192.0,240,7.76,56,Salaried,Post-Graduate,Single,74120.0,726,30654.19,0.414,0,Active
LN-101489,2022-05-05,West India,Personal Loan,152751.0,36,9.69,41,Self-Employed,High School,Single,22925.0,624,4906.64,0.214,0,Fully Paid
LN-102044,2022-05-05,East India,Vehicle Loan,316786.0,48,15.55,31,Business Owner,Post-Graduate,Married,167376.0,759,8904.96,0.053,0,Fully Paid
LN-102548,2022-05-05,North India,Vehicle Loan,874847.0,48,10.39,43,Self-Employed,High School,Single,33542.0,565,22352.59,0.666,1,Active
LN-105082,2022-05-05,East India,Home Loan,5611845.0,300,11.34,44,Salaried,Post-Graduate,Single,88352.0,743,56387.28,0.638,1,Active
LN-103923,2022-05-06,South India,Agriculture Loan,808182.0,12,8.49,34,Salaried,Below High School,Single,17782.0,625,70485.72,3.964,0,Fully Paid
LN-102680,2022-05-07,South India,Home Loan,2017796.0,180,10.1,47,Salaried,Below High School,Single,13800.0,651,21806.95,1.58,0,Active
LN-106560,2022-05-07,Central India,Gold Loan,783179.0,24,12.03,31,Salaried,Graduate,Single,69008.0,747,36877.93,0.534,0,Fully Paid
LN-100563,2022-05-08,East India,Business Loan,1576109.0,60,8.49,54,Unemployed,Graduate,Married,21709.0,596,32328.69,1.489,6,Written Off
LN-102983,2022-05-08,North India,Business Loan,4989266.0,36,9.05,47,Self-Employed,Graduate,Divorced,44263.0,613,158773.45,3.587,0,Fully Paid
LN-103031,2022-05-08,West India,Vehicle Loan,569430.0,48,13.15,45,Salaried,Graduate,Married,56189.0,645,15318.81,0.273,0,Fully Paid
LN-101315,2022-05-09,South India,Education Loan,407255.0,36,18.38,36,Self-Employed,Below High School,Divorced,25005.0,634,14800.99,0.592,0,Fully Paid
LN-104967,2022-05-09,South India,Home Loan,3972533.0,120,16.76,34,Salaried,Post-Graduate,Divorced,82139.0,765,68438.74,0.833,1,Active
LN-103396,2022-05-10,Central India,Home Loan,3338174.0,180,8.16,34,Salaried,Post-Graduate,Married,107565.0,704,32210.43,0.299,1,Active
LN-103501,2022-05-10,South India,Home Loan,4017261.0,120,9.14,32,Retired,Professional Degree,Single,100549.0,693,51193.84,0.509,0,Active
LN-105855,2022-05-10,West India,Gold Loan,744765.0,6,16.92,36,Unemployed,Post-Graduate,Divorced,17256.0,658,130324.66,7.552,0,Fully Paid
LN-101092,2022-05-11,North India,Business Loan,519216.0,60,17.72,49,Business Owner,Post-Graduate,Married,128689.0,723,13105.71,0.102,4,Restructured
LN-104655,2022-05-11,East India,Personal Loan,284970.0,48,16.2,37,Self-Employed,Graduate,Single,51389.0,684,8105.35,0.158,1,Active
LN-104657,2022-05-11,East India,Personal Loan,411888.0,36,17.06,40,Salaried,Post-Graduate,Married,98661.0,676,14697.23,0.149,0,Fully Paid
LN-105923,2022-05-11,East India,Agriculture Loan,970552.0,24,14.76,58,Self-Employed,Graduate,Divorced,67721.0,697,46948.22,0.693,0,Fully Paid
LN-105964,2022-05-11,North India,Business Loan,622072.0,60,11.32,28,Self-Employed,Post-Graduate,Single,83773.0,683,13624.84,0.163,1,Active
LN-101296,2022-05-12,West India,Home Loan,1814216.0,120,12.62,53,Salaried,Graduate,Single,55345.0,716,26683.09,0.482,0,Active
LN-102300,2022-05-12,West India,Personal Loan,175938.0,12,7.59,28,Unemployed,Below High School,Single,5507.0,561,15271.24,2.773,3,Defaulted
LN-102027,2022-05-13,East India,Personal Loan,184280.0,12,9.25,53,Salaried,High School,Divorced,37676.0,753,16136.93,0.428,12,Defaulted
LN-104640,2022-05-13,Central India,Education Loan,1541589.0,84,11.16,33,Unemployed,Post-Graduate,Divorced,29453.0,560,26525.63,0.901,5,Restructured
LN-104873,2022-05-13,East India,Vehicle Loan,788450.0,60,16.12,28,Salaried,Graduate,Divorced,66851.0,721,19223.88,0.288,0,Active
LN-105238,2022-05-13,North India,Home Loan,4615777.0,120,10.28,70,Salaried,Graduate,Single,45195.0,751,61715.76,1.366,8,Defaulted
LN-103600,2022-05-14,West India,Education Loan,1179171.0,120,15.04,39,Salaried,High School,Married,18038.0,766,19053.05,1.056,1,Active
LN-102902,2022-05-15,North India,Vehicle Loan,1071936.0,48,9.83,32,Self-Employed,Professional Degree,Divorced,87697.0,777,27099.64,0.309,0,Fully Paid
LN-103228,2022-05-15,North India,Home Loan,4359401.0,240,13.64,37,Self-Employed,Below High School,Single,25831.0,653,53074.02,2.055,1,Active
LN-103995,2022-05-15,East India,Personal Loan,126927.0,48,12.46,47,Salaried,High School,Divorced,21564.0,717,3371.21,0.156,0,Active
LN-105840,2022-05-15,North India,Education Loan,1400482.0,120,9.87,57,Business Owner,Post-Graduate,Divorced,156691.0,732,18406.8,0.117,1,Active
LN-106490,2022-05-15,Central India,Home Loan,2167488.0,120,10.5,46,Salaried,Professional Degree,Married,71097.0,654,29247.0,0.411,1,Active
LN-106352,2022-05-16,Central India,Home Loan,4134694.0,120,7.86,42,Salaried,Professional Degree,Married,68412.0,710,49859.9,0.729,3,Written Off
LN-100236,2022-05-17,West India,Home Loan,3463178.0,240,7.61,40,Salaried,Professional Degree,Married,146270.0,704,28132.53,0.192,0,Active
LN-100894,2022-05-17,South India,Personal Loan,131479.0,24,10.34,45,Retired,High School,Married,33019.0,575,6087.74,0.184,0,Fully Paid
LN-103874,2022-05-17,West India,Personal Loan,421666.0,36,10.1,42,Self-Employed,Graduate,Divorced,33898.0,659,13625.78,0.402,1,Active
LN-104896,2022-05-17,West India,Business Loan,3097746.0,36,12.88,26,Unemployed,Professional Degree,Divorced,43237.0,559,104196.35,2.41,0,Fully Paid
LN-100512,2022-05-18,North India,Vehicle Loan,920375.0,48,7.85,33,Self-Employed,Post-Graduate,Married,105936.0,690,22404.3,0.211,0,Fully Paid
LN-101836,2022-05-18,South India,Business Loan,4611938.0,60,14.94,38,Self-Employed,Professional Degree,Married,116965.0,704,109572.48,0.937,1,Active
LN-102163,2022-05-18,West India,Vehicle Loan,365344.0,48,8.16,34,Salaried,Post-Graduate,Divorced,61579.0,660,8946.58,0.145,0,Fully Paid
LN-102832,2022-05-18,East India,Home Loan,5019505.0,300,12.34,53,Salaried,Post-Graduate,Single,94312.0,900,54132.01,0.574,0,Active
LN-104241,2022-05-18,North India,Home Loan,1720017.0,180,16.21,32,Retired,Graduate,Divorced,45718.0,677,25514.19,0.558,1,Active
LN-104320,2022-05-18,North India,Education Loan,1514562.0,84,14.11,46,Self-Employed,Below High School,Married,15448.0,609,28475.02,1.843,5,Restructured
LN-104632,2022-05-18,North India,Home Loan,2968794.0,180,13.88,43,Salaried,Graduate,Divorced,64990.0,715,39297.59,0.605,1,Active
LN-106997,2022-05-18,North India,Education Loan,1694745.0,120,12.45,51,Salaried,Graduate,Single,38314.0,829,24757.57,0.646,5,Written Off
LN-102744,2022-05-19,Central India,Personal Loan,206889.0,12,14.21,30,Self-Employed,High School,Married,18732.0,687,18596.42,0.993,0,Fully Paid
LN-105160,2022-05-19,North India,Education Loan,565281.0,36,18.35,21,Business Owner,Professional Degree,Divorced,131461.0,729,20535.65,0.156,0,Fully Paid
LN-105380,2022-05-19,East India,Vehicle Loan,628901.0,60,10.82,50,Business Owner,Professional Degree,Single,199798.0,702,13617.44,0.068,1,Active
LN-105449,2022-05-19,West India,Personal Loan,318637.0,48,10.84,35,Salaried,Graduate,Divorced,55630.0,697,8210.6,0.148,0,Fully Paid
LN-105677,2022-05-19,East India,Home Loan,5683307.0,240,16.75,31,Self-Employed,Post-Graduate,Divorced,94454.0,577,82284.03,0.871,1,Active
LN-100955,2022-05-20,Central India,Home Loan,1558527.0,240,16.2,51,Salaried,Graduate,Single,63172.0,711,21917.29,0.347,1,Active
LN-106290,2022-05-20,East India,Home Loan,4582524.0,240,15.6,43,Salaried,Post-Graduate,Married,73351.0,622,62383.43,0.85,0,Active
LN-100702,2022-05-21,West India,Personal Loan,379635.0,12,16.98,42,Business Owner,Graduate,Married,49238.0,811,34620.91,0.703,0,Fully Paid
LN-101337,2022-05-21,Central India,Home Loan,2455979.0,180,12.58,30,Self-Employed,Graduate,Divorced,66824.0,660,30398.46,0.455,8,Defaulted
LN-100142,2022-05-22,East India,Home Loan,5831556.0,120,16.65,40,Retired,Post-Graduate,Divorced,70986.0,681,100061.44,1.41,4,Defaulted
LN-101468,2022-05-22,West India,Home Loan,2912715.0,300,8.61,61,Self-Employed,Graduate,Married,34162.0,577,23670.28,0.693,11,Written Off
LN-103608,2022-05-22,North India,Personal Loan,334821.0,12,12.53,32,Retired,Graduate,Single,60087.0,625,29831.52,0.496,0,Fully Paid
LN-103661,2022-05-22,West India,Home Loan,4934111.0,120,13.23,52,Self-Employed,Post-Graduate,Married,72894.0,656,74342.45,1.02,0,Active
LN-104813,2022-05-22,North India,Home Loan,3679642.0,180,9.41,39,Self-Employed,Graduate,Married,37387.0,690,38224.15,1.022,1,Active
LN-104901,2022-05-22,North India,Home Loan,1506369.0,180,12.4,39,Business Owner,Post-Graduate,Divorced,115973.0,712,18468.41,0.159,6,Defaulted
LN-105310,2022-05-22,North India,Agriculture Loan,385628.0,12,16.59,26,Self-Employed,High School,Married,18616.0,759,35096.12,1.885,0,Fully Paid
LN-100014,2022-05-23,East India,Vehicle Loan,213442.0,60,15.1,34,Self-Employed,Post-Graduate,Divorced,110183.0,712,5088.98,0.046,1,Active
LN-104041,2022-05-24,North India,Vehicle Loan,1104958.0,36,10.46,47,Salaried,Post-Graduate,Married,64645.0,610,35893.0,0.555,0,Fully Paid
LN-105005,2022-05-24,West India,Education Loan,296174.0,60,13.15,41,Salaried,Post-Graduate,Married,111925.0,677,6761.63,0.06,0,Active
LN-105581,2022-05-24,South India,Home Loan,3556428.0,180,7.65,40,Unemployed,Professional Degree,Married,39006.0,597,33272.4,0.853,0,Active
LN-103749,2022-05-25,West India,Agriculture Loan,604829.0,36,9.5,21,Self-Employed,Below High School,Single,19969.0,677,19374.46,0.97,1,Active
LN-105944,2022-05-25,Central India,Business Loan,4598960.0,60,14.15,50,Salaried,High School,Married,21721.0,630,107367.73,4.943,2,Active
LN-100961,2022-05-27,South India,Education Loan,1117610.0,84,17.67,25,Salaried,Graduate,Married,51702.0,695,23274.07,0.45,1,Active
LN-101449,2022-05-27,East India,Vehicle Loan,281429.0,36,16.89,42,Salaried,Graduate,Divorced,49509.0,635,10018.31,0.202,0,Fully Paid
LN-102835,2022-05-27,West India,Personal Loan,391073.0,48,17.15,39,Retired,Post-Graduate,Single,49572.0,604,11314.8,0.228,0,Fully Paid
LN-104267,2022-05-27,Central India,Home Loan,4138640.0,240,9.57,50,Salaried,High School,Married,31087.0,737,38766.93,1.247,12,Defaulted
LN-105187,2022-05-27,Central India,Business Loan,4953289.0,36,14.58,43,Salaried,Graduate,Divorced,39748.0,801,170690.37,4.294,0,Fully Paid
LN-102369,2022-05-29,South India,Personal Loan,436662.0,12,17.8,36,Salaried,Professional Degree,Single,116466.0,652,39991.62,0.343,0,Fully Paid
LN-102717,2022-05-29,East India,Gold Loan,149262.0,6,17.39,21,Salaried,Graduate,Married,41199.0,690,26153.91,0.635,0,Fully Paid
LN-103106,2022-05-29,South India,Home Loan,5115942.0,300,10.74,26,Unemployed,Graduate,Married,15137.0,527,49183.34,3.249,11,Defaulted
LN-106750,2022-05-29,West India,Business Loan,4762754.0,24,13.56,27,Self-Employed,Post-Graduate,Divorced,62105.0,678,227684.8,3.666,4,Written Off
LN-106775,2022-05-29,East India,Agriculture Loan,164147.0,24,12.44,30,Business Owner,Professional Degree,Divorced,190685.0,715,7760.74,0.041,0,Fully Paid
LN-100854,2022-05-30,North India,Home Loan,1542914.0,240,16.28,44,Salaried,Post-Graduate,Single,106390.0,688,21790.65,0.205,1,Active
LN-100957,2022-05-30,Central India,Education Loan,1326235.0,120,16.1,39,Retired,Graduate,Divorced,68702.0,697,22298.9,0.325,1,Active
LN-101663,2022-05-30,South India,Home Loan,1703704.0,180,12.23,34,Business Owner,Graduate,Single,95063.0,770,20700.09,0.218,1,Active
LN-104147,2022-05-30,West India,Home Loan,5458110.0,240,8.55,35,Salaried,Professional Degree,Married,131132.0,763,47539.61,0.363,0,Active
LN-105259,2022-05-30,North India,Personal Loan,252945.0,24,12.73,45,Retired,Post-Graduate,Divorced,106916.0,806,11993.41,0.112,0,Fully Paid
LN-100614,2022-05-31,South India,Home Loan,1794553.0,120,9.89,34,Salaried,Graduate,Single,48239.0,718,23605.97,0.489,1,Active
LN-101091,2022-05-31,South India,Gold Loan,707355.0,12,15.92,39,Self-Employed,High School,Single,19283.0,691,64152.15,3.327,0,Fully Paid
LN-101323,2022-05-31,East India,Personal Loan,308777.0,48,12.47,28,Self-Employed,Post-Graduate,Married,49975.0,569,8202.72,0.164,0,Fully Paid
LN-102436,2022-05-31,Central India,Vehicle Loan,768586.0,48,8.1,55,Unemployed,Professional Degree,Married,45530.0,599,18799.53,0.413,4,Restructured
LN-103448,2022-05-31,West India,Personal Loan,292560.0,48,13.15,31,Retired,Graduate,Married,69734.0,665,7870.45,0.113,0,Fully Paid
LN-106408,2022-05-31,North India,Personal Loan,57071.0,36,12.97,41,Unemployed,Post-Graduate,Married,18848.0,493,1922.12,0.102,3,Active
LN-106667,2022-05-31,West India,Vehicle Loan,335151.0,72,14.77,34,Self-Employed,Graduate,Divorced,58262.0,673,7044.98,0.121,0,Active
LN-101618,2022-06-01,South India,Vehicle Loan,579165.0,72,9.53,35,Business Owner,High School,Single,39369.0,797,10592.76,0.269,1,Active
LN-101635,2022-06-01,North India,Home Loan,4667096.0,180,15.26,47,Salaried,Professional Degree,Divorced,85072.0,681,66153.19,0.778,1,Active
LN-100685,2022-06-02,Central India,Home Loan,5077197.0,180,10.45,47,Salaried,Graduate,Married,64230.0,666,55966.0,0.871,1,Active
LN-101285,2022-06-02,East India,Gold Loan,636865.0,12,17.08,37,Self-Employed,Graduate,Married,52873.0,686,58109.3,1.099,0,Fully Paid
LN-101841,2022-06-02,South India,Home Loan,4285746.0,300,11.09,53,Self-Employed,High School,Divorced,37962.0,636,42284.31,1.114,11,Defaulted
LN-102267,2022-06-02,Central India,Home Loan,2792292.0,300,18.16,37,Salaried,Graduate,Single,57875.0,693,42728.52,0.738,0,Active
LN-102715,2022-06-02,West India,Business Loan,1940961.0,60,18.36,33,Business Owner,Post-Graduate,Single,136598.0,682,49668.56,0.364,1,Active
LN-102928,2022-06-02,West India,Business Loan,3260511.0,60,12.39,44,Self-Employed,High School,Married,29327.0,620,73172.48,2.495,0,Active
LN-106045,2022-06-02,North India,Personal Loan,177069.0,36,11.91,21,Business Owner,High School,Single,41924.0,765,5873.62,0.14,0,Fully Paid
LN-102245,2022-06-03,North India,Vehicle Loan,404425.0,60,9.41,58,Self-Employed,Professional Degree,Single,146429.0,587,8475.9,0.058,0,Active
LN-103027,2022-06-03,Central India,Home Loan,4580686.0,240,17.83,61,Self-Employed,High School,Divorced,19025.0,586,70095.54,3.684,10,Defaulted
LN-100764,2022-06-04,North India,Personal Loan,343335.0,36,7.84,32,Salaried,High School,Divorced,37597.0,662,10733.55,0.285,0,Fully Paid
LN-101213,2022-06-04,East India,Personal Loan,126428.0,36,11.8,43,Salaried,Post-Graduate,Single,68116.0,775,4187.15,0.061,0,Fully Paid
LN-101861,2022-06-04,East India,Gold Loan,659070.0,6,12.47,28,Business Owner,Post-Graduate,Married,75118.0,810,113874.57,1.516,0,Fully Paid
LN-103174,2022-06-04,West India,Business Loan,1518446.0,36,10.73,34,Salaried,High School,Married,33682.0,716,49518.05,1.47,10,Written Off
LN-100592,2022-06-05,Central India,Vehicle Loan,876584.0,60,15.14,22,Salaried,Graduate,Married,56660.0,778,20918.35,0.369,0,Active
LN-101591,2022-06-05,South India,Vehicle Loan,999194.0,72,15.29,39,Salaried,Graduate,Single,54358.0,759,21285.65,0.392,1,Active
LN-104501,2022-06-05,East India,Vehicle Loan,453896.0,36,8.71,30,Self-Employed,Graduate,Married,50730.0,643,14372.59,0.283,2,Active
LN-105727,2022-06-05,East India,Personal Loan,137571.0,12,9.48,27,Self-Employed,Graduate,Single,53711.0,567,12061.43,0.225,0,Fully Paid
LN-100097,2022-06-06,Central India,Home Loan,4891770.0,120,10.49,24,Salaried,High School,Married,28530.0,632,65979.71,2.313,11,Written Off
LN-101945,2022-06-06,West India,Home Loan,5195150.0,120,8.92,29,Self-Employed,High School,Divorced,33618.0,705,65585.25,1.951,1,Active
LN-101574,2022-06-07,East India,Vehicle Loan,903607.0,72,17.4,28,Salaried,Graduate,Married,41973.0,592,20303.97,0.484,0,Active
LN-104840,2022-06-07,South India,Education Loan,542729.0,60,13.36,54,Self-Employed,Post-Graduate,Single,57206.0,749,12449.0,0.218,1,Active
LN-102102,2022-06-08,West India,Agriculture Loan,338927.0,24,10.06,47,Salaried,Below High School,Married,23039.0,684,15649.15,0.679,0,Active
LN-105551,2022-06-08,Central India,Gold Loan,753181.0,6,12.98,42,Salaried,Post-Graduate,Divorced,62159.0,799,130325.13,2.097,0,Fully Paid
LN-102743,2022-06-09,North India,Home Loan,5597863.0,240,7.76,48,Self-Employed,Professional Degree,Single,132047.0,787,45990.12,0.348,0,Active
LN-100376,2022-06-10,East India,Business Loan,2077881.0,24,10.28,53,Salaried,Graduate,Single,64750.0,637,96152.42,1.485,2,Active
LN-100615,2022-06-10,South India,Vehicle Loan,910054.0,36,9.68,23,Self-Employed,Graduate,Married,67814.0,518,29228.35,0.431,0,Fully Paid
LN-105888,2022-06-10,East India,Gold Loan,308554.0,24,15.84,43,Self-Employed,Graduate,Divorced,60168.0,536,15084.19,0.251,0,Fully Paid
LN-106973,2022-06-10,North India,Gold Loan,440861.0,12,8.85,36,Self-Employed,Graduate,Married,39934.0,693,38523.29,0.965,0,Fully Paid
LN-100822,2022-06-11,East India,Personal Loan,368582.0,24,11.0,49,Salaried,Graduate,Single,57438.0,826,17178.81,0.299,0,Fully Paid
LN-101549,2022-06-11,Central India,Home Loan,3495227.0,120,11.03,51,Salaried,Graduate,Divorced,48954.0,719,48206.13,0.985,1,Active
LN-102733,2022-06-11,West India,Education Loan,430249.0,120,11.99,65,Business Owner,Post-Graduate,Single,83897.0,724,6170.34,0.074,1,Active
LN-103252,2022-06-11,West India,Education Loan,555697.0,120,10.15,40,Salaried,Graduate,Single,65629.0,774,7389.81,0.113,0,Active
LN-102282,2022-06-12,North India,Home Loan,1672463.0,180,10.5,51,Salaried,Graduate,Single,46803.0,740,18487.39,0.395,0,Active
LN-104856,2022-06-12,East India,Agriculture Loan,443202.0,12,10.45,24,Business Owner,Below High School,Married,36948.0,604,39057.32,1.057,0,Fully Paid
LN-106888,2022-06-12,Central India,Vehicle Loan,879958.0,48,8.04,57,Business Owner,Professional Degree,Married,236145.0,659,21498.87,0.091,0,Fully Paid
LN-101242,2022-06-13,East India,Personal Loan,297026.0,36,15.47,39,Salaried,High School,Single,29246.0,656,10365.0,0.354,0,Fully Paid
LN-104817,2022-06-13,Central India,Personal Loan,174465.0,12,9.56,41,Business Owner,Below High School,Married,19343.0,767,15302.57,0.791,0,Fully Paid
LN-105236,2022-06-13,West India,Vehicle Loan,783969.0,36,12.39,31,Business Owner,High School,Single,26523.0,670,26185.26,0.987,1,Active
LN-100865,2022-06-14,South India,Business Loan,1388932.0,84,14.73,41,Self-Employed,High School,Single,28680.0,697,26591.91,0.927,1,Active
LN-101191,2022-06-14,Central India,Personal Loan,329633.0,12,12.12,26,Self-Employed,Graduate,Divorced,55432.0,572,29306.0,0.529,0,Active
LN-101543,2022-06-14,West India,Personal Loan,251414.0,36,10.78,22,Retired,Post-Graduate,Single,58452.0,609,8204.8,0.14,0,Fully Paid
LN-104454,2022-06-14,Central India,Home Loan,2646127.0,120,9.93,41,Salaried,High School,Divorced,18380.0,719,34866.27,1.897,0,Active
LN-102286,2022-06-15,West India,Home Loan,1703184.0,300,8.75,58,Salaried,Post-Graduate,Divorced,60258.0,659,14002.62,0.232,0,Active
LN-103184,2022-06-15,East India,Business Loan,3242762.0,36,11.99,32,Salaried,Post-Graduate,Single,76059.0,748,107690.61,1.416,0,Fully Paid
LN-103569,2022-06-15,South India,Vehicle Loan,582905.0,60,18.12,36,Self-Employed,High School,Divorced,30787.0,713,14840.03,0.482,0,Active
LN-106262,2022-06-15,East India,Vehicle Loan,845442.0,60,10.68,29,Retired,Graduate,Single,34180.0,609,18247.32,0.534,2,Active
LN-103162,2022-06-16,West India,Agriculture Loan,977627.0,12,13.68,52,Self-Employed,Professional Degree,Divorced,106194.0,674,87631.18,0.825,0,Fully Paid
LN-103888,2022-06-16,Central India,Education Loan,433608.0,60,10.41,21,Self-Employed,High School,Divorced,26705.0,522,9300.61,0.348,1,Active
LN-105055,2022-06-16,South India,Vehicle Loan,460361.0,48,14.56,41,Salaried,Post-Graduate,Married,66012.0,720,12709.75,0.193,0,Fully Paid
LN-103404,2022-06-17,South India,Education Loan,1997453.0,60,13.04,47,Salaried,Professional Degree,Single,136690.0,776,45489.11,0.333,1,Active
LN-103981,2022-06-17,South India,Personal Loan,293165.0,24,16.55,33,Unemployed,Graduate,Divorced,20814.0,461,14431.43,0.693,6,Defaulted
LN-104293,2022-06-17,South India,Home Loan,5665231.0,240,10.11,34,Self-Employed,Graduate,Married,51174.0,543,55084.23,1.076,0,Active
LN-106130,2022-06-17,West India,Personal Loan,320338.0,24,10.4,38,Retired,Post-Graduate,Divorced,90817.0,701,14841.18,0.163,0,Fully Paid
LN-106922,2022-06-17,East India,Business Loan,2424649.0,60,15.01,32,Self-Employed,High School,Married,31838.0,724,57694.96,1.812,5,Restructured
LN-101573,2022-06-18,South India,Vehicle Loan,1122347.0,60,16.62,38,Salaried,High School,Married,38220.0,639,27664.41,0.724,2,Active
LN-103678,2022-06-18,Central India,Personal Loan,421634.0,48,10.75,38,Salaried,High School,Married,23017.0,707,10846.23,0.471,0,Fully Paid
LN-100124,2022-06-19,Central India,Education Loan,342404.0,60,16.02,36,Unemployed,Graduate,Divorced,15975.0,593,8330.24,0.521,4,Restructured
LN-102144,2022-06-19,East India,Vehicle Loan,287104.0,36,8.16,42,Business Owner,Post-Graduate,Divorced,101135.0,740,9018.0,0.089,0,Fully Paid
LN-102822,2022-06-19,North India,Home Loan,4089445.0,120,17.7,27,Salaried,Graduate,Married,40293.0,687,72897.76,1.809,1,Active
LN-104143,2022-06-19,South India,Business Loan,3421538.0,36,11.45,36,Retired,Post-Graduate,Married,65628.0,640,112747.31,1.718,0,Fully Paid
LN-104619,2022-06-19,North India,Vehicle Loan,228970.0,60,11.22,21,Self-Employed,Graduate,Single,44543.0,622,5003.52,0.112,1,Active
LN-100106,2022-06-20,East India,Personal Loan,327164.0,24,12.06,33,Self-Employed,High School,Married,31072.0,707,15409.91,0.496,0,Fully Paid
LN-100375,2022-06-20,Central India,Business Loan,3525992.0,36,12.1,31,Salaried,Post-Graduate,Married,83461.0,776,117281.87,1.405,0,Fully Paid
LN-100427,2022-06-20,Central India,Education Loan,1383608.0,36,17.42,21,Salaried,High School,Single,30438.0,605,49619.1,1.63,0,Active
LN-101212,2022-06-20,West India,Home Loan,3958757.0,180,15.72,41,Salaried,Graduate,Single,69959.0,733,57371.32,0.82,1,Active
LN-101434,2022-06-20,North India,Business Loan,3889215.0,36,8.56,26,Self-Employed,Post-Graduate,Married,73702.0,635,122881.1,1.667,2,Active
LN-102622,2022-06-20,Central India,Education Loan,1938988.0,60,12.6,38,Salaried,Post-Graduate,Divorced,80883.0,764,43721.92,0.541,0,Active
LN-103714,2022-06-20,Central India,Home Loan,2034615.0,120,10.11,30,Salaried,Professional Degree,Single,83376.0,670,27011.67,0.324,1,Active
LN-102130,2022-06-21,East India,Home Loan,2045367.0,180,15.49,21,Salaried,Post-Graduate,Divorced,68659.0,768,29316.23,0.427,1,Active
LN-106243,2022-06-21,South India,Home Loan,4496864.0,240,11.12,33,Retired,Graduate,Single,38703.0,661,46783.91,1.209,9,Written Off
LN-106758,2022-06-21,East India,Business Loan,4004359.0,84,10.86,25,Business Owner,Post-Graduate,Divorced,88458.0,752,68269.97,0.772,4,Defaulted
LN-101290,2022-06-22,East India,Home Loan,1988396.0,240,15.75,59,Retired,Post-Graduate,Married,107499.0,642,27291.41,0.254,0,Active
LN-101466,2022-06-22,South India,Gold Loan,775828.0,24,14.09,55,Business Owner,Graduate,Divorced,83597.0,641,37282.73,0.446,0,Fully Paid
LN-105162,2022-06-22,North India,Home Loan,5808834.0,300,14.13,26,Self-Employed,High School,Married,26651.0,622,70502.91,2.645,1,Active
LN-100601,2022-06-23,East India,Home Loan,5498985.0,120,11.33,38,Self-Employed,High School,Married,29597.0,551,76779.36,2.594,7,Defaulted
LN-104057,2022-06-23,South India,Business Loan,3358479.0,84,8.73,32,Retired,Below High School,Married,14694.0,509,53575.77,3.646,3,Active
LN-100878,2022-06-24,Central India,Vehicle Loan,916817.0,48,13.89,53,Salaried,Post-Graduate,Divorced,73067.0,695,25002.82,0.342,0,Fully Paid
LN-103808,2022-06-25,North India,Home Loan,5766897.0,180,9.68,33,Salaried,Post-Graduate,Single,49001.0,613,60847.31,1.242,2,Active
LN-105965,2022-06-25,East India,Personal Loan,216906.0,36,7.9,37,Retired,Professional Degree,Divorced,146443.0,614,6787.04,0.046,0,Fully Paid
LN-101661,2022-06-26,Central India,Home Loan,3865670.0,240,15.23,39,Business Owner,Graduate,Married,60435.0,747,51560.9,0.853,6,Written Off
LN-104764,2022-06-26,East India,Business Loan,4375092.0,24,8.62,32,Salaried,Professional Degree,Married,128932.0,733,199113.01,1.544,3,Defaulted
LN-105756,2022-06-26,North India,Personal Loan,243458.0,36,12.39,38,Salaried,Graduate,Single,45002.0,643,8131.71,0.181,0,Fully Paid
LN-100295,2022-06-27,West India,Education Loan,1757715.0,36,14.9,33,Self-Employed,Professional Degree,Single,133709.0,754,60845.73,0.455,0,Fully Paid
LN-101016,2022-06-27,South India,Business Loan,4133017.0,24,9.19,33,Self-Employed,Graduate,Single,58946.0,560,189176.32,3.209,12,Defaulted
LN-101931,2022-06-27,West India,Business Loan,1368368.0,60,17.29,35,Salaried,Post-Graduate,Married,75117.0,676,34221.21,0.456,1,Active
LN-103755,2022-06-27,North India,Agriculture Loan,373841.0,12,13.7,41,Self-Employed,Graduate,Single,47835.0,650,33513.36,0.701,0,Fully Paid
LN-104893,2022-06-27,South India,Business Loan,4140423.0,84,9.98,29,Business Owner,Below High School,Married,28862.0,785,68693.14,2.38,1,Active
LN-101324,2022-06-28,South India,Home Loan,5082019.0,120,13.65,46,Unemployed,High School,Divorced,12047.0,606,77840.75,6.461,6,Defaulted
LN-105048,2022-06-28,West India,Business Loan,838446.0,24,14.38,43,Business Owner,Graduate,Married,68516.0,729,40406.89,0.59,0,Fully Paid
LN-106502,2022-06-28,West India,Personal Loan,317285.0,12,9.38,39,Retired,High School,Married,38835.0,701,27802.98,0.716,0,Fully Paid
LN-100531,2022-06-29,South India,Personal Loan,327691.0,36,7.8,22,Salaried,Post-Graduate,Divorced,111756.0,789,10238.44,0.092,0,Fully Paid
LN-100599,2022-06-29,North India,Vehicle Loan,455110.0,48,10.2,21,Salaried,Graduate,Single,58532.0,571,11586.53,0.198,1,Active
LN-102526,2022-06-29,North India,Business Loan,846890.0,84,18.34,56,Unemployed,Professional Degree,Single,35686.0,626,17968.97,0.504,1,Active
LN-103553,2022-06-29,North India,Home Loan,5160664.0,300,14.13,22,Salaried,Graduate,Married,63016.0,647,62635.95,0.994,6,Defaulted
LN-100197,2022-06-30,South India,Business Loan,529174.0,84,17.82,26,Self-Employed,Graduate,Single,63140.0,743,11066.33,0.175,0,Active
LN-102645,2022-06-30,East India,Business Loan,1251415.0,24,17.05,52,Business Owner,High School,Single,35146.0,638,61902.86,1.761,0,Active
LN-103019,2022-06-30,Central India,Vehicle Loan,809999.0,60,18.24,21,Salaried,Below High School,Married,16745.0,659,20674.55,1.235,0,Active
LN-106227,2022-07-01,South India,Gold Loan,519436.0,12,12.07,25,Retired,Post-Graduate,Divorced,57707.0,675,46168.27,0.8,0,Fully Paid
LN-102218,2022-07-02,Central India,Home Loan,4587995.0,300,13.45,56,Retired,Graduate,Divorced,32080.0,583,53305.61,1.662,1,Active
LN-102385,2022-07-02,East India,Gold Loan,317805.0,24,15.33,32,Unemployed,Graduate,Single,18331.0,510,15459.17,0.843,4,Restructured
LN-106216,2022-07-02,Central India,Business Loan,1794121.0,36,8.36,32,Retired,Below High School,Single,25177.0,516,56519.67,2.245,10,Written Off
LN-101835,2022-07-03,East India,Home Loan,5719864.0,240,7.8,37,Salaried,Post-Graduate,Divorced,52286.0,740,47133.74,0.901,5,Written Off
LN-102120,2022-07-03,South India,Home Loan,2060381.0,180,17.64,21,Unemployed,Post-Graduate,Divorced,29107.0,442,32648.54,1.122,9,Defaulted
LN-104671,2022-07-03,South India,Gold Loan,117950.0,6,16.56,40,Retired,Graduate,Divorced,69112.0,640,20618.67,0.298,0,Fully Paid
LN-104966,2022-07-03,Central India,Education Loan,228041.0,36,12.9,42,Salaried,Post-Graduate,Divorced,79014.0,782,7672.62,0.097,0,Fully Paid
LN-102421,2022-07-04,Central India,Agriculture Loan,261057.0,12,17.25,39,Business Owner,Professional Degree,Married,209138.0,764,23840.62,0.114,0,Active
LN-102527,2022-07-04,West India,Education Loan,1658179.0,36,15.49,23,Salaried,High School,Divorced,31634.0,766,57880.01,1.83,1,Active
LN-105030,2022-07-04,North India,Personal Loan,424849.0,48,14.66,38,Self-Employed,Graduate,Single,46102.0,572,11750.77,0.255,3,Active
LN-102546,2022-07-05,South India,Home Loan,2239805.0,300,11.45,57,Salaried,Professional Degree,Divorced,89189.0,707,22685.08,0.254,1,Active
LN-105135,2022-07-05,North India,Vehicle Loan,468048.0,60,15.2,21,Salaried,Graduate,Single,62694.0,666,11184.03,0.178,1,Active
LN-106183,2022-07-05,North India,Home Loan,3557490.0,120,8.79,39,Salaried,Professional Degree,Single,66890.0,703,44661.46,0.668,0,Active
LN-101875,2022-07-06,West India,Vehicle Loan,210349.0,48,17.45,54,Retired,Professional Degree,Divorced,124505.0,678,6118.71,0.049,0,Fully Paid
LN-100028,2022-07-07,Central India,Personal Loan,93938.0,36,17.59,26,Self-Employed,High School,Divorced,38336.0,597,3376.79,0.088,0,Fully Paid
LN-102839,2022-07-07,East India,Education Loan,1277755.0,84,10.0,39,Unemployed,Post-Graduate,Married,22041.0,576,21212.25,0.962,8,Defaulted
LN-105096,2022-07-07,East India,Vehicle Loan,1048599.0,72,12.28,33,Salaried,Professional Degree,Single,92238.0,672,20653.32,0.224,0,Active
LN-105588,2022-07-07,West India,Personal Loan,147917.0,48,8.18,54,Retired,Post-Graduate,Single,86633.0,680,3623.6,0.042,0,Fully Paid
LN-106226,2022-07-07,South India,Home Loan,3453310.0,120,16.18,45,Salaried,Graduate,Divorced,59629.0,695,58235.44,0.977,1,Active
LN-101595,2022-07-08,West India,Vehicle Loan,1144686.0,72,8.13,22,Salaried,High School,Married,23593.0,554,20142.79,0.854,3,Defaulted
LN-102154,2022-07-08,South India,Home Loan,4509160.0,240,16.52,43,Self-Employed,High School,Divorced,26740.0,637,64499.56,2.412,8,Written Off
LN-103950,2022-07-08,West India,Vehicle Loan,287753.0,36,10.71,45,Business Owner,High School,Married,51510.0,760,9381.2,0.182,0,Active
LN-105172,2022-07-08,East India,Home Loan,3932212.0,300,15.67,56,Self-Employed,Graduate,Married,43810.0,607,52417.54,1.196,1,Active
LN-105330,2022-07-08,Central India,Personal Loan,187497.0,12,10.14,36,Salaried,Post-Graduate,Single,63818.0,678,16496.18,0.258,0,Fully Paid
LN-106473,2022-07-08,North India,Home Loan,3497217.0,240,17.98,38,Salaried,High School,Married,26998.0,653,53919.13,1.997,0,Active
LN-100693,2022-07-09,Central India,Home Loan,3825969.0,240,11.87,37,Self-Employed,Below High School,Single,23991.0,619,41780.98,1.742,1,Active
LN-106329,2022-07-09,Central India,Home Loan,2813877.0,300,16.67,35,Self-Employed,Graduate,Single,40734.0,596,39722.69,0.975,10,Defaulted
LN-104149,2022-07-10,East India,Business Loan,4052063.0,60,11.54,48,Self-Employed,Graduate,Divorced,32194.0,636,89196.82,2.771,0,Active
LN-105737,2022-07-10,East India,Education Loan,817776.0,84,15.49,48,Unemployed,Graduate,Single,9704.0,611,16006.08,1.649,5,Restructured
LN-106548,2022-07-11,West India,Vehicle Loan,534995.0,36,10.93,26,Salaried,Post-Graduate,Married,101085.0,814,17497.32,0.173,0,Fully Paid
LN-100023,2022-07-12,West India,Home Loan,4480705.0,180,16.63,48,Retired,High School,Single,32689.0,659,67786.71,2.074,0,Active
LN-100065,2022-07-12,North India,Business Loan,2659772.0,24,9.11,39,Self-Employed,Graduate,Divorced,63236.0,659,121645.28,1.924,1,Active
LN-101637,2022-07-12,East India,Education Loan,1000678.0,36,13.84,21,Self-Employed,Post-Graduate,Single,106796.0,692,34123.09,0.32,0,Fully Paid
LN-102098,2022-07-12,Central India,Home Loan,2608295.0,240,11.37,58,Retired,Post-Graduate,Single,91265.0,644,27582.36,0.302,3,Active
LN-102831,2022-07-12,South India,Business Loan,1754410.0,60,14.37,31,Self-Employed,Below High School,Married,14630.0,682,41159.37,2.813,1,Active
LN-101720,2022-07-13,West India,Vehicle Loan,1083014.0,36,17.02,59,Self-Employed,Graduate,Married,70337.0,709,38623.18,0.549,0,Fully Paid
LN-105103,2022-07-13,South India,Vehicle Loan,201645.0,48,14.49,35,Self-Employed,Below High School,Divorced,17653.0,670,5559.94,0.315,0,Fully Paid
LN-106078,2022-07-13,Central India,Personal Loan,424723.0,24,10.27,38,Self-Employed,Post-Graduate,Divorced,102783.0,738,19651.78,0.191,0,Fully Paid
LN-100675,2022-07-14,Central India,Business Loan,2002104.0,60,15.14,43,Salaried,Graduate,Divorced,68345.0,716,47777.17,0.699,0,Active
LN-100972,2022-07-14,South India,Gold Loan,403186.0,12,16.39,66,Business Owner,Post-Graduate,Married,160339.0,710,36655.86,0.229,0,Fully Paid
LN-101291,2022-07-14,East India,Personal Loan,87187.0,36,16.49,48,Business Owner,Professional Degree,Divorced,169980.0,671,3086.37,0.018,0,Fully Paid
LN-102335,2022-07-14,East India,Business Loan,957700.0,60,13.83,35,Retired,High School,Married,33962.0,596,22199.69,0.654,1,Active
LN-101477,2022-07-15,East India,Vehicle Loan,608045.0,60,17.79,30,Business Owner,Graduate,Divorced,101205.0,732,15370.97,0.152,0,Active
LN-102080,2022-07-15,Central India,Home Loan,4185838.0,120,8.31,32,Salaried,Post-Graduate,Divorced,50917.0,671,51474.02,1.011,1,Active
LN-102212,2022-07-15,North India,Home Loan,2197097.0,300,10.39,57,Self-Employed,High School,Divorced,31553.0,707,20572.22,0.652,6,Defaulted
LN-104015,2022-07-15,South India,Agriculture Loan,312606.0,36,9.93,41,Self-Employed,Below High School,Divorced,27046.0,608,10076.65,0.373,0,Fully Paid
LN-105911,2022-07-15,North India,Home Loan,3624426.0,300,15.29,26,Business Owner,Professional Degree,Single,155506.0,705,47239.76,0.304,1,Active
LN-105916,2022-07-15,East India,Business Loan,4484316.0,24,11.63,37,Salaried,High School,Married,28176.0,745,210318.33,7.464,0,Fully Paid
LN-105959,2022-07-15,East India,Vehicle Loan,790762.0,36,9.62,44,Unemployed,Graduate,Single,9551.0,463,25374.82,2.657,7,Defaulted
LN-102032,2022-07-16,South India,Business Loan,3197041.0,36,13.87,21,Salaried,High School,Divorced,25875.0,639,109065.53,4.215,0,Fully Paid
LN-102708,2022-07-16,North India,Home Loan,2277150.0,240,14.3,37,Business Owner,Graduate,Divorced,67092.0,723,28814.33,0.429,0,Active
LN-103169,2022-07-16,North India,Home Loan,1532086.0,120,13.11,49,Salaried,Graduate,Single,43814.0,739,22975.2,0.524,0,Active
LN-104142,2022-07-16,West India,Home Loan,5063584.0,300,17.06,49,Self-Employed,High School,Married,29491.0,714,73045.0,2.477,1,Active
LN-105704,2022-07-16,Central India,Home Loan,3098884.0,240,10.37,41,Salaried,High School,Divorced,29673.0,624,30668.5,1.034,6,Defaulted
LN-100951,2022-07-17,East India,Home Loan,4915091.0,120,9.89,27,Salaried,Graduate,Divorced,50686.0,636,64654.27,1.276,9,Defaulted
LN-102458,2022-07-18,North India,Business Loan,3676480.0,36,9.33,44,Self-Employed,High School,Single,34653.0,627,117476.56,3.39,0,Fully Paid
LN-104787,2022-07-18,North India,Education Loan,1363178.0,84,12.25,41,Salaried,Professional Degree,Married,69677.0,704,24246.45,0.348,4,Defaulted
LN-105743,2022-07-18,Central India,Vehicle Loan,875091.0,72,11.87,27,Business Owner,Professional Degree,Married,187950.0,620,17049.1,0.091,3,Active
LN-106050,2022-07-19,Central India,Personal Loan,162085.0,36,12.2,41,Salaried,Professional Degree,Married,113828.0,712,5399.04,0.047,0,Fully Paid
LN-106247,2022-07-19,South India,Business Loan,1471845.0,84,15.95,52,Self-Employed,Professional Degree,Single,125372.0,716,29191.98,0.233,0,Active
LN-106803,2022-07-19,North India,Home Loan,2336465.0,300,14.82,40,Self-Employed,Post-Graduate,Single,78315.0,813,29600.23,0.378,0,Active
LN-102475,2022-07-20,North India,Gold Loan,727613.0,24,8.81,44,Self-Employed,High School,Divorced,29806.0,704,33177.42,1.113,0,Active
LN-102698,2022-07-20,North India,Personal Loan,230994.0,48,10.73,47,Retired,Below High School,Divorced,26150.0,800,5939.92,0.227,0,Fully Paid
LN-106018,2022-07-20,East India,Gold Loan,718395.0,6,14.14,26,Self-Employed,Graduate,Divorced,51247.0,650,124718.67,2.434,0,Fully Paid
LN-102167,2022-07-22,Central India,Education Loan,1569525.0,84,11.87,28,Self-Employed,Graduate,Divorced,52375.0,705,27597.41,0.527,0,Active
LN-102672,2022-07-22,South India,Home Loan,4059339.0,120,14.91,32,Retired,Professional Degree,Divorced,67881.0,595,65267.78,0.962,0,Active
LN-103360,2022-07-22,East India,Agriculture Loan,889034.0,24,12.93,41,Retired,Professional Degree,Single,88652.0,696,42237.07,0.476,0,Fully Paid
LN-103474,2022-07-22,East India,Business Loan,2610789.0,36,15.78,41,Salaried,Below High School,Single,23603.0,752,91504.28,3.877,1,Active
LN-104848,2022-07-22,South India,Agriculture Loan,197694.0,12,13.76,28,Self-Employed,Graduate,Single,58072.0,666,17728.06,0.305,0,Fully Paid
LN-105702,2022-07-22,North India,Gold Loan,237397.0,6,9.37,27,Retired,Graduate,Single,63906.0,675,40654.49,0.636,0,Fully Paid
LN-106299,2022-07-22,Central India,Vehicle Loan,943455.0,60,11.88,41,Salaried,Post-Graduate,Divorced,49058.0,716,20929.47,0.427,1,Active
LN-103425,2022-07-23,South India,Personal Loan,429092.0,12,10.05,40,Salaried,Post-Graduate,Married,68348.0,775,37733.98,0.552,0,Fully Paid
LN-104748,2022-07-23,East India,Home Loan,2844120.0,300,16.52,50,Business Owner,Post-Graduate,Divorced,141745.0,623,39812.65,0.281,3,Active
LN-105033,2022-07-23,East India,Personal Loan,419944.0,36,7.66,27,Salaried,Graduate,Married,64846.0,712,13093.75,0.202,0,Fully Paid
LN-105257,2022-07-23,West India,Vehicle Loan,307252.0,60,13.02,39,Salaried,Post-Graduate,Divorced,91713.0,689,6994.07,0.076,1,Active
LN-105967,2022-07-23,West India,Gold Loan,634271.0,6,10.66,21,Salaried,High School,Single,26018.0,560,109022.81,4.19,10,Defaulted
LN-106336,2022-07-23,Central India,Education Loan,1963369.0,60,11.66,38,Salaried,High School,Married,35198.0,738,43337.48,1.231,1,Active
LN-100530,2022-07-24,Central India,Personal Loan,80367.0,24,7.92,24,Salaried,High School,Married,36058.0,655,3631.85,0.101,0,Fully Paid
LN-100930,2022-07-24,North India,Vehicle Loan,542708.0,60,11.45,49,Self-Employed,High School,Married,31418.0,671,11921.95,0.379,1,Active
LN-102332,2022-07-24,Central India,Education Loan,1133212.0,36,11.69,30,Salaried,High School,Single,35158.0,743,37471.29,1.066,0,Fully Paid
LN-102559,2022-07-24,North India,Personal Loan,78788.0,12,14.29,47,Salaried,High School,Married,22463.0,717,7084.9,0.315,0,Fully Paid
LN-103672,2022-07-24,South India,Vehicle Loan,561910.0,60,16.17,22,Self-Employed,Professional Degree,Divorced,70845.0,582,13715.37,0.194,0,Active
LN-104387,2022-07-24,South India,Vehicle Loan,203706.0,60,13.06,22,Self-Employed,Graduate,Married,60087.0,762,4641.2,0.077,0,Active
LN-105323,2022-07-24,Central India,Vehicle Loan,600664.0,72,14.48,56,Salaried,Post-Graduate,Single,86080.0,751,12532.04,0.146,0,Active
LN-105525,2022-07-24,West India,Education Loan,1083901.0,60,7.73,27,Salaried,Post-Graduate,Married,51431.0,633,21837.81,0.425,1,Active
LN-100154,2022-07-25,West India,Home Loan,1930488.0,180,18.24,29,Self-Employed,Post-Graduate,Single,100099.0,676,31422.91,0.314,1,Active
LN-103009,2022-07-25,South India,Personal Loan,380795.0,36,13.26,50,Salaried,Professional Degree,Divorced,123503.0,825,12878.23,0.104,0,Fully Paid
LN-101956,2022-07-26,Central India,Education Loan,1159226.0,36,12.69,40,Retired,Graduate,Married,65035.0,586,38886.04,0.598,0,Active
LN-102449,2022-07-26,East India,Education Loan,1878373.0,60,16.09,38,Business Owner,Professional Degree,Married,174219.0,784,45768.25,0.263,0,Active
LN-102634,2022-07-26,West India,Business Loan,1849338.0,36,11.96,24,Self-Employed,Post-Graduate,Single,73420.0,644,61389.16,0.836,0,Fully Paid
LN-103536,2022-07-26,East India,Agriculture Loan,430559.0,12,8.03,40,Salaried,Post-Graduate,Single,66594.0,771,37459.62,0.563,0,Fully Paid
LN-101251,2022-07-27,Central India,Home Loan,5803375.0,180,16.78,25,Retired,Professional Degree,Married,117332.0,752,88410.9,0.754,0,Active
LN-100068,2022-07-28,North India,Agriculture Loan,166309.0,12,15.88,54,Salaried,Graduate,Single,71973.0,738,15079.92,0.21,0,Fully Paid
LN-102068,2022-07-28,Central India,Vehicle Loan,896053.0,60,11.51,52,Salaried,Graduate,Single,62451.0,683,19711.04,0.316,12,Defaulted
LN-102806,2022-07-28,East India,Vehicle Loan,239717.0,60,16.21,45,Retired,Graduate,Single,63768.0,643,5856.23,0.092,0,Active
LN-102923,2022-07-28,Central India,Agriculture Loan,214332.0,24,11.49,29,Self-Employed,Graduate,Single,40696.0,600,10038.38,0.247,0,Fully Paid
LN-105720,2022-07-28,South India,Business Loan,1520638.0,24,11.28,37,Self-Employed,Graduate,Divorced,55773.0,685,71071.49,1.274,1,Active
LN-100163,2022-07-29,Central India,Business Loan,4952190.0,60,9.84,21,Self-Employed,Professional Degree,Single,107229.0,747,104829.96,0.978,1,Active
LN-101679,2022-07-29,North India,Personal Loan,130164.0,24,11.29,45,Salaried,High School,Single,22645.0,784,6084.2,0.269,0,Fully Paid
LN-103433,2022-07-29,South India,Vehicle Loan,1199665.0,36,17.07,27,Self-Employed,Graduate,Married,49059.0,619,42813.13,0.873,0,Fully Paid
LN-103596,2022-07-29,South India,Business Loan,609285.0,84,10.51,21,Salaried,Graduate,Single,41536.0,769,10276.13,0.247,0,Active
LN-104407,2022-07-29,East India,Education Loan,1681728.0,120,17.18,50,Salaried,Graduate,Married,49689.0,639,29420.13,0.592,1,Active
LN-105527,2022-07-29,North India,Home Loan,2289821.0,120,14.56,40,Self-Employed,Post-Graduate,Married,81062.0,635,36328.26,0.448,0,Active
LN-105803,2022-07-29,North India,Personal Loan,252266.0,48,16.82,30,Salaried,Graduate,Married,63692.0,691,7255.67,0.114,1,Active
LN-100838,2022-07-30,Central India,Home Loan,1864756.0,180,12.64,45,Retired,Professional Degree,Married,148687.0,748,23153.69,0.156,11,Written Off
LN-102786,2022-07-30,Central India,Business Loan,890892.0,36,17.45,43,Salaried,Professional Degree,Married,104412.0,765,31962.61,0.306,0,Fully Paid
LN-104335,2022-07-30,West India,Personal Loan,439244.0,24,12.77,28,Business Owner,Professional Degree,Married,225225.0,799,20835.04,0.093,0,Fully Paid
LN-104394,2022-07-31,East India,Gold Loan,752059.0,12,13.03,43,Self-Employed,Professional Degree,Single,87225.0,559,67182.45,0.77,0,Fully Paid
LN-101586,2022-08-01,North India,Education Loan,828322.0,84,15.85,40,Salaried,High School,Married,34410.0,683,16381.5,0.476,1,Active
LN-105805,2022-08-01,East India,Personal Loan,50444.0,36,15.63,29,Self-Employed,High School,Single,30151.0,709,1764.26,0.059,0,Fully Paid
LN-101209,2022-08-03,Central India,Personal Loan,464203.0,36,9.21,32,Retired,Below High School,Married,24130.0,579,14806.94,0.614,2,Active
LN-102512,2022-08-03,Central India,Vehicle Loan,361239.0,48,8.73,24,Business Owner,Post-Graduate,Divorced,163614.0,666,8943.21,0.055,1,Active
LN-102513,2022-08-03,West India,Business Loan,3216698.0,60,12.68,43,Unemployed,Post-Graduate,Married,26937.0,418,72663.91,2.698,8,Written Off
LN-103083,2022-08-03,East India,Business Loan,4403805.0,60,16.69,60,Retired,Post-Graduate,Single,105274.0,627,108713.19,1.033,1,Active
LN-104545,2022-08-03,South India,Business Loan,2683037.0,60,9.69,53,Business Owner,Post-Graduate,Divorced,155482.0,742,56598.22,0.364,1,Active
LN-100559,2022-08-04,West India,Vehicle Loan,1004171.0,36,16.57,37,Salaried,Graduate,Married,70212.0,701,35586.91,0.507,0,Fully Paid
LN-101698,2022-08-04,East India,Vehicle Loan,313104.0,48,10.11,21,Self-Employed,Professional Degree,Married,98382.0,745,7957.68,0.081,0,Active
LN-102359,2022-08-04,North India,Business Loan,4619312.0,24,16.29,49,Self-Employed,Graduate,Married,71665.0,761,226816.48,3.165,1,Active
LN-103688,2022-08-04,North India,Education Loan,1992093.0,120,16.17,33,Business Owner,Graduate,Married,106018.0,731,33581.52,0.317,0,Active
LN-105706,2022-08-04,East India,Home Loan,4818688.0,180,9.66,49,Salaried,Professional Degree,Single,113645.0,676,50784.2,0.447,0,Active
LN-106224,2022-08-04,South India,Personal Loan,340344.0,36,15.64,51,Self-Employed,Post-Graduate,Married,103116.0,704,11905.08,0.115,0,Fully Paid
LN-100589,2022-08-05,Central India,Home Loan,4328064.0,180,10.3,48,Self-Employed,Graduate,Married,40427.0,671,47307.14,1.17,8,Defaulted
LN-100881,2022-08-05,North India,Education Loan,1370931.0,36,17.39,27,Salaried,Graduate,Divorced,40903.0,691,49143.94,1.201,6,Defaulted
LN-101933,2022-08-05,North India,Personal Loan,468239.0,12,17.71,46,Salaried,Post-Graduate,Married,85029.0,781,42863.55,0.504,0,Fully Paid
LN-102422,2022-08-05,South India,Home Loan,5979057.0,300,17.16,29,Business Owner,Professional Degree,Single,139863.0,653,86725.75,0.62,6,Defaulted
LN-104274,2022-08-05,North India,Business Loan,3578411.0,36,11.55,23,Self-Employed,High School,Single,22733.0,606,118086.82,5.195,3,Active
LN-100480,2022-08-06,West India,Vehicle Loan,895429.0,60,10.04,35,Salaried,Professional Degree,Divorced,105924.0,768,19042.85,0.18,1,Active
LN-103265,2022-08-06,Central India,Business Loan,824210.0,24,14.25,33,Self-Employed,Graduate,Divorced,51033.0,693,39670.11,0.777,0,Fully Paid
LN-101403,2022-08-08,South India,Vehicle Loan,575551.0,36,8.18,29,Business Owner,Graduate,Divorced,109825.0,698,18083.51,0.165,0,Fully Paid
LN-103072,2022-08-08,Central India,Education Loan,742883.0,84,11.9,50,Salaried,Post-Graduate,Single,94527.0,784,13074.22,0.138,1,Active
LN-104499,2022-08-08,West India,Gold Loan,55061.0,6,11.08,26,Unemployed,Graduate,Married,13379.0,569,9475.67,0.708,4,Written Off
LN-106364,2022-08-08,East India,Personal Loan,462290.0,12,11.63,59,Business Owner,Graduate,Married,45139.0,683,40993.93,0.908,0,Active
LN-106942,2022-08-08,South India,Vehicle Loan,1049523.0,48,8.38,48,Self-Employed,Graduate,Married,52081.0,690,25809.54,0.496,1,Active
LN-104519,2022-08-09,West India,Home Loan,2209863.0,240,10.48,27,Salaried,High School,Married,19016.0,715,22033.15,1.159,1,Active
LN-105466,2022-08-09,South India,Vehicle Loan,499234.0,48,13.44,48,Salaried,Graduate,Married,58957.0,572,13502.48,0.229,0,Active
LN-100350,2022-08-10,South India,Gold Loan,136326.0,12,16.54,49,Self-Employed,Professional Degree,Single,87034.0,673,12403.84,0.143,0,Fully Paid
LN-105491,2022-08-10,Central India,Vehicle Loan,851482.0,48,15.88,49,Self-Employed,High School,Divorced,18300.0,646,24078.94,1.316,1,Active
LN-100979,2022-08-11,East India,Personal Loan,290394.0,24,8.1,42,Business Owner,Professional Degree,Single,167403.0,689,13146.98,0.079,0,Fully Paid
LN-103905,2022-08-11,Central India,Business Loan,1548011.0,36,10.79,29,Salaried,Graduate,Divorced,39223.0,731,50526.09,1.288,0,Fully Paid
LN-104620,2022-08-11,Central India,Vehicle Loan,772596.0,72,12.5,27,Salaried,Graduate,Single,42474.0,688,15306.04,0.36,10,Defaulted
LN-106935,2022-08-11,South India,Vehicle Loan,680503.0,72,8.03,23,Salaried,Below High School,Married,21368.0,755,11941.39,0.559,5,Written Off
LN-103279,2022-08-12,South India,Vehicle Loan,628929.0,72,11.41,35,Retired,Professional Degree,Married,97149.0,610,12103.57,0.125,1,Active
LN-100715,2022-08-13,South India,Vehicle Loan,820281.0,72,8.3,24,Self-Employed,Post-Graduate,Married,55011.0,578,14502.64,0.264,5,Defaulted
LN-101153,2022-08-13,West India,Gold Loan,254442.0,24,18.19,29,Retired,Professional Degree,Married,77660.0,675,12726.16,0.164,0,Fully Paid
LN-102275,2022-08-13,Central India,Business Loan,4787612.0,84,17.05,56,Self-Employed,Professional Degree,Single,128404.0,607,97977.09,0.763,3,Active
LN-102445,2022-08-13,East India,Home Loan,3022052.0,300,14.8,37,Salaried,Post-Graduate,Married,51538.0,735,38239.02,0.742,9,Written Off
LN-103087,2022-08-13,Central India,Vehicle Loan,424946.0,36,11.7,38,Retired,High School,Married,26692.0,682,14053.48,0.527,0,Fully Paid
LN-104409,2022-08-13,North India,Personal Loan,183314.0,24,14.28,51,Business Owner,Graduate,Divorced,63565.0,717,8825.7,0.139,1,Active
LN-101446,2022-08-14,East India,Home Loan,1825551.0,300,10.22,38,Salaried,Graduate,Married,67800.0,680,16872.75,0.249,1,Active
LN-103590,2022-08-14,South India,Home Loan,1615287.0,180,8.22,47,Salaried,Graduate,Married,43571.0,712,15642.37,0.359,1,Active
LN-104680,2022-08-14,West India,Vehicle Loan,458550.0,72,13.11,56,Self-Employed,High School,Divorced,31333.0,619,9231.62,0.295,2,Active
LN-100340,2022-08-15,East India,Vehicle Loan,618358.0,48,12.76,22,Self-Employed,High School,Married,28034.0,604,16515.43,0.589,0,Active
LN-101670,2022-08-15,Central India,Vehicle Loan,1120930.0,72,14.89,42,Salaried,Below High School,Single,22231.0,645,23635.17,1.063,3,Active
LN-102796,2022-08-15,South India,Gold Loan,208680.0,12,9.55,32,Self-Employed,Professional Degree,Single,132836.0,679,18302.64,0.138,0,Fully Paid
LN-102932,2022-08-15,North India,Agriculture Loan,611797.0,24,9.12,56,Self-Employed,Post-Graduate,Divorced,75316.0,565,27983.48,0.372,0,Fully Paid
LN-106289,2022-08-15,North India,Business Loan,3696038.0,60,10.51,39,Self-Employed,Post-Graduate,Divorced,49262.0,734,79460.58,1.613,7,Written Off
LN-100533,2022-08-16,Central India,Education Loan,1337232.0,36,7.56,63,Unemployed,High School,Single,10174.0,591,41633.09,4.092,8,Defaulted
LN-102327,2022-08-16,North India,Business Loan,4403521.0,24,16.78,37,Retired,Below High School,Single,17387.0,667,217254.84,12.495,1,Active
LN-102789,2022-08-16,North India,Home Loan,3313981.0,300,9.74,41,Salaried,Graduate,Single,40012.0,848,29508.93,0.738,1,Active
LN-103987,2022-08-16,South India,Personal Loan,351923.0,36,17.24,32,Business Owner,Graduate,Married,100136.0,732,12589.09,0.126,0,Fully Paid
LN-105003,2022-08-16,Central India,Home Loan,5208777.0,240,7.98,36,Business Owner,Post-Graduate,Married,149617.0,679,43503.49,0.291,1,Active
LN-105028,2022-08-16,Central India,Personal Loan,409312.0,36,13.0,32,Salaried,Graduate,Divorced,66887.0,763,13791.34,0.206,0,Fully Paid
LN-105049,2022-08-16,East India,Business Loan,3110834.0,84,15.88,52,Self-Employed,Below High School,Married,19496.0,702,61575.16,3.158,12,Defaulted
LN-105696,2022-08-16,Central India,Vehicle Loan,980229.0,72,17.58,43,Business Owner,Graduate,Married,103902.0,862,22124.75,0.213,1,Active
LN-102283,2022-08-17,West India,Personal Loan,254082.0,48,12.0,31,Retired,Graduate,Married,33338.0,598,6690.95,0.201,7,Written Off
LN-102442,2022-08-17,South India,Home Loan,4545321.0,120,9.27,30,Salaried,Professional Degree,Single,76962.0,695,58244.48,0.757,12,Defaulted
LN-104204,2022-08-17,North India,Vehicle Loan,1153932.0,36,13.21,51,Salaried,Graduate,Single,46024.0,733,38997.35,0.847,0,Active
LN-104525,2022-08-17,West India,Agriculture Loan,966730.0,12,11.31,44,Salaried,Professional Degree,Married,74377.0,693,85581.05,1.151,1,Active
LN-104689,2022-08-17,South India,Vehicle Loan,555032.0,48,16.37,32,Salaried,Graduate,Single,61733.0,808,15835.14,0.257,0,Active
LN-100851,2022-08-18,South India,Education Loan,1258928.0,36,14.2,48,Salaried,Post-Graduate,Divorced,84672.0,777,43149.57,0.51,0,Fully Paid
LN-106834,2022-08-18,South India,Vehicle Loan,215694.0,60,9.06,40,Salaried,Professional Degree,Single,103573.0,784,4483.74,0.043,1,Active
LN-100543,2022-08-19,West India,Home Loan,3064505.0,120,17.2,23,Business Owner,Graduate,Divorced,112475.0,630,53649.38,0.477,0,Active
LN-104286,2022-08-19,Central India,Agriculture Loan,781005.0,24,15.89,21,Business Owner,High School,Divorced,38939.0,626,38199.4,0.981,0,Fully Paid
LN-100397,2022-08-20,East India,Vehicle Loan,789609.0,36,16.47,24,Business Owner,High School,Married,40622.0,673,27943.88,0.688,0,Fully Paid
LN-100560,2022-08-20,South India,Agriculture Loan,422650.0,12,11.9,33,Unemployed,High School,Divorced,7534.0,542,37532.17,4.982,2,Restructured
LN-101972,2022-08-20,North India,Business Loan,796632.0,60,15.8,53,Business Owner,Professional Degree,Married,95041.0,783,19287.99,0.203,1,Active
LN-106978,2022-08-20,North India,Education Loan,1795489.0,84,8.25,36,Salaried,High School,Married,25586.0,711,28209.03,1.103,0,Active
LN-102360,2022-08-21,North India,Business Loan,2834090.0,36,9.24,56,Salaried,Graduate,Divorced,43004.0,700,90440.2,2.103,0,Fully Paid
LN-104992,2022-08-21,East India,Business Loan,3475080.0,24,17.9,36,Salaried,Post-Graduate,Single,77584.0,644,173322.39,2.234,0,Fully Paid
LN-105752,2022-08-21,North India,Vehicle Loan,1045198.0,36,9.18,21,Salaried,Graduate,Married,52239.0,777,33324.65,0.638,0,Fully Paid
LN-101858,2022-08-22,Central India,Home Loan,4119854.0,120,7.9,48,Salaried,High School,Married,39924.0,632,49767.77,1.247,0,Active
LN-104434,2022-08-22,Central India,Business Loan,3167613.0,60,10.9,24,Salaried,Post-Graduate,Married,86995.0,713,68713.72,0.79,0,Active
LN-105878,2022-08-22,Central India,Personal Loan,110892.0,12,8.05,35,Salaried,Post-Graduate,Divorced,82170.0,717,9648.88,0.117,0,Fully Paid
LN-106841,2022-08-22,North India,Personal Loan,192146.0,36,8.21,52,Salaried,High School,Married,33322.0,728,6039.79,0.181,0,Fully Paid
LN-101913,2022-08-23,North India,Home Loan,1537599.0,180,8.66,21,Business Owner,High School,Divorced,57866.0,547,15285.9,0.264,0,Active
LN-104687,2022-08-23,West India,Home Loan,2510690.0,180,11.82,33,Salaried,High School,Single,38196.0,705,29842.37,0.781,0,Active
LN-106999,2022-08-23,East India,Personal Loan,377740.0,36,12.7,51,Unemployed,Graduate,Married,11339.0,540,12673.04,1.118,8,Defaulted
LN-101047,2022-08-24,North India,Personal Loan,327924.0,36,11.57,25,Salaried,Graduate,Single,38025.0,653,10824.54,0.285,0,Fully Paid
LN-103261,2022-08-25,Central India,Business Loan,3611867.0,84,18.25,43,Business Owner,Graduate,Divorced,76027.0,742,76443.81,1.005,1,Active
LN-103787,2022-08-25,North India,Vehicle Loan,930012.0,72,16.09,35,Self-Employed,Post-Graduate,Divorced,101460.0,627,20219.78,0.199,3,Active
LN-105349,2022-08-25,Central India,Gold Loan,294993.0,24,11.67,35,Unemployed,High School,Divorced,5246.0,634,13840.93,2.638,0,Fully Paid
LN-101431,2022-08-26,Central India,Vehicle Loan,389805.0,48,9.98,29,Unemployed,Post-Graduate,Married,26516.0,507,9882.72,0.373,6,Defaulted
LN-103191,2022-08-26,Central India,Home Loan,4787237.0,300,15.42,39,Salaried,High School,Married,27991.0,752,62880.5,2.246,1,Active
LN-104740,2022-08-26,South India,Personal Loan,471582.0,24,18.43,28,Self-Employed,Post-Graduate,Divorced,61862.0,772,23641.4,0.382,0,Fully Paid
LN-104760,2022-08-26,North India,Gold Loan,443914.0,6,17.5,21,Business Owner,High School,Single,53254.0,796,77807.57,1.461,0,Fully Paid
LN-106748,2022-08-26,South India,Home Loan,3014972.0,300,17.29,21,Business Owner,High School,Divorced,28556.0,735,44043.33,1.542,4,Restructured
LN-101394,2022-08-27,South India,Home Loan,4752184.0,300,8.84,21,Business Owner,Graduate,Divorced,70029.0,670,39360.78,0.562,0,Active
LN-101802,2022-08-27,North India,Personal Loan,328442.0,24,18.34,44,Salaried,Graduate,Single,56584.0,679,16451.18,0.291,0,Fully Paid
LN-101850,2022-08-27,Central India,Business Loan,4554077.0,84,15.73,27,Salaried,Below High School,Married,15869.0,774,89754.45,5.656,6,Restructured
LN-104245,2022-08-27,West India,Vehicle Loan,1144918.0,60,9.5,38,Retired,High School,Divorced,22536.0,645,24045.41,1.067,11,Written Off
LN-104578,2022-08-27,Central India,Home Loan,4295391.0,240,18.12,44,Salaried,Below High School,Married,25716.0,608,66688.21,2.593,2,Active
LN-104677,2022-08-28,South India,Vehicle Loan,890004.0,48,14.75,33,Business Owner,Professional Degree,Married,198872.0,674,24656.84,0.124,0,Active
LN-106200,2022-08-28,West India,Personal Loan,462476.0,24,13.22,23,Salaried,Post-Graduate,Married,79424.0,697,22034.77,0.277,0,Fully Paid
LN-106948,2022-08-28,Central India,Gold Loan,377379.0,24,14.13,52,Salaried,Graduate,Married,35628.0,570,18142.24,0.509,0,Fully Paid
LN-100284,2022-08-29,Central India,Vehicle Loan,1098181.0,60,7.63,45,Self-Employed,High School,Divorced,37155.0,549,22073.2,0.594,6,Defaulted
LN-100575,2022-08-29,West India,Vehicle Loan,539486.0,36,11.07,48,Business Owner,Professional Degree,Married,137145.0,722,17679.97,0.129,0,Fully Paid
LN-103026,2022-08-29,East India,Home Loan,1529801.0,240,11.28,36,Business Owner,Post-Graduate,Single,132161.0,623,16082.97,0.122,8,Written Off
LN-104892,2022-08-30,North India,Vehicle Loan,430860.0,72,12.64,34,Salaried,Graduate,Divorced,38540.0,704,8567.48,0.222,1,Active
LN-101045,2022-08-31,North India,Business Loan,3441501.0,60,16.86,61,Salaried,Professional Degree,Married,67000.0,695,85271.31,1.273,1,Active
LN-104922,2022-08-31,South India,Home Loan,5919418.0,120,10.24,57,Salaried,High School,Married,33855.0,656,79014.36,2.334,1,Active
LN-105955,2022-08-31,West India,Agriculture Loan,492003.0,12,16.43,32,Salaried,Graduate,Married,46587.0,637,44740.03,0.96,0,Active
LN-106882,2022-08-31,Central India,Education Loan,1018299.0,84,8.64,47,Self-Employed,Graduate,Single,64897.0,607,16198.06,0.25,2,Active
LN-100012,2022-09-01,East India,Business Loan,4559999.0,84,11.64,50,Salaried,Graduate,Divorced,34524.0,720,79621.19,2.306,1,Active
LN-106612,2022-09-01,South India,Gold Loan,163053.0,12,16.89,34,Self-Employed,Graduate,Married,40478.0,476,14862.7,0.367,6,Restructured
LN-106639,2022-09-01,Central India,Home Loan,4168254.0,240,11.28,41,Retired,Post-Graduate,Single,57946.0,706,43821.33,0.756,1,Active
LN-106753,2022-09-01,East India,Home Loan,4341490.0,240,12.69,55,Retired,High School,Divorced,36766.0,604,49908.12,1.357,9,Defaulted
LN-104296,2022-09-02,North India,Education Loan,291043.0,60,9.63,30,Salaried,Graduate,Married,69970.0,739,6130.95,0.088,0,Active
LN-104467,2022-09-02,North India,Personal Loan,100246.0,48,8.53,45,Self-Employed,Professional Degree,Married,139610.0,630,2472.31,0.018,2,Active
LN-106522,2022-09-02,West India,Home Loan,5670820.0,300,9.17,40,Salaried,High School,Single,32103.0,719,48251.21,1.503,3,Defaulted
LN-100752,2022-09-03,North India,Home Loan,3101611.0,300,11.06,42,Business Owner,High School,Married,59422.0,690,30533.93,0.514,0,Active
LN-101385,2022-09-03,North India,Home Loan,3560781.0,300,9.14,31,Salaried,Post-Graduate,Married,56842.0,567,30224.05,0.532,2,Active
LN-104261,2022-09-03,Central India,Business Loan,694152.0,24,9.27,42,Salaried,Graduate,Divorced,65794.0,713,31798.22,0.483,0,Fully Paid
LN-104629,2022-09-03,West India,Education Loan,1500927.0,84,7.95,47,Unemployed,Below High School,Divorced,6813.0,485,23356.4,3.428,7,Defaulted
LN-101919,2022-09-04,West India,Vehicle Loan,812953.0,36,18.02,31,Self-Employed,Graduate,Single,58729.0,606,29398.36,0.501,2,Active
LN-103797,2022-09-04,North India,Personal Loan,61368.0,48,18.33,31,Salaried,High School,Divorced,39824.0,655,1813.28,0.046,0,Active
LN-100492,2022-09-05,West India,Vehicle Loan,1121823.0,72,7.67,33,Salaried,Post-Graduate,Divorced,67339.0,717,19488.93,0.289,1,Active
LN-101859,2022-09-05,West India,Home Loan,4589292.0,300,14.32,27,Retired,Post-Graduate,Married,87912.0,678,56370.58,0.641,12,Defaulted
LN-102140,2022-09-05,Central India,Vehicle Loan,271127.0,36,9.64,55,Self-Employed,Post-Graduate,Single,85792.0,644,8702.75,0.101,2,Restructured
LN-105715,2022-09-05,Central India,Personal Loan,370565.0,36,16.84,41,Retired,Below High School,Divorced,28024.0,625,13182.16,0.47,0,Fully Paid
LN-105762,2022-09-05,East India,Vehicle Loan,801277.0,60,13.88,42,Salaried,Graduate,Single,53739.0,594,18594.5,0.346,0,Active
LN-105861,2022-09-05,Central India,Home Loan,1530916.0,180,14.47,32,Salaried,Professional Degree,Divorced,119718.0,728,20873.52,0.174,0,Active
LN-101164,2022-09-07,West India,Business Loan,948251.0,84,10.6,28,Unemployed,Post-Graduate,Married,22240.0,628,16037.62,0.721,6,Restructured
LN-103247,2022-09-07,East India,Vehicle Loan,1015974.0,72,12.14,51,Salaried,Professional Degree,Married,124554.0,649,19936.53,0.16,2,Active
LN-103837,2022-09-07,East India,Personal Loan,320779.0,24,12.4,30,Salaried,Graduate,Married,60900.0,677,15160.17,0.249,0,Fully Paid
LN-103912,2022-09-07,Central India,Gold Loan,274920.0,6,11.18,38,Business Owner,Post-Graduate,Single,107613.0,675,47325.66,0.44,0,Fully Paid
LN-105676,2022-09-07,West India,Gold Loan,333283.0,12,15.81,37,Salaried,Professional Degree,Single,86670.0,708,30209.09,0.349,0,Fully Paid
LN-106211,2022-09-07,Central India,Personal Loan,109427.0,36,11.31,21,Retired,Graduate,Divorced,69495.0,663,3598.59,0.052,0,Fully Paid
LN-106577,2022-09-07,Central India,Personal Loan,166458.0,24,10.14,38,Salaried,Graduate,Married,62260.0,801,7691.95,0.124,0,Fully Paid
LN-102012,2022-09-08,Central India,Personal Loan,228126.0,24,15.39,35,Self-Employed,Post-Graduate,Divorced,104832.0,595,11103.38,0.106,0,Fully Paid
LN-103794,2022-09-08,South India,Home Loan,3301369.0,240,11.21,31,Self-Employed,Professional Degree,Single,107721.0,745,34549.42,0.321,1,Active
LN-105671,2022-09-08,Central India,Business Loan,1216549.0,84,7.66,40,Salaried,Post-Graduate,Married,91672.0,729,18755.98,0.205,1,Active
LN-100053,2022-09-09,East India,Home Loan,2785513.0,300,14.22,53,Business Owner,Graduate,Divorced,89949.0,804,34000.64,0.378,1,Active
LN-101433,2022-09-09,Central India,Personal Loan,252855.0,24,10.63,30,Self-Employed,Graduate,Married,38159.0,679,11741.64,0.308,0,Fully Paid
LN-105457,2022-09-09,North India,Gold Loan,111685.0,12,8.35,50,Salaried,Post-Graduate,Married,62953.0,761,9733.39,0.155,0,Fully Paid
LN-106309,2022-09-09,North India,Personal Loan,153578.0,36,13.78,38,Business Owner,Post-Graduate,Single,165703.0,662,5232.54,0.032,0,Fully Paid
LN-100279,2022-09-10,North India,Gold Loan,545395.0,24,12.42,24,Retired,Professional Degree,Divorced,132180.0,686,25780.74,0.195,0,Fully Paid
LN-100437,2022-09-10,South India,Home Loan,3444575.0,180,10.48,38,Self-Employed,Professional Degree,Married,126321.0,646,38033.6,0.301,1,Active
LN-101418,2022-09-10,North India,Business Loan,2576579.0,36,8.14,62,Retired,High School,Divorced,18020.0,639,80907.13,4.49,0,Fully Paid
LN-104876,2022-09-10,South India,Vehicle Loan,333887.0,72,10.26,44,Salaried,Graduate,Married,35652.0,587,6229.4,0.175,3,Active
LN-104988,2022-09-10,North India,Business Loan,3366007.0,84,16.5,30,Business Owner,Post-Graduate,Single,75429.0,809,67817.94,0.899,0,Active
LN-105859,2022-09-10,East India,Business Loan,3843050.0,60,13.28,30,Self-Employed,Graduate,Married,38925.0,634,87993.03,2.261,3,Active
LN-106366,2022-09-10,South India,Gold Loan,95581.0,6,13.42,52,Salaried,Graduate,Divorced,33388.0,711,16559.48,0.496,3,Defaulted
LN-100115,2022-09-11,East India,Business Loan,2755788.0,24,10.09,34,Retired,Post-Graduate,Single,92764.0,681,127280.14,1.372,0,Fully Paid
LN-102898,2022-09-11,West India,Education Loan,1024822.0,36,8.42,34,Self-Employed,High School,Married,25206.0,695,32313.13,1.282,6,Restructured
LN-105397,2022-09-11,West India,Home Loan,2124710.0,240,17.82,26,Salaried,Graduate,Single,60787.0,777,32496.87,0.535,9,Written Off
LN-105415,2022-09-11,South India,Personal Loan,217856.0,48,9.83,23,Business Owner,Graduate,Divorced,74626.0,749,5507.62,0.074,1,Active
LN-106596,2022-09-11,West India,Education Loan,1389315.0,60,7.81,32,Retired,Graduate,Married,46570.0,551,28044.14,0.602,0,Active
LN-106655,2022-09-11,East India,Personal Loan,100431.0,24,13.51,36,Salaried,Professional Degree,Single,70986.0,714,4798.77,0.068,0,Fully Paid
LN-100360,2022-09-12,East India,Agriculture Loan,258685.0,12,8.47,31,Business Owner,Professional Degree,Divorced,221211.0,820,22558.86,0.102,0,Fully Paid
LN-100384,2022-09-12,South India,Vehicle Loan,727421.0,60,17.33,54,Salaried,Post-Graduate,Married,110191.0,589,18207.61,0.165,1,Active
LN-100520,2022-09-12,North India,Agriculture Loan,381206.0,24,8.03,24,Salaried,Post-Graduate,Married,65445.0,706,17246.13,0.264,0,Fully Paid
LN-103725,2022-09-12,East India,Vehicle Loan,631032.0,60,11.6,35,Salaried,Post-Graduate,Married,103914.0,717,13909.74,0.134,1,Active
LN-104514,2022-09-12,North India,Home Loan,2003346.0,300,10.49,57,Salaried,Graduate,Divorced,38997.0,745,18900.92,0.485,1,Active
LN-105746,2022-09-12,Central India,Personal Loan,340130.0,24,12.6,45,Salaried,Graduate,Divorced,40680.0,592,16106.57,0.396,0,Fully Paid
LN-106147,2022-09-12,North India,Education Loan,1175867.0,36,15.97,32,Business Owner,High School,Divorced,36070.0,667,41322.58,1.146,3,Defaulted
LN-103068,2022-09-14,West India,Business Loan,3126410.0,84,11.54,34,Retired,Professional Degree,Single,149450.0,666,54423.54,0.364,1,Active
LN-104019,2022-09-14,North India,Business Loan,2330297.0,24,13.55,51,Salaried,Graduate,Married,70000.0,743,111389.53,1.591,0,Fully Paid
LN-105890,2022-09-14,West India,Business Loan,3155411.0,24,10.83,31,Self-Employed,Post-Graduate,Single,59706.0,611,146817.96,2.459,0,Fully Paid
LN-100969,2022-09-16,West India,Vehicle Loan,350874.0,60,14.08,42,Business Owner,Graduate,Single,68299.0,739,8178.78,0.12,0,Active
LN-101511,2022-09-16,East India,Gold Loan,137899.0,12,14.85,49,Salaried,Professional Degree,Single,103981.0,656,12436.77,0.12,0,Fully Paid
LN-101871,2022-09-16,South India,Personal Loan,326269.0,24,18.33,35,Business Owner,Post-Graduate,Married,109020.0,648,16340.76,0.15,1,Active
LN-103032,2022-09-16,East India,Gold Loan,743634.0,12,7.68,43,Salaried,Graduate,Married,40160.0,718,64577.58,1.608,0,Fully Paid
LN-101797,2022-09-17,West India,Personal Loan,99892.0,24,17.88,38,Business Owner,Graduate,Single,106386.0,686,4981.23,0.047,0,Fully Paid
LN-103446,2022-09-17,Central India,Vehicle Loan,781143.0,72,13.99,35,Salaried,Professional Degree,Single,89700.0,781,16091.85,0.179,0,Active
LN-100810,2022-09-18,East India,Personal Loan,457191.0,36,13.21,28,Salaried,Professional Degree,Single,149678.0,812,15450.86,0.103,0,Fully Paid
LN-102888,2022-09-18,North India,Personal Loan,112598.0,36,12.65,37,Salaried,Graduate,Single,56973.0,664,3774.92,0.066,0,Fully Paid
LN-103674,2022-09-18,East India,Vehicle Loan,538548.0,72,9.37,44,Salaried,Graduate,Divorced,68687.0,696,9806.81,0.143,0,Active
LN-104150,2022-09-18,East India,Agriculture Loan,278928.0,36,17.93,62,Salaried,High School,Single,37821.0,670,10074.12,0.266,0,Fully Paid
LN-104889,2022-09-18,South India,Gold Loan,154095.0,12,16.06,50,Salaried,Professional Degree,Single,68823.0,775,13985.55,0.203,0,Fully Paid
LN-102264,2022-09-19,North India,Personal Loan,174379.0,36,12.12,42,Unemployed,High School,Single,10868.0,701,5801.88,0.534,0,Fully Paid
LN-103205,2022-09-19,West India,Home Loan,1897092.0,180,16.72,21,Business Owner,Graduate,Divorced,67120.0,720,28820.69,0.429,1,Active
LN-103495,2022-09-19,North India,Home Loan,1936869.0,300,8.34,36,Self-Employed,Graduate,Married,63654.0,695,15387.91,0.242,1,Active
LN-105370,2022-09-19,Central India,Personal Loan,159437.0,36,16.24,45,Business Owner,Graduate,Married,79845.0,641,5624.24,0.07,0,Fully Paid
LN-100167,2022-09-20,West India,Agriculture Loan,502850.0,36,13.45,33,Salaried,Post-Graduate,Divorced,102797.0,732,17052.2,0.166,0,Fully Paid
LN-100525,2022-09-20,West India,Education Loan,419264.0,36,12.26,50,Salaried,Post-Graduate,Married,89609.0,755,13977.69,0.156,0,Fully Paid
LN-103532,2022-09-20,North India,Agriculture Loan,980488.0,12,12.97,21,Business Owner,Professional Degree,Single,167433.0,674,87560.72,0.523,0,Fully Paid
LN-103954,2022-09-20,South India,Personal Loan,401207.0,36,11.25,36,Salaried,Graduate,Married,59434.0,651,13182.55,0.222,0,Fully Paid
LN-105499,2022-09-20,South India,Vehicle Loan,796942.0,60,18.27,33,Salaried,Post-Graduate,Divorced,72101.0,775,20354.33,0.282,0,Active
LN-106938,2022-09-20,South India,Home Loan,1900385.0,300,15.29,23,Business Owner,Post-Graduate,Single,112832.0,745,24769.09,0.22,0,Active
LN-102582,2022-09-21,Central India,Business Loan,3772712.0,24,14.17,46,Salaried,Graduate,Divorced,32353.0,710,181441.92,5.608,0,Active
LN-103047,2022-09-21,West India,Personal Loan,137919.0,48,18.04,33,Salaried,High School,Divorced,32074.0,718,4054.25,0.126,1,Active
LN-104581,2022-09-21,West India,Business Loan,2850057.0,60,7.89,36,Salaried,Post-Graduate,Divorced,69187.0,701,57638.96,0.833,0,Active
LN-106564,2022-09-21,South India,Personal Loan,73651.0,48,8.91,31,Business Owner,Post-Graduate,Divorced,152168.0,677,1829.66,0.012,0,Active
LN-102776,2022-09-22,West India,Home Loan,2357871.0,240,15.79,32,Salaried,Post-Graduate,Married,73886.0,629,32433.1,0.439,3,Active
LN-102990,2022-09-22,West India,Home Loan,1849516.0,240,15.0,21,Business Owner,Graduate,Married,47554.0,602,24354.23,0.512,2,Active
LN-103634,2022-09-22,North India,Vehicle Loan,1134599.0,36,9.99,22,Salaried,Post-Graduate,Single,94415.0,708,36604.99,0.388,0,Fully Paid
LN-104662,2022-09-22,West India,Education Loan,1999710.0,120,14.77,41,Self-Employed,Post-Graduate,Married,95334.0,755,31981.24,0.335,0,Active
LN-105416,2022-09-22,West India,Personal Loan,148929.0,24,7.89,40,Self-Employed,Professional Degree,Married,136919.0,703,6728.19,0.049,0,Fully Paid
LN-106545,2022-09-22,East India,Personal Loan,85060.0,12,15.1,30,Salaried,Post-Graduate,Single,52722.0,635,7681.39,0.146,0,Fully Paid
LN-100873,2022-09-23,West India,Personal Loan,247909.0,12,8.39,38,Salaried,Post-Graduate,Single,59930.0,666,21609.94,0.361,0,Fully Paid
LN-105299,2022-09-23,West India,Business Loan,3709522.0,24,9.12,21,Retired,Professional Degree,Married,81688.0,699,169672.87,2.077,0,Fully Paid
LN-105507,2022-09-23,Central India,Agriculture Loan,928982.0,24,8.44,29,Salaried,Graduate,Divorced,68271.0,616,42202.01,0.618,0,Fully Paid
LN-105647,2022-09-23,North India,Business Loan,3783087.0,60,16.89,66,Salaried,Professional Degree,Married,148212.0,612,93795.85,0.633,7,Defaulted
LN-106584,2022-09-23,West India,Education Loan,1083543.0,84,8.74,31,Salaried,Post-Graduate,Single,89061.0,715,17290.57,0.194,1,Active
LN-100011,2022-09-24,East India,Business Loan,3382989.0,36,17.03,21,Salaried,Graduate,Single,52999.0,728,120663.3,2.277,1,Active
LN-101615,2022-09-24,West India,Vehicle Loan,951377.0,36,15.93,55,Retired,Post-Graduate,Single,86212.0,712,33414.72,0.388,0,Active
LN-103069,2022-09-24,South India,Home Loan,4352040.0,240,17.02,21,Salaried,Graduate,Married,67003.0,763,63901.95,0.954,10,Defaulted
LN-103541,2022-09-24,North India,Education Loan,1118726.0,60,18.25,47,Salaried,Graduate,Divorced,62236.0,716,28560.65,0.459,8,Written Off
LN-106404,2022-09-24,South India,Vehicle Loan,474276.0,36,10.63,54,Self-Employed,Professional Degree,Divorced,91613.0,716,15444.22,0.169,0,Fully Paid
LN-100320,2022-09-25,North India,Personal Loan,385538.0,12,11.03,52,Salaried,Graduate,Divorced,49562.0,662,34079.88,0.688,1,Active
LN-101270,2022-09-25,West India,Personal Loan,362778.0,12,16.35,36,Business Owner,Graduate,Married,106526.0,768,32975.27,0.31,0,Fully Paid
LN-101441,2022-09-25,West India,Gold Loan,749735.0,24,17.07,35,Salaried,Graduate,Married,53230.0,577,37093.82,0.697,0,Fully Paid
LN-101472,2022-09-25,North India,Gold Loan,588718.0,12,15.0,45,Self-Employed,Professional Degree,Married,66641.0,645,53136.69,0.797,0,Fully Paid
LN-106496,2022-09-25,Central India,Home Loan,4961846.0,300,14.91,37,Salaried,Graduate,Married,49398.0,625,63206.56,1.28,2,Active
LN-101159,2022-09-26,West India,Home Loan,2031690.0,240,13.66,55,Salaried,Post-Graduate,Divorced,85110.0,660,24764.36,0.291,1,Active
LN-101231,2022-09-26,South India,Education Loan,563718.0,84,12.86,27,Self-Employed,High School,Divorced,20303.0,623,10212.28,0.503,8,Defaulted
LN-102785,2022-09-26,North India,Personal Loan,62427.0,36,10.94,43,Salaried,Below High School,Married,15840.0,615,2042.01,0.129,0,Fully Paid
LN-103942,2022-09-26,West India,Home Loan,2509724.0,240,13.19,33,Salaried,Graduate,Divorced,43338.0,673,29743.68,0.686,9,Written Off
LN-105500,2022-09-26,East India,Business Loan,4469085.0,24,10.99,61,Self-Employed,Post-Graduate,Divorced,91509.0,633,208273.64,2.276,3,Restructured
LN-105538,2022-09-26,South India,Business Loan,1554326.0,24,11.43,42,Retired,Post-Graduate,Married,85702.0,682,72754.47,0.849,0,Fully Paid
LN-102935,2022-09-27,West India,Personal Loan,360917.0,24,16.2,21,Salaried,Post-Graduate,Divorced,104787.0,746,17706.13,0.169,0,Fully Paid
LN-105367,2022-09-27,North India,Education Loan,548968.0,36,15.09,36,Salaried,Graduate,Divorced,47966.0,743,19054.36,0.397,0,Fully Paid
LN-100341,2022-09-28,West India,Personal Loan,454748.0,12,8.62,42,Unemployed,High School,Single,7639.0,650,39688.29,5.195,0,Fully Paid
LN-100262,2022-09-29,North India,Vehicle Loan,846273.0,72,14.51,41,Retired,Graduate,Divorced,71213.0,697,17670.03,0.248,1,Active
LN-101090,2022-09-29,Central India,Personal Loan,96463.0,12,9.12,52,Retired,Graduate,Married,40045.0,638,8441.2,0.211,0,Fully Paid
LN-101564,2022-09-29,Central India,Agriculture Loan,376024.0,12,15.4,49,Salaried,Professional Degree,Single,130392.0,797,34010.31,0.261,0,Fully Paid
LN-105316,2022-09-29,East India,Education Loan,824552.0,120,8.95,38,Salaried,Graduate,Divorced,49975.0,753,10422.78,0.209,1,Active
LN-100630,2022-09-30,South India,Business Loan,1833665.0,36,12.85,34,Salaried,Graduate,Divorced,58903.0,781,61651.02,1.047,0,Fully Paid
LN-101328,2022-09-30,East India,Business Loan,3883971.0,84,12.23,21,Salaried,Graduate,Single,53720.0,727,69041.35,1.285,0,Active
LN-102499,2022-09-30,East India,Education Loan,1092568.0,84,12.95,44,Salaried,High School,Single,29002.0,678,19846.27,0.684,0,Active
LN-103631,2022-09-30,North India,Personal Loan,80742.0,36,18.29,21,Salaried,Graduate,Divorced,67713.0,860,2930.78,0.043,0,Fully Paid
LN-103785,2022-09-30,South India,Home Loan,3901754.0,180,10.73,39,Unemployed,Post-Graduate,Married,30380.0,504,43687.95,1.438,0,Active
LN-104321,2022-09-30,West India,Gold Loan,584022.0,6,9.19,54,Salaried,Professional Degree,Divorced,130028.0,681,99962.62,0.769,0,Fully Paid
LN-105484,2022-09-30,South India,Home Loan,3224594.0,240,9.15,42,Self-Employed,Post-Graduate,Single,101884.0,719,29324.31,0.288,1,Active
LN-105602,2022-09-30,East India,Business Loan,683486.0,60,18.01,36,Self-Employed,Post-Graduate,Divorced,78825.0,706,17359.77,0.22,5,Defaulted
LN-105984,2022-09-30,East India,Personal Loan,234954.0,24,14.95,34,Retired,High School,Divorced,39139.0,666,11386.55,0.291,0,Fully Paid
LN-105664,2022-10-01,Central India,Personal Loan,467429.0,36,15.69,60,Salaried,High School,Divorced,22598.0,743,16361.97,0.724,0,Fully Paid
LN-106076,2022-10-01,South India,Vehicle Loan,836267.0,48,17.56,42,Business Owner,Professional Degree,Single,136556.0,796,24373.49,0.178,0,Active
LN-100686,2022-10-02,Central India,Home Loan,2817325.0,240,18.1,57,Salaried,High School,Married,29844.0,632,43697.04,1.464,2,Active
LN-101184,2022-10-02,North India,Personal Loan,426034.0,12,15.93,36,Salaried,Professional Degree,Divorced,98833.0,724,38640.32,0.391,0,Fully Paid
LN-103203,2022-10-02,East India,Home Loan,4380138.0,240,13.12,38,Self-Employed,Graduate,Divorced,55417.0,757,51691.54,0.933,0,Active
LN-105331,2022-10-02,East India,Business Loan,2190340.0,24,17.73,28,Salaried,Post-Graduate,Single,79478.0,700,109065.22,1.372,0,Fully Paid
LN-106991,2022-10-02,East India,Personal Loan,169133.0,12,14.49,40,Retired,Below High School,Single,21705.0,747,15224.99,0.701,0,Fully Paid
LN-101995,2022-10-03,North India,Vehicle Loan,1127195.0,72,18.45,49,Business Owner,High School,Married,46234.0,652,25996.4,0.562,2,Restructured
LN-102481,2022-10-03,West India,Personal Loan,269100.0,24,11.66,41,Business Owner,Graduate,Single,86375.0,703,12624.79,0.146,0,Fully Paid
LN-102800,2022-10-03,South India,Business Loan,3194481.0,60,11.02,30,Retired,Post-Graduate,Married,67649.0,616,69487.62,1.027,1,Active
LN-104384,2022-10-03,North India,Business Loan,3730993.0,60,17.82,48,Business Owner,High School,Single,53837.0,664,94377.74,1.753,1,Active
LN-104449,2022-10-03,East India,Personal Loan,290527.0,24,16.22,21,Salaried,Graduate,Single,49202.0,586,14255.66,0.29,0,Fully Paid
LN-104719,2022-10-03,South India,Gold Loan,481583.0,12,11.37,50,Salaried,Post-Graduate,Single,53615.0,569,42646.26,0.795,0,Fully Paid
LN-105454,2022-10-03,Central India,Vehicle Loan,303929.0,48,17.02,38,Salaried,Post-Graduate,Divorced,70346.0,839,8773.03,0.125,1,Active
LN-102799,2022-10-04,South India,Personal Loan,438509.0,48,9.27,51,Salaried,High School,Single,21907.0,750,10968.62,0.501,1,Active
LN-103951,2022-10-04,West India,Home Loan,2281648.0,300,11.08,35,Business Owner,Graduate,Divorced,73077.0,729,22494.82,0.308,1,Active
LN-104642,2022-10-04,North India,Personal Loan,296948.0,48,8.26,39,Retired,High School,Married,32978.0,721,7285.66,0.221,0,Active
LN-105133,2022-10-04,West India,Vehicle Loan,869661.0,48,13.12,32,Business Owner,Post-Graduate,Divorced,90803.0,612,23382.66,0.258,0,Active
LN-105189,2022-10-04,Central India,Personal Loan,266683.0,48,17.7,32,Salaried,Graduate,Divorced,71621.0,632,7792.07,0.109,0,Active
LN-105250,2022-10-04,East India,Business Loan,2175147.0,84,17.81,41,Self-Employed,Graduate,Divorced,69477.0,689,45474.97,0.655,9,Defaulted
LN-101691,2022-10-05,North India,Personal Loan,367833.0,36,7.75,38,Business Owner,Graduate,Married,102903.0,746,11484.17,0.112,0,Active
LN-103525,2022-10-05,South India,Personal Loan,71139.0,12,14.47,30,Retired,Graduate,Divorced,38559.0,627,6403.11,0.166,0,Fully Paid
LN-104643,2022-10-05,West India,Home Loan,2694816.0,240,8.65,54,Self-Employed,Graduate,Single,63004.0,720,23642.71,0.375,1,Active
LN-106296,2022-10-05,North India,Home Loan,4373949.0,120,11.49,46,Retired,Post-Graduate,Divorced,53327.0,723,61470.71,1.153,1,Active
LN-101258,2022-10-06,South India,Home Loan,3297663.0,120,16.86,21,Business Owner,High School,Married,50232.0,683,57020.4,1.135,0,Active
LN-102506,2022-10-06,East India,Home Loan,3210212.0,180,12.7,46,Unemployed,Post-Graduate,Single,25198.0,578,39985.33,1.587,0,Active
LN-103559,2022-10-06,Central India,Personal Loan,167197.0,48,17.23,22,Salaried,High School,Divorced,27705.0,670,4844.39,0.175,0,Active
LN-104527,2022-10-06,North India,Agriculture Loan,808052.0,36,9.21,35,Salaried,Graduate,Single,48376.0,633,25774.89,0.533,0,Fully Paid
LN-105552,2022-10-06,East India,Personal Loan,322895.0,12,17.71,51,Business Owner,Graduate,Divorced,110698.0,727,29558.47,0.267,0,Fully Paid
LN-106477,2022-10-06,Central India,Education Loan,1236853.0,60,10.81,22,Retired,High School,Divorced,29344.0,556,26775.13,0.912,4,Written Off
LN-104393,2022-10-07,West India,Education Loan,241431.0,84,8.99,26,Salaried,Graduate,Married,37967.0,807,3883.18,0.102,1,Active
LN-105192,2022-10-07,North India,Vehicle Loan,316519.0,48,14.19,33,Retired,Post-Graduate,Married,56988.0,591,8679.55,0.152,2,Active
LN-100267,2022-10-08,East India,Agriculture Loan,993687.0,24,8.29,39,Salaried,Professional Degree,Single,78234.0,668,45073.31,0.576,0,Fully Paid
LN-102463,2022-10-08,West India,Personal Loan,470137.0,24,9.14,43,Retired,High School,Married,18933.0,559,21508.3,1.136,8,Written Off
LN-103645,2022-10-08,North India,Business Loan,3218105.0,60,10.0,23,Self-Employed,Graduate,Married,40406.0,626,68375.22,1.692,0,Active
LN-104841,2022-10-08,West India,Personal Loan,389965.0,24,11.29,56,Salaried,Post-Graduate,Single,102640.0,674,18227.97,0.178,0,Fully Paid
LN-105469,2022-10-08,Central India,Personal Loan,128337.0,12,9.93,50,Self-Employed,Graduate,Single,40127.0,681,11278.68,0.281,0,Fully Paid
LN-105810,2022-10-08,North India,Business Loan,3885091.0,24,17.04,50,Self-Employed,Graduate,Divorced,38034.0,722,192162.37,5.052,0,Fully Paid
LN-105811,2022-10-08,North India,Business Loan,2846797.0,60,17.24,37,Unemployed,Post-Graduate,Divorced,24362.0,623,71118.13,2.919,6,Restructured
LN-100073,2022-10-09,North India,Personal Loan,397846.0,48,17.69,53,Retired,Graduate,Married,53331.0,586,11622.38,0.218,3,Defaulted
LN-102824,2022-10-09,West India,Home Loan,5755113.0,240,14.04,30,Salaried,High School,Divorced,24497.0,594,71733.28,2.928,2,Active
LN-105207,2022-10-09,North India,Agriculture Loan,955977.0,36,15.32,35,Self-Employed,Graduate,Married,41243.0,666,33289.26,0.807,0,Fully Paid
LN-106403,2022-10-09,North India,Home Loan,4887176.0,120,14.18,41,Self-Employed,High School,Divorced,27908.0,653,76411.26,2.738,1,Active
LN-100239,2022-10-10,West India,Gold Loan,645999.0,24,7.61,22,Self-Employed,Graduate,Single,56813.0,573,29102.01,0.512,12,Written Off
LN-101920,2022-10-10,Central India,Business Loan,4397853.0,24,7.88,41,Retired,Graduate,Single,50426.0,727,198662.37,3.94,0,Fully Paid
LN-103208,2022-10-10,North India,Gold Loan,154437.0,24,10.64,34,Self-Employed,High School,Single,36175.0,707,7172.19,0.198,0,Fully Paid
LN-103328,2022-10-10,Central India,Agriculture Loan,984823.0,12,15.25,41,Retired,High School,Single,29897.0,765,89004.68,2.977,1,Active
LN-105509,2022-10-11,East India,Personal Loan,270238.0,24,16.19,34,Salaried,Post-Graduate,Single,99763.0,770,13256.24,0.133,0,Fully Paid
LN-106062,2022-10-11,East India,Home Loan,5904865.0,300,12.83,37,Salaried,High School,Single,38791.0,774,65842.42,1.697,1,Active
LN-106717,2022-10-11,South India,Home Loan,2168737.0,240,10.19,24,Retired,Below High School,Divorced,14501.0,581,21202.52,1.462,12,Defaulted
LN-100504,2022-10-12,North India,Vehicle Loan,1104190.0,60,10.62,44,Business Owner,Post-Graduate,Married,95672.0,602,23799.04,0.249,3,Active
LN-102287,2022-10-12,South India,Vehicle Loan,370447.0,60,15.9,37,Salaried,Graduate,Divorced,49645.0,720,8988.88,0.181,0,Active
LN-104044,2022-10-12,South India,Home Loan,2556331.0,300,15.76,31,Self-Employed,High School,Married,20504.0,593,34256.69,1.671,1,Active
LN-105365,2022-10-12,East India,Education Loan,548059.0,84,10.23,33,Salaried,Post-Graduate,Married,68007.0,777,9163.69,0.135,1,Active
LN-106066,2022-10-12,East India,Personal Loan,265525.0,24,8.85,26,Salaried,Graduate,Married,45915.0,712,12112.18,0.264,0,Fully Paid
LN-102171,2022-10-13,North India,Personal Loan,382432.0,36,13.23,24,Salaried,Graduate,Single,32332.0,599,12928.05,0.4,0,Fully Paid
LN-104035,2022-10-13,West India,Personal Loan,450082.0,12,18.37,45,Salaried,Graduate,Divorced,42909.0,820,41342.81,0.963,0,Fully Paid
LN-104783,2022-10-13,West India,Home Loan,3681342.0,180,16.17,55,Salaried,High School,Divorced,27501.0,804,54504.86,1.982,1,Active
LN-105980,2022-10-13,Central India,Personal Loan,178862.0,24,15.09,57,Salaried,Graduate,Married,36168.0,700,8680.07,0.24,0,Fully Paid
LN-101063,2022-10-14,South India,Vehicle Loan,614964.0,36,18.1,28,Salaried,High School,Single,24890.0,708,22263.28,0.894,0,Fully Paid
LN-101989,2022-10-14,East India,Home Loan,4978605.0,180,13.55,48,Salaried,High School,Divorced,30958.0,819,64803.78,2.093,3,Defaulted
LN-105579,2022-10-14,East India,Business Loan,4089210.0,36,9.68,49,Salaried,High School,Single,25128.0,748,131333.8,5.227,1,Active
LN-105973,2022-10-14,East India,Personal Loan,146715.0,36,15.32,44,Salaried,High School,Divorced,19773.0,658,5108.94,0.258,0,Fully Paid
LN-106333,2022-10-14,Central India,Personal Loan,275159.0,12,7.62,28,Business Owner,Graduate,Married,45271.0,690,23887.33,0.528,0,Fully Paid
LN-102350,2022-10-15,West India,Business Loan,2119836.0,24,13.93,51,Salaried,Graduate,Married,47084.0,538,101709.35,2.16,3,Active
LN-106538,2022-10-15,East India,Vehicle Loan,1097955.0,60,15.98,34,Self-Employed,Professional Degree,Married,131991.0,785,26688.47,0.202,0,Active
LN-106621,2022-10-15,West India,Personal Loan,322657.0,24,10.92,34,Retired,Post-Graduate,Divorced,96678.0,812,15026.36,0.155,0,Fully Paid
LN-100744,2022-10-16,North India,Home Loan,1947541.0,300,16.69,21,Salaried,Graduate,Married,67862.0,666,27523.66,0.406,0,Active
LN-101450,2022-10-16,East India,Home Loan,5691158.0,240,8.97,35,Salaried,Graduate,Single,39664.0,762,51095.07,1.288,4,Written Off
LN-101977,2022-10-16,West India,Home Loan,1641748.0,120,12.86,21,Self-Employed,Post-Graduate,Married,95854.0,641,24377.68,0.254,3,Defaulted
LN-105170,2022-10-16,Central India,Home Loan,2264722.0,180,11.77,29,Salaried,High School,Married,19714.0,703,26846.26,1.362,0,Active
LN-101501,2022-10-17,East India,Vehicle Loan,1109671.0,60,9.41,49,Business Owner,Post-Graduate,Single,132146.0,810,23256.38,0.176,1,Active
LN-102964,2022-10-17,East India,Personal Loan,58172.0,24,13.13,49,Retired,Graduate,Divorced,66614.0,588,2769.16,0.042,0,Fully Paid
LN-103664,2022-10-17,North India,Education Loan,1105441.0,120,11.42,25,Self-Employed,Graduate,Single,46738.0,652,15491.45,0.331,1,Active
LN-103756,2022-10-17,West India,Business Loan,4539272.0,24,16.99,26,Business Owner,Graduate,Married,55666.0,705,224410.07,4.031,0,Fully Paid
LN-106747,2022-10-17,West India,Gold Loan,240158.0,6,10.58,45,Salaried,Below High School,Divorced,18610.0,743,41270.51,2.218,0,Fully Paid
LN-100610,2022-10-18,South India,Home Loan,5931970.0,120,9.37,32,Salaried,Graduate,Single,59181.0,630,76336.66,1.29,4,Restructured
LN-102988,2022-10-18,Central India,Personal Loan,333710.0,36,8.23,34,Salaried,Professional Degree,Divorced,148902.0,844,10492.7,0.07,0,Fully Paid
LN-106341,2022-10-18,South India,Education Loan,1784732.0,36,8.08,37,Self-Employed,High School,Single,29369.0,680,55992.9,1.907,0,Fully Paid
LN-104215,2022-10-19,West India,Education Loan,853934.0,84,13.17,28,Salaried,High School,Married,27844.0,626,15613.77,0.561,0,Active
LN-104441,2022-10-19,East India,Business Loan,4193081.0,24,9.39,30,Salaried,Below High School,Married,27061.0,725,192311.0,7.107,0,Fully Paid
LN-105567,2022-10-19,Central India,Vehicle Loan,362599.0,72,9.82,40,Business Owner,Graduate,Single,51415.0,709,6684.58,0.13,1,Active
LN-101024,2022-10-20,Central India,Vehicle Loan,743857.0,36,11.99,42,Self-Employed,Graduate,Divorced,47696.0,669,24703.14,0.518,0,Fully Paid
LN-103278,2022-10-20,Central India,Home Loan,5619973.0,240,18.33,38,Salaried,Post-Graduate,Single,104107.0,656,88163.57,0.847,1,Active
LN-103538,2022-10-20,Central India,Vehicle Loan,724074.0,48,17.78,33,Salaried,High School,Married,37025.0,649,21186.52,0.572,2,Restructured
LN-105260,2022-10-20,South India,Home Loan,3349583.0,240,11.07,29,Salaried,Professional Degree,Married,88750.0,723,34733.72,0.391,0,Active
LN-106623,2022-10-20,East India,Personal Loan,492468.0,36,10.13,37,Unemployed,Graduate,Single,17329.0,492,15920.63,0.919,8,Written Off
LN-101132,2022-10-21,East India,Business Loan,2271052.0,36,10.68,41,Business Owner,High School,Single,35424.0,714,74007.65,2.089,0,Fully Paid
LN-102549,2022-10-21,South India,Personal Loan,260932.0,24,14.98,32,Business Owner,High School,Single,30744.0,687,12649.24,0.411,0,Fully Paid
LN-103723,2022-10-21,East India,Business Loan,3636191.0,36,18.01,21,Unemployed,Graduate,Married,19107.0,394,131475.26,6.881,4,Defaulted
LN-105934,2022-10-21,West India,Home Loan,5904919.0,180,12.56,36,Salaried,High School,Married,28951.0,620,73010.15,2.522,2,Active
LN-106223,2022-10-21,North India,Vehicle Loan,1056637.0,72,10.38,43,Self-Employed,High School,Single,24070.0,532,19778.17,0.822,6,Defaulted
LN-100609,2022-10-22,West India,Business Loan,3797224.0,36,14.61,44,Self-Employed,Professional Degree,Divorced,120128.0,688,130907.96,1.09,1,Active
LN-103710,2022-10-22,North India,Personal Loan,293167.0,12,14.92,33,Salaried,Graduate,Single,71955.0,739,26449.69,0.368,0,Fully Paid
LN-104528,2022-10-22,West India,Vehicle Loan,1002654.0,48,11.24,49,Salaried,Post-Graduate,Married,82891.0,687,26031.13,0.314,0,Active
LN-102904,2022-10-23,Central India,Vehicle Loan,851908.0,36,15.03,55,Self-Employed,Graduate,Divorced,51043.0,685,29544.19,0.579,0,Fully Paid
LN-104118,2022-10-23,North India,Home Loan,1806304.0,300,15.41,21,Business Owner,Professional Degree,Single,226167.0,686,23711.77,0.105,1,Active
LN-100722,2022-10-24,Central India,Education Loan,1906276.0,120,14.37,37,Salaried,Professional Degree,Divorced,102515.0,609,30023.62,0.293,3,Active
LN-105610,2022-10-24,West India,Personal Loan,107975.0,36,11.52,40,Business Owner,High School,Married,54427.0,568,3561.61,0.065,0,Fully Paid
LN-104980,2022-10-25,North India,Gold Loan,674695.0,6,11.8,21,Self-Employed,Professional Degree,Married,82442.0,621,116350.85,1.411,2,Active
LN-105127,2022-10-25,East India,Vehicle Loan,256694.0,36,9.4,40,Salaried,Graduate,Married,51805.0,714,8210.67,0.158,0,Fully Paid
LN-105271,2022-10-25,Central India,Agriculture Loan,402099.0,36,8.9,41,Self-Employed,High School,Divorced,23044.0,572,12767.93,0.554,11,Defaulted
LN-105712,2022-10-25,East India,Home Loan,2778356.0,120,14.0,26,Self-Employed,Graduate,Married,32716.0,584,43138.54,1.319,7,Written Off
LN-106914,2022-10-25,South India,Home Loan,2599553.0,120,11.78,32,Self-Employed,Graduate,Married,31539.0,625,36966.18,1.172,2,Active
LN-101178,2022-10-26,South India,Vehicle Loan,743291.0,60,8.12,45,Salaried,Post-Graduate,Single,77236.0,747,15113.98,0.196,1,Active
LN-104085,2022-10-26,West India,Gold Loan,632744.0,12,17.4,43,Self-Employed,High School,Divorced,33100.0,621,57829.44,1.747,9,Defaulted
LN-106838,2022-10-26,Central India,Home Loan,2783195.0,120,11.79,43,Salaried,Post-Graduate,Single,57046.0,640,39593.62,0.694,0,Active
LN-101694,2022-10-27,Central India,Vehicle Loan,935126.0,48,9.24,44,Salaried,Post-Graduate,Single,72111.0,768,23377.36,0.324,1,Active
LN-104442,2022-10-27,West India,Business Loan,3545089.0,84,16.78,29,Retired,Professional Degree,Divorced,98197.0,660,71996.74,0.733,0,Active
LN-104534,2022-10-27,Central India,Agriculture Loan,202274.0,36,13.73,30,Salaried,High School,Single,24539.0,685,6886.75,0.281,0,Fully Paid
LN-102095,2022-10-28,North India,Vehicle Loan,946643.0,60,16.72,24,Self-Employed,Post-Graduate,Single,97614.0,578,23384.23,0.24,0,Active
LN-102361,2022-10-28,North India,Personal Loan,189587.0,36,14.26,55,Salaried,Professional Degree,Single,83316.0,698,6503.6,0.078,0,Fully Paid
LN-105678,2022-10-28,South India,Home Loan,3100695.0,180,18.43,46,Salaried,Professional Degree,Married,104334.0,724,50896.47,0.488,1,Active
LN-100939,2022-10-29,North India,Personal Loan,107007.0,12,13.8,55,Self-Employed,Graduate,Married,61409.0,711,9597.78,0.156,0,Fully Paid
LN-101531,2022-10-29,Central India,Agriculture Loan,546108.0,24,12.28,41,Self-Employed,Graduate,Divorced,50831.0,593,25778.67,0.507,0,Fully Paid
LN-102061,2022-10-29,Central India,Personal Loan,223398.0,24,17.11,34,Self-Employed,Below High School,Divorced,19789.0,584,11057.11,0.559,0,Fully Paid
LN-102484,2022-10-29,South India,Personal Loan,401444.0,12,9.29,37,Self-Employed,High School,Single,18949.0,665,35160.88,1.856,0,Fully Paid
LN-103298,2022-10-29,South India,Vehicle Loan,760382.0,60,8.97,45,Salaried,Graduate,Single,36188.0,707,15773.21,0.436,0,Active
LN-105687,2022-10-29,South India,Business Loan,2280438.0,36,12.53,53,Salaried,Professional Degree,Single,72324.0,820,76321.74,1.055,0,Fully Paid
LN-101402,2022-10-30,Central India,Business Loan,1004408.0,24,14.22,24,Salaried,Graduate,Divorced,34550.0,645,48328.98,1.399,0,Active
LN-104048,2022-10-30,North India,Vehicle Loan,1015014.0,36,14.89,35,Salaried,High School,Divorced,31666.0,665,35131.14,1.109,0,Fully Paid
LN-105210,2022-10-30,North India,Personal Loan,385197.0,12,12.52,44,Self-Employed,Professional Degree,Single,139958.0,717,34318.06,0.245,0,Fully Paid
LN-103257,2022-10-31,West India,Home Loan,5167855.0,240,17.71,33,Salaried,Professional Degree,Divorced,71557.0,746,78604.63,1.098,4,Restructured
LN-103606,2022-10-31,West India,Home Loan,5864633.0,240,10.26,25,Business Owner,Graduate,Single,80287.0,656,57608.92,0.718,0,Active
LN-103254,2022-11-01,Central India,Vehicle Loan,498686.0,48,12.58,32,Salaried,Professional Degree,Divorced,94700.0,689,13274.78,0.14,1,Active
LN-104497,2022-11-01,North India,Home Loan,1842454.0,180,11.69,38,Business Owner,Professional Degree,Divorced,139566.0,730,21746.42,0.156,0,Active
LN-105301,2022-11-01,Central India,Education Loan,445207.0,60,18.28,24,Salaried,Graduate,Divorced,55452.0,703,11373.25,0.205,0,Active
LN-106008,2022-11-01,East India,Vehicle Loan,850923.0,60,14.87,27,Salaried,Graduate,Married,35724.0,676,20185.38,0.565,0,Active
LN-102573,2022-11-02,South India,Home Loan,3515129.0,120,13.63,34,Salaried,Post-Graduate,Single,108897.0,741,53798.88,0.494,1,Active
LN-102834,2022-11-02,Central India,Gold Loan,201117.0,6,14.63,24,Retired,Post-Graduate,Married,71822.0,682,34964.25,0.487,0,Fully Paid
LN-103988,2022-11-02,West India,Vehicle Loan,627572.0,72,9.3,40,Self-Employed,High School,Married,39835.0,684,11405.99,0.286,1,Active
LN-100129,2022-11-03,North India,Vehicle Loan,379932.0,48,12.55,33,Business Owner,Professional Degree,Single,227982.0,687,10107.97,0.044,0,Active
LN-100226,2022-11-03,East India,Personal Loan,374012.0,24,17.86,36,Salaried,Professional Degree,Single,98378.0,717,18646.92,0.19,0,Fully Paid
LN-101604,2022-11-03,East India,Home Loan,3298949.0,300,15.91,21,Salaried,High School,Married,32586.0,693,44596.08,1.369,2,Restructured
LN-100294,2022-11-04,South India,Vehicle Loan,1167376.0,48,15.66,40,Salaried,Graduate,Divorced,41999.0,609,32880.84,0.783,5,Restructured
LN-102040,2022-11-04,South India,Gold Loan,600795.0,6,9.57,45,Retired,Professional Degree,Married,139220.0,696,102945.95,0.739,0,Fully Paid
LN-103282,2022-11-04,East India,Home Loan,2720576.0,300,15.41,35,Business Owner,High School,Divorced,28561.0,706,35713.63,1.25,1,Active
LN-105056,2022-11-04,Central India,Home Loan,5652387.0,300,16.18,46,Retired,Graduate,Single,59229.0,631,77609.16,1.31,3,Active
LN-102248,2022-11-05,Central India,Personal Loan,71089.0,24,9.74,48,Salaried,Professional Degree,Married,99331.0,734,3271.87,0.033,0,Fully Paid
LN-106340,2022-11-05,East India,Personal Loan,287729.0,24,15.49,31,Salaried,Post-Graduate,Divorced,55872.0,680,14018.09,0.251,0,Fully Paid
LN-106691,2022-11-05,North India,Home Loan,3651728.0,120,17.77,23,Unemployed,Post-Graduate,Married,31696.0,546,65258.98,2.059,11,Defaulted
LN-100059,2022-11-06,South India,Gold Loan,585598.0,24,11.79,30,Salaried,Professional Degree,Divorced,99005.0,743,27508.74,0.278,0,Fully Paid
LN-100624,2022-11-06,Central India,Personal Loan,108457.0,48,17.15,52,Retired,Professional Degree,Married,83605.0,657,3137.95,0.038,0,Active
LN-102203,2022-11-06,Central India,Vehicle Loan,814541.0,36,16.33,30,Business Owner,Graduate,Divorced,76045.0,721,28769.73,0.378,0,Fully Paid
LN-106709,2022-11-06,East India,Home Loan,1528060.0,180,11.97,36,Salaried,Post-Graduate,Married,109019.0,788,18309.81,0.168,0,Active
LN-101601,2022-11-08,West India,Vehicle Loan,906126.0,48,17.86,41,Self-Employed,Graduate,Single,61751.0,712,26551.21,0.43,1,Active
LN-103881,2022-11-08,East India,Home Loan,5835346.0,240,9.88,30,Self-Employed,Graduate,Single,42690.0,624,55849.2,1.308,12,Defaulted
LN-101668,2022-11-09,East India,Gold Loan,625725.0,24,10.79,41,Self-Employed,High School,Married,21499.0,713,29102.72,1.354,1,Active
LN-103004,2022-11-09,North India,Home Loan,1743251.0,300,16.78,44,Retired,High School,Married,23689.0,653,24760.62,1.045,1,Active
LN-103038,2022-11-09,South India,Home Loan,4501746.0,180,15.93,54,Self-Employed,Post-Graduate,Single,77231.0,835,65897.6,0.853,0,Active
LN-103110,2022-11-09,Central India,Personal Loan,205464.0,12,12.6,32,Salaried,Professional Degree,Divorced,66544.0,662,18312.95,0.275,0,Fully Paid
LN-104108,2022-11-09,South India,Vehicle Loan,286815.0,72,16.72,56,Salaried,High School,Single,22012.0,699,6335.8,0.288,0,Active
LN-104170,2022-11-09,Central India,Business Loan,958419.0,36,9.77,40,Salaried,High School,Single,38635.0,643,30822.1,0.798,5,Written Off
LN-100042,2022-11-10,Central India,Home Loan,5878931.0,120,16.77,26,Business Owner,High School,Divorced,39036.0,778,101319.24,2.596,9,Defaulted
LN-100207,2022-11-10,West India,Business Loan,1670106.0,84,12.12,30,Salaried,Below High School,Single,17743.0,754,29589.22,1.668,5,Written Off
LN-103080,2022-11-10,East India,Home Loan,2551060.0,180,16.41,42,Self-Employed,Graduate,Single,65313.0,812,38199.21,0.585,0,Active
LN-105627,2022-11-10,East India,Business Loan,3343407.0,84,9.86,33,Salaried,Post-Graduate,Married,54690.0,685,55262.96,1.01,1,Active
LN-106446,2022-11-10,North India,Personal Loan,497744.0,12,13.62,21,Business Owner,Graduate,Divorced,50120.0,747,44602.05,0.89,1,Active
LN-102440,2022-11-11,East India,Education Loan,652300.0,84,15.49,36,Self-Employed,High School,Single,37170.0,596,12767.27,0.343,1,Active
LN-104317,2022-11-11,West India,Gold Loan,143609.0,6,12.66,27,Salaried,Graduate,Single,47959.0,760,24826.36,0.518,0,Fully Paid
LN-100528,2022-11-12,East India,Vehicle Loan,251641.0,72,17.63,47,Salaried,High School,Divorced,26505.0,710,5686.87,0.215,0,Active
LN-101408,2022-11-12,West India,Home Loan,2526305.0,120,9.48,32,Business Owner,High School,Married,25832.0,631,32662.11,1.264,2,Active
LN-101636,2022-11-12,South India,Vehicle Loan,239781.0,72,9.63,30,Salaried,Post-Graduate,Single,75406.0,699,4397.54,0.058,1,Active
LN-103741,2022-11-12,Central India,Education Loan,766548.0,84,15.8,48,Salaried,Graduate,Divorced,37464.0,713,15138.04,0.404,0,Active
LN-104925,2022-11-12,North India,Vehicle Loan,381167.0,60,11.32,45,Salaried,Post-Graduate,Divorced,83322.0,724,8348.45,0.1,0,Active
LN-100383,2022-11-13,North India,Home Loan,3047603.0,120,8.65,40,Retired,Post-Graduate,Married,65077.0,671,38030.85,0.584,1,Active
LN-102011,2022-11-13,West India,Education Loan,749312.0,60,13.24,21,Salaried,High School,Married,27830.0,707,17141.35,0.616,4,Defaulted
LN-104122,2022-11-13,Central India,Home Loan,2951099.0,120,10.36,21,Salaried,Graduate,Single,37469.0,655,39589.67,1.057,9,Defaulted
LN-105014,2022-11-13,East India,Education Loan,911989.0,120,17.15,30,Business Owner,Graduate,Divorced,100891.0,674,15936.94,0.158,9,Defaulted
LN-105768,2022-11-13,East India,Education Loan,415628.0,120,10.53,53,Salaried,Below High School,Single,14395.0,747,5615.26,0.39,1,Active
LN-104284,2022-11-14,South India,Home Loan,3024090.0,120,14.8,21,Self-Employed,Graduate,Single,60717.0,630,48419.42,0.797,8,Defaulted
LN-106994,2022-11-14,East India,Personal Loan,394995.0,12,10.76,21,Self-Employed,Below High School,Divorced,26212.0,662,34866.11,1.33,0,Fully Paid
LN-102653,2022-11-15,Central India,Vehicle Loan,1147682.0,60,8.57,21,Salaried,Graduate,Single,44610.0,622,23585.19,0.529,0,Active
LN-103915,2022-11-15,South India,Business Loan,683824.0,36,17.04,24,Salaried,Post-Graduate,Married,81309.0,762,24393.81,0.3,0,Fully Paid
LN-104780,2022-11-15,West India,Personal Loan,459026.0,24,15.0,43,Salaried,Graduate,Divorced,53471.0,701,22256.63,0.416,0,Fully Paid
LN-106111,2022-11-15,West India,Business Loan,2603326.0,84,9.67,47,Business Owner,Post-Graduate,Married,172132.0,774,42775.7,0.249,1,Active
LN-100663,2022-11-16,North India,Vehicle Loan,1072862.0,60,15.01,45,Business Owner,Post-Graduate,Divorced,102362.0,590,25528.94,0.249,4,Restructured
LN-105910,2022-11-16,Central India,Education Loan,648652.0,60,11.02,37,Self-Employed,Post-Graduate,Married,102237.0,681,14109.74,0.138,5,Restructured
LN-101174,2022-11-17,East India,Home Loan,1878209.0,120,13.31,37,Salaried,Graduate,Divorced,47904.0,732,28388.14,0.593,3,Defaulted
LN-101866,2022-11-17,West India,Business Loan,3533064.0,60,12.93,43,Retired,High School,Married,27980.0,667,80261.52,2.869,1,Active
LN-102487,2022-11-17,East India,Gold Loan,52111.0,24,13.06,21,Business Owner,Graduate,Single,81285.0,692,2478.92,0.03,0,Fully Paid
LN-102997,2022-11-17,South India,Home Loan,5082471.0,120,10.14,28,Salaried,Post-Graduate,Married,56845.0,703,67559.87,1.188,0,Active
LN-103459,2022-11-17,South India,Business Loan,1309756.0,60,15.64,35,Self-Employed,Graduate,Married,60145.0,544,31600.73,0.525,1,Active
LN-106499,2022-11-17,West India,Home Loan,2410773.0,180,18.35,55,Business Owner,High School,Divorced,35656.0,641,39432.19,1.106,0,Active
LN-103885,2022-11-18,North India,Home Loan,5937732.0,120,8.32,27,Salaried,Post-Graduate,Single,104652.0,697,73048.99,0.698,0,Active
LN-106087,2022-11-18,West India,Personal Loan,326815.0,36,15.48,26,Salaried,Professional Degree,Married,143036.0,732,11406.12,0.08,1,Active
LN-100212,2022-11-19,North India,Personal Loan,304494.0,24,10.15,35,Salaried,Graduate,Married,43458.0,778,14071.94,0.324,0,Fully Paid
LN-100606,2022-11-19,South India,Home Loan,4768265.0,120,16.65,40,Salaried,Post-Graduate,Single,78366.0,731,81816.84,1.044,11,Defaulted
LN-102985,2022-11-19,East India,Gold Loan,594166.0,24,11.69,29,Unemployed,High School,Divorced,11288.0,542,27883.52,2.47,0,Fully Paid
LN-100227,2022-11-20,South India,Home Loan,3793991.0,240,7.73,48,Self-Employed,Post-Graduate,Divorced,64046.0,681,31099.92,0.486,0,Active
LN-102737,2022-11-20,South India,Vehicle Loan,425061.0,36,16.65,46,Business Owner,Post-Graduate,Married,96668.0,763,15080.65,0.156,1,Active
LN-106006,2022-11-20,East India,Personal Loan,343651.0,48,13.31,32,Self-Employed,Post-Graduate,Divorced,62415.0,715,9272.26,0.149,1,Active
LN-101732,2022-11-21,West India,Business Loan,1501576.0,84,8.15,29,Salaried,Graduate,Married,69992.0,724,23516.26,0.336,0,Active
LN-104453,2022-11-21,South India,Vehicle Loan,1185675.0,36,10.9,21,Business Owner,Post-Graduate,Married,108954.0,787,38761.35,0.356,0,Fully Paid
LN-101744,2022-11-22,Central India,Education Loan,221407.0,84,11.6,37,Salaried,Below High School,Divorced,24142.0,602,3861.24,0.16,3,Active
LN-102365,2022-11-22,South India,Vehicle Loan,936532.0,60,12.37,38,Business Owner,Graduate,Married,78999.0,693,21008.17,0.266,1,Active
LN-102678,2022-11-22,West India,Vehicle Loan,1162629.0,36,16.31,45,Salaried,Graduate,Married,47873.0,611,41052.75,0.858,0,Fully Paid
LN-105421,2022-11-22,North India,Education Loan,1863965.0,36,17.97,37,Salaried,Graduate,Divorced,52678.0,720,67358.75,1.279,0,Active
LN-106615,2022-11-22,South India,Vehicle Loan,849900.0,72,10.37,48,Salaried,Professional Degree,Divorced,141467.0,638,15904.15,0.112,2,Active
LN-101104,2022-11-23,West India,Home Loan,2807574.0,120,11.73,32,Salaried,Post-Graduate,Married,91991.0,765,39843.54,0.433,4,Restructured
LN-105121,2022-11-23,East India,Home Loan,1946100.0,240,10.46,40,Self-Employed,Graduate,Married,65046.0,625,19377.21,0.298,0,Active
LN-100466,2022-11-24,Central India,Business Loan,597773.0,60,9.33,21,Self-Employed,Professional Degree,Divorced,111459.0,618,12504.74,0.112,2,Active
LN-101820,2022-11-24,Central India,Home Loan,5171031.0,180,17.18,47,Salaried,Graduate,Married,48694.0,703,80242.99,1.648,0,Active
LN-100791,2022-11-25,Central India,Education Loan,998393.0,120,14.99,26,Retired,Graduate,Married,60432.0,636,16101.46,0.266,3,Active
LN-101662,2022-11-25,West India,Education Loan,286940.0,36,18.05,32,Self-Employed,Professional Degree,Married,75919.0,649,10380.77,0.137,2,Active
LN-101816,2022-11-25,North India,Home Loan,4518054.0,180,18.16,32,Unemployed,Below High School,Married,5687.0,527,73280.4,12.886,7,Written Off
LN-103940,2022-11-25,East India,Business Loan,2136785.0,60,15.85,52,Self-Employed,Post-Graduate,Married,56293.0,664,51792.31,0.92,3,Restructured
LN-101444,2022-11-26,East India,Personal Loan,225549.0,24,10.08,30,Salaried,Post-Graduate,Divorced,90223.0,779,10416.27,0.115,0,Fully Paid
LN-103132,2022-11-26,East India,Agriculture Loan,593729.0,12,17.53,30,Self-Employed,High School,Married,39951.0,692,54300.35,1.359,5,Written Off
LN-103484,2022-11-26,West India,Gold Loan,378412.0,12,8.78,50,Salaried,Graduate,Divorced,40723.0,769,33054.09,0.812,0,Fully Paid
LN-104329,2022-11-26,South India,Home Loan,1976652.0,240,17.79,29,Salaried,Professional Degree,Divorced,128848.0,707,30186.82,0.234,0,Active
LN-106763,2022-11-26,Central India,Vehicle Loan,995484.0,72,15.09,30,Retired,High School,Married,24860.0,692,21098.21,0.849,7,Defaulted
LN-100707,2022-11-27,South India,Home Loan,1786530.0,120,14.4,37,Salaried,Graduate,Single,44671.0,712,28170.09,0.631,1,Active
LN-102977,2022-11-27,Central India,Business Loan,4793870.0,36,15.48,36,Unemployed,Graduate,Divorced,17883.0,561,167310.13,9.356,0,Fully Paid
LN-103113,2022-11-27,North India,Education Loan,1017391.0,60,17.32,39,Self-Employed,Professional Degree,Married,150260.0,708,25460.17,0.169,0,Active
LN-103979,2022-11-27,Central India,Gold Loan,386240.0,12,11.26,22,Salaried,Post-Graduate,Divorced,99338.0,739,34183.39,0.344,0,Fully Paid
LN-100980,2022-11-28,South India,Agriculture Loan,639523.0,12,13.78,42,Salaried,Professional Degree,Divorced,143817.0,700,57354.75,0.399,1,Active
LN-102686,2022-11-28,Central India,Personal Loan,334030.0,24,12.66,44,Salaried,Professional Degree,Single,90956.0,723,15827.1,0.174,0,Fully Paid
LN-102914,2022-11-28,South India,Home Loan,3982698.0,120,7.61,48,Salaried,Post-Graduate,Single,75725.0,795,47504.29,0.627,0,Active
LN-105318,2022-11-28,Central India,Business Loan,3476558.0,36,13.76,48,Salaried,Graduate,Married,45364.0,707,118415.67,2.61,0,Active
LN-105799,2022-11-28,East India,Agriculture Loan,463572.0,12,16.24,35,Self-Employed,Below High School,Single,25684.0,631,42112.95,1.64,2,Active
LN-106345,2022-11-28,South India,Gold Loan,55945.0,24,9.37,40,Salaried,Graduate,Single,33166.0,622,2565.34,0.077,0,Fully Paid
LN-100952,2022-11-29,South India,Personal Loan,70083.0,24,9.39,46,Business Owner,Graduate,Married,46418.0,703,3214.28,0.069,0,Fully Paid
LN-101219,2022-11-29,West India,Vehicle Loan,831372.0,60,17.14,53,Business Owner,High School,Married,51076.0,713,20724.37,0.406,1,Active
LN-105524,2022-11-29,West India,Home Loan,3389071.0,120,16.49,49,Salaried,Post-Graduate,Divorced,51034.0,668,57810.59,1.133,1,Active
LN-106205,2022-11-29,North India,Home Loan,5396807.0,300,9.5,57,Self-Employed,Post-Graduate,Divorced,70852.0,691,47151.72,0.665,0,Active
LN-101798,2022-11-30,South India,Business Loan,2565090.0,60,13.31,58,Self-Employed,Professional Degree,Married,142670.0,787,58771.55,0.412,0,Active
LN-103683,2022-11-30,East India,Vehicle Loan,215268.0,36,7.97,21,Self-Employed,Professional Degree,Single,119267.0,787,6742.74,0.057,0,Fully Paid
LN-104993,2022-11-30,South India,Personal Loan,171593.0,48,16.06,32,Self-Employed,Graduate,Married,64810.0,729,4868.27,0.075,0,Active
LN-101265,2022-12-01,North India,Home Loan,3002268.0,180,13.97,42,Salaried,Graduate,Married,50782.0,621,39921.95,0.786,10,Written Off
LN-104869,2022-12-01,West India,Personal Loan,171314.0,24,16.39,30,Salaried,High School,Divorced,32048.0,607,8420.02,0.263,0,Fully Paid
LN-101648,2022-12-03,West India,Vehicle Loan,810939.0,60,15.43,33,Business Owner,Graduate,Married,103245.0,632,19475.7,0.189,2,Active
LN-103245,2022-12-03,North India,Vehicle Loan,840590.0,36,12.85,49,Salaried,Post-Graduate,Married,57626.0,789,28262.11,0.49,0,Fully Paid
LN-103867,2022-12-03,Central India,Vehicle Loan,269156.0,60,16.62,21,Salaried,Below High School,Single,17419.0,673,6634.35,0.381,0,Active
LN-100391,2022-12-04,West India,Business Loan,3849416.0,84,9.01,30,Salaried,Graduate,Single,37043.0,635,61953.09,1.672,4,Restructured
LN-100869,2022-12-04,South India,Vehicle Loan,1146247.0,48,9.12,41,Retired,Professional Degree,Divorced,123790.0,676,28589.76,0.231,1,Active
LN-105254,2022-12-04,West India,Education Loan,1835131.0,84,13.35,33,Business Owner,Post-Graduate,Single,142112.0,703,33734.82,0.237,1,Active
LN-106164,2022-12-04,Central India,Personal Loan,152089.0,12,7.56,42,Salaried,Professional Degree,Divorced,68665.0,787,13199.06,0.192,0,Fully Paid
LN-100257,2022-12-05,South India,Home Loan,3096001.0,180,13.86,39,Salaried,Post-Graduate,Married,72982.0,752,40939.93,0.561,0,Active
LN-102371,2022-12-05,South India,Agriculture Loan,785575.0,24,13.22,26,Self-Employed,Post-Graduate,Divorced,74837.0,676,37428.9,0.5,0,Fully Paid
LN-102430,2022-12-05,North India,Vehicle Loan,624460.0,48,16.89,41,Self-Employed,Graduate,Divorced,54931.0,607,17983.3,0.327,2,Active
LN-104312,2022-12-05,West India,Business Loan,2941208.0,24,13.98,52,Salaried,Graduate,Married,55354.0,717,141188.09,2.551,0,Active
LN-100088,2022-12-06,West India,Agriculture Loan,860356.0,12,10.01,42,Business Owner,Graduate,Married,81340.0,794,75642.96,0.93,0,Fully Paid
LN-100205,2022-12-06,West India,Business Loan,4178541.0,24,12.73,44,Salaried,High School,Married,19494.0,715,198125.94,10.163,2,Restructured
LN-104152,2022-12-06,Central India,Home Loan,5205269.0,180,10.2,40,Salaried,Graduate,Married,65271.0,779,56574.69,0.867,0,Active
LN-104042,2022-12-08,East India,Vehicle Loan,448373.0,72,13.98,44,Salaried,High School,Divorced,19336.0,644,9234.26,0.478,3,Active
LN-102804,2022-12-09,East India,Business Loan,1549436.0,36,18.07,23,Salaried,High School,Single,34107.0,658,56070.25,1.644,0,Fully Paid
LN-102920,2022-12-09,East India,Personal Loan,334927.0,48,12.83,48,Salaried,Graduate,Divorced,42199.0,659,8957.02,0.212,8,Defaulted
LN-104521,2022-12-09,North India,Personal Loan,321979.0,48,10.32,37,Retired,Graduate,Divorced,45376.0,602,8215.79,0.181,1,Active
LN-105362,2022-12-09,North India,Business Loan,2698086.0,36,8.19,30,Business Owner,Graduate,Married,60718.0,667,84784.9,1.396,0,Fully Paid
LN-100643,2022-12-10,South India,Business Loan,3264498.0,24,7.83,49,Salaried,High School,Single,36408.0,758,147391.42,4.048,0,Fully Paid
LN-100769,2022-12-10,South India,Home Loan,5100012.0,180,14.34,38,Salaried,High School,Married,30190.0,663,69087.91,2.288,12,Defaulted
LN-105448,2022-12-10,Central India,Business Loan,856663.0,24,17.86,45,Business Owner,High School,Married,36931.0,767,42710.2,1.156,0,Fully Paid
LN-106321,2022-12-10,South India,Home Loan,2445026.0,300,9.88,48,Self-Employed,Below High School,Married,13712.0,643,22011.48,1.605,2,Active
LN-100020,2022-12-11,East India,Personal Loan,389918.0,24,16.41,41,Salaried,Graduate,Married,46666.0,739,19168.07,0.411,0,Fully Paid
LN-100600,2022-12-11,Central India,Business Loan,3353831.0,24,8.93,40,Salaried,Post-Graduate,Single,92376.0,743,153111.21,1.657,0,Fully Paid
LN-102101,2022-12-11,South India,Agriculture Loan,621013.0,36,14.02,46,Salaried,Post-Graduate,Single,89127.0,708,21230.79,0.238,0,Fully Paid
LN-103766,2022-12-11,West India,Education Loan,1828171.0,120,9.61,36,Business Owner,High School,Divorced,58451.0,707,23766.33,0.407,1,Active
LN-104067,2022-12-11,Central India,Agriculture Loan,199093.0,24,18.4,45,Salaried,High School,Married,39625.0,703,9978.06,0.252,0,Fully Paid
LN-104199,2022-12-11,East India,Business Loan,4883783.0,60,14.38,32,Salaried,Graduate,Single,37928.0,789,114601.51,3.022,5,Defaulted
LN-102890,2022-12-12,West India,Personal Loan,498793.0,12,14.98,37,Salaried,Graduate,Married,57259.0,730,45015.51,0.786,0,Fully Paid
LN-106255,2022-12-12,East India,Home Loan,5616606.0,180,8.85,51,Salaried,Graduate,Divorced,55658.0,658,56467.27,1.015,0,Active
LN-100090,2022-12-13,North India,Gold Loan,556572.0,12,10.14,21,Self-Employed,Post-Graduate,Married,84066.0,655,48967.77,0.582,0,Fully Paid
LN-100137,2022-12-13,North India,Gold Loan,612505.0,6,11.77,48,Self-Employed,Graduate,Single,39443.0,567,105617.13,2.678,0,Fully Paid
LN-101308,2022-12-13,East India,Home Loan,3897105.0,180,10.45,44,Salaried,High School,Divorced,33224.0,800,42957.84,1.293,0,Active
LN-103547,2022-12-13,West India,Personal Loan,56557.0,12,8.76,35,Salaried,Graduate,Married,61514.0,797,4939.7,0.08,0,Fully Paid
LN-102227,2022-12-14,North India,Personal Loan,332907.0,36,17.95,56,Self-Employed,Graduate,Divorced,53592.0,610,12027.04,0.224,1,Active
LN-102876,2022-12-14,East India,Vehicle Loan,391075.0,48,10.12,24,Salaried,Post-Graduate,Divorced,56527.0,662,9941.22,0.176,11,Written Off
LN-105083,2022-12-14,West India,Personal Loan,286061.0,48,18.49,49,Business Owner,Graduate,Married,54894.0,760,8476.46,0.154,0,Active
LN-106532,2022-12-14,West India,Personal Loan,448772.0,48,14.69,30,Salaried,Graduate,Married,66816.0,674,12419.25,0.186,0,Active
LN-102220,2022-12-15,Central India,Home Loan,5234947.0,240,12.47,35,Salaried,High School,Married,25328.0,683,59365.68,2.344,5,Defaulted
LN-104758,2022-12-15,North India,Home Loan,2112985.0,300,9.97,35,Salaried,Post-Graduate,Single,77443.0,786,19156.04,0.247,0,Active
LN-105360,2022-12-15,North India,Education Loan,230599.0,36,12.68,29,Business Owner,High School,Married,52599.0,710,7734.3,0.147,0,Fully Paid
LN-106258,2022-12-15,East India,Home Loan,5561240.0,180,7.64,38,Salaried,Post-Graduate,Divorced,65498.0,603,51996.81,0.794,11,Defaulted
LN-106384,2022-12-15,Central India,Personal Loan,338657.0,48,11.79,30,Salaried,Professional Degree,Single,143301.0,771,8883.26,0.062,0,Active
LN-106440,2022-12-15,West India,Vehicle Loan,802405.0,48,12.14,46,Self-Employed,Post-Graduate,Married,96306.0,794,21185.6,0.22,1,Active
LN-101313,2022-12-16,North India,Personal Loan,105132.0,36,9.28,25,Salaried,High School,Married,17991.0,675,3356.89,0.187,0,Fully Paid
LN-101938,2022-12-16,North India,Education Loan,349110.0,60,15.11,54,Self-Employed,Graduate,Divorced,55500.0,698,8325.47,0.15,0,Active
LN-103013,2022-12-16,South India,Home Loan,4714071.0,300,15.1,40,Business Owner,Graduate,Divorced,95483.0,673,60745.25,0.636,0,Active
LN-103219,2022-12-16,North India,Home Loan,5514226.0,240,7.68,41,Self-Employed,Graduate,Divorced,52616.0,756,45031.11,0.856,0,Active
LN-103260,2022-12-16,East India,Education Loan,972849.0,36,17.89,50,Unemployed,Post-Graduate,Married,25140.0,519,35117.16,1.397,8,Defaulted
LN-106833,2022-12-16,Central India,Home Loan,1897409.0,120,14.21,41,Unemployed,Graduate,Single,22064.0,557,29700.44,1.346,2,Restructured
LN-106910,2022-12-16,Central India,Personal Loan,307715.0,36,10.55,32,Business Owner,Professional Degree,Divorced,154245.0,742,10008.75,0.065,0,Fully Paid
LN-100289,2022-12-17,North India,Gold Loan,419218.0,12,10.11,44,Salaried,Professional Degree,Single,113452.0,776,36877.37,0.325,0,Fully Paid
LN-103302,2022-12-17,South India,Personal Loan,377381.0,12,7.5,21,Self-Employed,Graduate,Divorced,56836.0,650,32740.6,0.576,0,Fully Paid
LN-106005,2022-12-17,South India,Vehicle Loan,1178021.0,60,7.59,45,Salaried,Graduate,Married,64187.0,709,23655.54,0.369,0,Active
LN-105528,2022-12-18,North India,Vehicle Loan,495750.0,72,16.23,29,Salaried,Graduate,Married,69294.0,674,10816.61,0.156,1,Active
LN-106308,2022-12-18,West India,Agriculture Loan,733809.0,36,13.59,45,Salaried,High School,Married,32783.0,776,24933.97,0.761,0,Fully Paid
LN-100403,2022-12-19,Central India,Home Loan,4812607.0,300,13.76,53,Salaried,Post-Graduate,Married,84629.0,577,57050.01,0.674,0,Active
LN-106096,2022-12-19,South India,Business Loan,3599709.0,36,8.23,46,Salaried,Post-Graduate,Married,94979.0,648,113184.13,1.192,0,Active
LN-100545,2022-12-20,East India,Personal Loan,317699.0,12,16.33,26,Salaried,Graduate,Married,59728.0,606,28874.74,0.483,0,Fully Paid
LN-101824,2022-12-20,North India,Personal Loan,224995.0,48,17.71,37,Salaried,Graduate,Single,39109.0,677,6575.18,0.168,1,Active
LN-104558,2022-12-20,East India,Education Loan,1179367.0,60,15.18,35,Self-Employed,Graduate,Divorced,56713.0,635,28168.61,0.497,3,Defaulted
LN-105529,2022-12-20,East India,Personal Loan,483506.0,12,14.31,21,Unemployed,Post-Graduate,Married,29432.0,427,43483.17,1.477,0,Fully Paid
LN-106434,2022-12-20,East India,Education Loan,365825.0,120,12.88,21,Self-Employed,Post-Graduate,Married,58723.0,647,5436.3,0.093,1,Active
LN-106155,2022-12-21,East India,Personal Loan,130434.0,48,18.48,21,Self-Employed,Post-Graduate,Single,91403.0,719,3864.29,0.042,1,Active
LN-100232,2022-12-22,South India,Gold Loan,569519.0,6,9.52,21,Salaried,Post-Graduate,Divorced,80561.0,627,97572.8,1.211,5,Restructured
LN-100977,2022-12-22,Central India,Vehicle Loan,611453.0,60,8.04,45,Salaried,High School,Married,38221.0,725,12409.77,0.325,1,Active
LN-102958,2022-12-22,South India,Personal Loan,294052.0,24,7.55,41,Salaried,High School,Married,26342.0,718,13238.91,0.503,0,Fully Paid
LN-103393,2022-12-22,North India,Personal Loan,325567.0,36,9.32,27,Retired,Professional Degree,Married,105569.0,610,10401.5,0.099,1,Active
LN-103838,2022-12-22,North India,Gold Loan,744226.0,6,10.52,31,Business Owner,Post-Graduate,Married,149932.0,723,127871.24,0.853,1,Active
LN-104237,2022-12-22,South India,Business Loan,1796607.0,24,10.51,26,Salaried,Post-Graduate,Single,85050.0,645,83327.84,0.98,0,Fully Paid
LN-104937,2022-12-22,Central India,Education Loan,243579.0,84,16.96,39,Business Owner,Below High School,Divorced,40101.0,664,4972.1,0.124,0,Active
LN-106402,2022-12-22,Central India,Personal Loan,396937.0,48,7.55,26,Self-Employed,Post-Graduate,Divorced,59832.0,656,9606.77,0.161,1,Active
LN-100225,2022-12-23,West India,Personal Loan,264011.0,12,8.61,49,Salaried,Graduate,Single,37473.0,670,23040.43,0.615,0,Fully Paid
LN-103509,2022-12-23,East India,Agriculture Loan,780070.0,36,18.08,34,Business Owner,Professional Degree,Divorced,235837.0,764,28232.71,0.12,1,Active
LN-103860,2022-12-23,East India,Home Loan,4383844.0,300,13.45,50,Self-Employed,Graduate,Divorced,71075.0,712,50933.68,0.717,1,Active
LN-101121,2022-12-24,West India,Vehicle Loan,632628.0,48,10.29,39,Self-Employed,Post-Graduate,Divorced,65592.0,700,16133.33,0.246,1,Active
LN-102078,2022-12-24,East India,Home Loan,5834377.0,120,13.42,33,Business Owner,High School,Single,47598.0,675,88564.79,1.861,0,Active
LN-106816,2022-12-24,West India,Home Loan,4216640.0,300,16.84,41,Retired,Graduate,Single,37614.0,742,60092.16,1.598,0,Active
LN-100164,2022-12-25,West India,Personal Loan,76003.0,12,8.09,38,Self-Employed,Post-Graduate,Single,68380.0,654,6614.54,0.097,0,Fully Paid
LN-101552,2022-12-25,West India,Agriculture Loan,394545.0,36,11.99,26,Retired,High School,Married,32304.0,700,13102.66,0.406,0,Fully Paid
LN-103049,2022-12-26,East India,Vehicle Loan,1160645.0,36,10.71,35,Self-Employed,High School,Married,34732.0,588,37838.83,1.089,0,Fully Paid
LN-100040,2022-12-27,East India,Personal Loan,340491.0,36,16.62,47,Salaried,Graduate,Married,69691.0,690,12075.14,0.173,0,Fully Paid
LN-102038,2022-12-27,Central India,Agriculture Loan,301592.0,36,15.91,27,Business Owner,High School,Married,37765.0,682,10589.68,0.28,0,Fully Paid
LN-102500,2022-12-27,South India,Personal Loan,345202.0,12,16.79,42,Self-Employed,Graduate,Married,44029.0,677,31449.67,0.714,0,Fully Paid
LN-103146,2022-12-27,Central India,Home Loan,2554435.0,300,10.02,47,Self-Employed,High School,Married,31090.0,692,23248.19,0.748,1,Active
LN-104230,2022-12-27,East India,Home Loan,4119828.0,120,15.02,40,Salaried,Professional Degree,Married,111866.0,727,66517.7,0.595,1,Active
LN-104721,2022-12-27,East India,Personal Loan,122011.0,48,16.5,22,Retired,Post-Graduate,Divorced,104409.0,616,3489.15,0.033,3,Active
LN-105078,2022-12-27,West India,Vehicle Loan,701091.0,48,11.34,21,Self-Employed,Post-Graduate,Divorced,108681.0,714,18236.04,0.168,0,Active
LN-105506,2022-12-27,West India,Personal Loan,71814.0,48,8.11,57,Self-Employed,Post-Graduate,Divorced,88412.0,656,1756.9,0.02,1,Active
LN-105473,2022-12-28,South India,Education Loan,839304.0,36,10.28,43,Salaried,Graduate,Divorced,48882.0,673,27192.45,0.556,0,Fully Paid
LN-103436,2022-12-29,Central India,Business Loan,1567492.0,84,16.08,43,Self-Employed,Graduate,Married,60966.0,774,31205.09,0.512,1,Active
LN-106616,2022-12-29,North India,Home Loan,1885328.0,120,11.92,54,Business Owner,Professional Degree,Married,105404.0,733,26961.86,0.256,0,Active
LN-102022,2022-12-30,North India,Vehicle Loan,1131603.0,36,8.89,46,Salaried,Professional Degree,Divorced,130313.0,710,35926.77,0.276,0,Fully Paid
LN-102947,2022-12-30,West India,Home Loan,5959941.0,120,9.1,32,Business Owner,Post-Graduate,Single,144257.0,739,75820.94,0.526,1,Active
LN-103417,2022-12-30,Central India,Agriculture Loan,856925.0,24,10.4,34,Self-Employed,Post-Graduate,Divorced,106404.0,611,39701.13,0.373,10,Defaulted
LN-103697,2022-12-30,North India,Education Loan,975289.0,84,16.36,56,Retired,Post-Graduate,Divorced,62988.0,743,19571.75,0.311,0,Active
LN-106519,2022-12-30,North India,Vehicle Loan,1127219.0,60,9.02,63,Salaried,Professional Degree,Divorced,135632.0,737,23410.16,0.173,0,Active
LN-104564,2022-12-31,South India,Personal Loan,65558.0,48,11.52,39,Salaried,Graduate,Married,45492.0,554,1710.98,0.038,1,Active
LN-100160,2023-01-01,North India,Home Loan,4966881.0,300,9.78,41,Business Owner,Post-Graduate,Divorced,87099.0,656,44366.1,0.509,0,Active
LN-102922,2023-01-01,East India,Personal Loan,402810.0,36,7.74,35,Salaried,Post-Graduate,Single,60438.0,705,12574.34,0.208,0,Fully Paid
LN-103097,2023-01-01,Central India,Gold Loan,597482.0,6,14.82,32,Self-Employed,Post-Graduate,Married,55006.0,648,103928.72,1.889,0,Fully Paid
LN-103562,2023-01-01,East India,Home Loan,5554426.0,180,10.52,31,Salaried,High School,Married,26564.0,721,61467.45,2.314,0,Active
LN-106959,2023-01-01,East India,Agriculture Loan,118191.0,36,8.22,28,Business Owner,Graduate,Married,80975.0,670,3715.68,0.046,0,Fully Paid
LN-103611,2023-01-02,West India,Personal Loan,184339.0,36,16.64,33,Self-Employed,Graduate,Single,31515.0,711,6539.21,0.207,0,Fully Paid
LN-100102,2023-01-04,West India,Education Loan,1000960.0,120,9.36,21,Retired,Professional Degree,Single,114213.0,724,12875.58,0.113,9,Defaulted
LN-100521,2023-01-04,North India,Home Loan,5953020.0,240,8.56,21,Self-Employed,Graduate,Single,47540.0,617,51887.98,1.091,3,Active
LN-101439,2023-01-04,South India,Personal Loan,111683.0,48,7.64,50,Business Owner,Graduate,Married,96454.0,803,2707.68,0.028,0,Active
LN-101673,2023-01-04,East India,Business Loan,3230754.0,60,17.85,42,Self-Employed,Graduate,Married,61423.0,569,81776.52,1.331,3,Active
LN-102819,2023-01-04,East India,Agriculture Loan,510878.0,36,16.2,25,Salaried,Post-Graduate,Married,83122.0,658,18011.44,0.217,0,Fully Paid
LN-103880,2023-01-04,Central India,Personal Loan,439654.0,48,7.7,23,Salaried,Post-Graduate,Single,97583.0,747,10671.43,0.109,1,Active
LN-105146,2023-01-04,East India,Personal Loan,245317.0,12,13.44,35,Business Owner,Graduate,Single,68401.0,744,21961.72,0.321,0,Fully Paid
LN-102968,2023-01-05,South India,Personal Loan,115797.0,12,11.97,37,Self-Employed,High School,Married,23645.0,720,10286.8,0.435,0,Fully Paid
LN-101639,2023-01-06,East India,Business Loan,4899733.0,84,13.15,21,Salaried,Post-Graduate,Married,86012.0,792,89535.82,1.041,0,Active
LN-102043,2023-01-06,South India,Home Loan,3555669.0,240,7.8,40,Business Owner,Graduate,Divorced,95870.0,656,29299.99,0.306,0,Active
LN-102311,2023-01-06,South India,Personal Loan,303709.0,12,15.6,36,Self-Employed,Professional Degree,Single,126123.0,584,27498.32,0.218,0,Fully Paid
LN-104389,2023-01-06,Central India,Personal Loan,156885.0,12,17.12,47,Salaried,Post-Graduate,Divorced,104525.0,691,14317.59,0.137,0,Fully Paid
LN-105793,2023-01-06,West India,Education Loan,1321826.0,60,9.12,48,Salaried,Post-Graduate,Divorced,90263.0,746,27515.98,0.305,1,Active
LN-106186,2023-01-06,North India,Business Loan,2209458.0,36,11.98,45,Retired,Post-Graduate,Divorced,52910.0,688,73364.52,1.387,0,Fully Paid
LN-104333,2023-01-07,South India,Business Loan,3937885.0,24,18.12,30,Self-Employed,Below High School,Married,18341.0,589,196823.77,10.731,8,Defaulted
LN-105604,2023-01-07,Central India,Home Loan,1608663.0,180,9.94,28,Business Owner,Professional Degree,Single,184216.0,674,17227.77,0.094,1,Active
LN-102015,2023-01-08,North India,Education Loan,1242269.0,36,15.35,32,Business Owner,Graduate,Married,109498.0,796,43276.89,0.395,0,Active
LN-102278,2023-01-08,West India,Business Loan,3398249.0,24,13.65,22,Business Owner,Graduate,Married,104888.0,594,162598.41,1.55,0,Active
LN-103333,2023-01-08,Central India,Gold Loan,84834.0,6,17.56,41,Salaried,Post-Graduate,Married,58518.0,692,14871.92,0.254,0,Fully Paid
LN-103738,2023-01-08,East India,Personal Loan,130581.0,48,9.06,60,Unemployed,High School,Single,6555.0,576,3253.24,0.496,12,Defaulted
LN-106334,2023-01-08,Central India,Personal Loan,278343.0,36,17.7,60,Self-Employed,Post-Graduate,Divorced,49873.0,704,10020.93,0.201,0,Fully Paid
LN-100064,2023-01-09,West India,Vehicle Loan,714824.0,72,13.38,21,Business Owner,Post-Graduate,Married,90255.0,736,14493.21,0.161,1,Active
LN-104184,2023-01-09,East India,Education Loan,1909076.0,84,7.75,42,Salaried,Post-Graduate,Single,58832.0,678,29518.04,0.502,5,Written Off
LN-101155,2023-01-10,East India,Education Loan,774420.0,120,9.25,34,Unemployed,Post-Graduate,Married,26405.0,669,9915.11,0.376,0,Active
LN-101352,2023-01-10,East India,Vehicle Loan,278974.0,48,10.51,40,Self-Employed,Graduate,Married,54020.0,629,7144.02,0.132,1,Active
LN-104807,2023-01-10,Central India,Education Loan,1637174.0,120,12.71,27,Salaried,Graduate,Single,55726.0,667,24165.53,0.434,0,Active
LN-101768,2023-01-11,West India,Vehicle Loan,250542.0,36,12.85,31,Salaried,Post-Graduate,Single,105111.0,668,8423.66,0.08,0,Fully Paid
LN-102316,2023-01-11,West India,Home Loan,3293284.0,180,9.02,28,Salaried,Graduate,Single,61126.0,697,33441.87,0.547,1,Active
LN-105148,2023-01-11,East India,Personal Loan,423184.0,36,14.02,40,Self-Employed,Post-Graduate,Single,53602.0,609,14467.54,0.27,0,Fully Paid
LN-100420,2023-01-12,North India,Personal Loan,156022.0,12,13.76,26,Salaried,Post-Graduate,Single,60321.0,758,13991.15,0.232,0,Fully Paid
LN-100703,2023-01-12,North India,Personal Loan,108181.0,36,8.42,21,Business Owner,Below High School,Married,30825.0,661,3411.0,0.111,0,Fully Paid
LN-101156,2023-01-12,Central India,Personal Loan,373961.0,12,9.09,59,Retired,Post-Graduate,Divorced,96868.0,711,32719.05,0.338,0,Fully Paid
LN-102651,2023-01-12,South India,Home Loan,1952259.0,180,14.63,41,Business Owner,Post-Graduate,Single,128364.0,591,26830.53,0.209,0,Active
LN-103377,2023-01-12,East India,Home Loan,4336789.0,300,17.4,55,Business Owner,High School,Single,40328.0,716,63732.12,1.58,2,Restructured
LN-104936,2023-01-12,South India,Home Loan,2718421.0,240,16.83,59,Self-Employed,High School,Married,35436.0,633,39522.76,1.115,3,Active
LN-106312,2023-01-12,Central India,Business Loan,2084433.0,24,8.16,36,Business Owner,Graduate,Married,74435.0,678,94425.44,1.269,0,Fully Paid
LN-106516,2023-01-12,South India,Home Loan,2582022.0,240,15.7,21,Business Owner,Graduate,Divorced,60602.0,721,35342.65,0.583,1,Active
LN-100080,2023-01-13,East India,Home Loan,2797507.0,180,9.76,48,Salaried,Graduate,Married,53416.0,639,29652.75,0.555,1,Active
LN-102459,2023-01-13,East India,Vehicle Loan,295617.0,48,16.91,48,Salaried,Graduate,Divorced,34457.0,707,8516.28,0.247,1,Active
LN-102959,2023-01-13,South India,Home Loan,4005453.0,180,13.55,62,Salaried,Professional Degree,Married,97629.0,764,52136.79,0.534,1,Active
LN-105244,2023-01-13,East India,Business Loan,2798348.0,60,17.42,54,Self-Employed,Graduate,Married,52427.0,619,70179.67,1.339,8,Defaulted
LN-100187,2023-01-14,West India,Education Loan,1919753.0,60,15.06,64,Salaried,Graduate,Divorced,34521.0,658,45731.27,1.325,0,Active
LN-101095,2023-01-14,South India,Vehicle Loan,1152408.0,72,11.69,40,Retired,High School,Married,20386.0,642,22344.45,1.096,10,Written Off
LN-102974,2023-01-15,West India,Home Loan,3068002.0,120,13.7,35,Salaried,High School,Single,32866.0,686,47083.93,1.433,4,Defaulted
LN-104078,2023-01-15,South India,Home Loan,4911060.0,120,10.82,32,Retired,Post-Graduate,Divorced,101227.0,609,67150.44,0.663,0,Active
LN-106151,2023-01-15,Central India,Personal Loan,211292.0,48,14.38,54,Salaried,Graduate,Divorced,32499.0,760,5814.22,0.179,0,Active
LN-105149,2023-01-16,Central India,Personal Loan,72397.0,36,16.84,46,Self-Employed,Graduate,Single,44535.0,621,2575.39,0.058,0,Fully Paid
LN-100677,2023-01-17,West India,Business Loan,4368813.0,60,9.61,28,Self-Employed,High School,Single,28733.0,714,91988.23,3.201,1,Active
LN-102779,2023-01-18,Central India,Home Loan,5835484.0,240,18.35,43,Business Owner,High School,Married,31270.0,727,91634.56,2.93,0,Active
LN-100855,2023-01-19,Central India,Education Loan,1086423.0,36,10.22,32,Unemployed,Graduate,Single,21040.0,592,35168.14,1.671,7,Defaulted
LN-105112,2023-01-19,North India,Home Loan,5264018.0,120,17.26,45,Self-Employed,High School,Married,28660.0,739,92356.48,3.222,9,Defaulted
LN-100308,2023-01-20,East India,Personal Loan,221024.0,48,11.94,45,Retired,Post-Graduate,Married,60510.0,634,5813.9,0.096,6,Restructured
LN-100696,2023-01-20,Central India,Personal Loan,397705.0,24,16.41,26,Retired,Graduate,Married,63543.0,703,19550.87,0.308,0,Fully Paid
LN-102604,2023-01-20,Central India,Personal Loan,358357.0,48,12.82,37,Unemployed,Graduate,Divorced,9181.0,565,9581.84,1.044,2,Active
LN-103379,2023-01-20,East India,Home Loan,2363775.0,120,8.93,45,Salaried,Graduate,Married,46926.0,780,29853.83,0.636,1,Active
LN-103788,2023-01-20,East India,Business Loan,1923535.0,60,16.88,41,Salaried,Professional Degree,Married,94216.0,711,47680.77,0.506,0,Active
LN-104398,2023-01-20,North India,Education Loan,1058174.0,84,13.48,29,Self-Employed,Post-Graduate,Divorced,84119.0,658,19527.47,0.232,1,Active
LN-105884,2023-01-20,South India,Personal Loan,250074.0,48,17.21,43,Salaried,Graduate,Married,34403.0,763,7243.09,0.211,0,Active
LN-101006,2023-01-22,East India,Vehicle Loan,1025634.0,72,8.25,42,Retired,Graduate,Single,50801.0,650,18108.14,0.356,0,Active
LN-101944,2023-01-22,East India,Personal Loan,219878.0,36,9.91,25,Unemployed,Post-Graduate,Single,17732.0,467,7085.56,0.4,3,Defaulted
LN-104533,2023-01-22,North India,Personal Loan,301765.0,24,11.55,50,Self-Employed,Professional Degree,Single,140423.0,671,14141.79,0.101,0,Fully Paid
LN-106323,2023-01-22,North India,Home Loan,3556783.0,240,12.53,40,Unemployed,Professional Degree,Single,35202.0,505,40485.3,1.15,3,Restructured
LN-100953,2023-01-23,South India,Gold Loan,670903.0,12,10.91,56,Business Owner,High School,Married,53770.0,812,59267.36,1.102,0,Fully Paid
LN-101266,2023-01-23,South India,Home Loan,4577129.0,180,18.2,34,Retired,Post-Graduate,Single,110817.0,718,74370.63,0.671,1,Active
LN-103651,2023-01-23,South India,Agriculture Loan,385181.0,24,9.55,38,Retired,Graduate,Married,34036.0,641,17694.25,0.52,0,Fully Paid
LN-100781,2023-01-24,North India,Vehicle Loan,327070.0,36,10.0,36,Salaried,Professional Degree,Divorced,84676.0,718,10553.63,0.125,0,Fully Paid
LN-105407,2023-01-24,Central India,Personal Loan,456526.0,12,11.42,40,Salaried,Graduate,Married,60846.0,772,40438.02,0.665,0,Fully Paid
LN-106444,2023-01-24,Central India,Personal Loan,100132.0,48,13.82,56,Self-Employed,Graduate,Divorced,45594.0,735,2727.22,0.06,0,Active
LN-106741,2023-01-24,West India,Vehicle Loan,220392.0,72,15.74,59,Salaried,Below High School,Married,16920.0,670,4749.21,0.281,1,Active
LN-100996,2023-01-25,Central India,Personal Loan,274684.0,12,15.22,37,Business Owner,Post-Graduate,Single,72592.0,706,24821.04,0.342,0,Active
LN-101751,2023-01-25,West India,Home Loan,4781044.0,120,12.63,39,Self-Employed,Graduate,Single,38877.0,651,70346.54,1.809,2,Restructured
LN-102162,2023-01-25,South India,Business Loan,1349735.0,36,10.78,31,Salaried,Post-Graduate,Divorced,87838.0,684,44048.1,0.501,0,Fully Paid
LN-104513,2023-01-25,East India,Personal Loan,360505.0,36,18.24,36,Salaried,Post-Graduate,Married,76763.0,763,13076.56,0.17,0,Fully Paid
LN-105293,2023-01-25,North India,Business Loan,544306.0,84,7.81,21,Self-Employed,Post-Graduate,Married,101963.0,618,8432.24,0.083,1,Active
LN-105832,2023-01-25,West India,Personal Loan,61988.0,48,17.19,32,Salaried,Graduate,Single,67550.0,794,1794.77,0.027,1,Active
LN-101112,2023-01-26,South India,Home Loan,4996605.0,240,13.19,24,Self-Employed,Graduate,Divorced,35542.0,598,59216.63,1.666,2,Active
LN-103356,2023-01-26,East India,Business Loan,2088783.0,84,13.04,30,Salaried,Below High School,Single,16797.0,773,38044.5,2.265,0,Active
LN-105612,2023-01-26,South India,Education Loan,831953.0,120,12.96,50,Salaried,Graduate,Married,50895.0,636,12402.33,0.244,7,Written Off
LN-105617,2023-01-26,West India,Business Loan,4062054.0,60,8.2,60,Salaried,High School,Married,30053.0,585,82753.16,2.754,3,Active
LN-106206,2023-01-26,East India,Vehicle Loan,207865.0,36,11.39,34,Salaried,Graduate,Single,47687.0,777,6843.69,0.144,0,Fully Paid
LN-101054,2023-01-27,East India,Personal Loan,267001.0,36,18.47,21,Unemployed,High School,Single,10791.0,524,9715.79,0.9,11,Defaulted
LN-104894,2023-01-27,North India,Business Loan,1689194.0,84,9.86,25,Business Owner,Professional Degree,Married,110800.0,767,27920.58,0.252,1,Active
LN-104924,2023-01-27,East India,Personal Loan,248681.0,24,16.57,49,Self-Employed,High School,Married,28030.0,602,12244.03,0.437,0,Fully Paid
LN-100259,2023-01-28,South India,Vehicle Loan,228479.0,72,16.49,41,Salaried,Professional Degree,Single,80656.0,593,5017.97,0.062,9,Written Off
LN-101083,2023-01-28,North India,Personal Loan,332930.0,12,18.49,30,Salaried,Professional Degree,Single,71585.0,713,30600.71,0.427,0,Fully Paid
LN-101280,2023-01-28,Central India,Education Loan,574033.0,120,8.18,31,Salaried,Post-Graduate,Single,81687.0,754,7019.32,0.086,1,Active
LN-102164,2023-01-28,West India,Personal Loan,477406.0,24,8.15,21,Salaried,High School,Single,29707.0,680,21624.46,0.728,0,Active
LN-104342,2023-01-28,West India,Education Loan,1202156.0,36,16.39,51,Unemployed,Below High School,Single,8377.0,452,42496.07,5.073,5,Restructured
LN-104989,2023-01-28,West India,Gold Loan,218471.0,12,13.16,41,Retired,Post-Graduate,Single,87914.0,742,19529.64,0.222,0,Fully Paid
LN-100523,2023-01-29,East India,Home Loan,3759813.0,240,13.9,34,Self-Employed,Professional Degree,Divorced,108495.0,607,46481.24,0.428,9,Defaulted
LN-101127,2023-01-29,West India,Personal Loan,322878.0,48,10.25,43,Salaried,Post-Graduate,Married,87773.0,787,8227.84,0.094,1,Active
LN-103591,2023-01-29,West India,Personal Loan,390656.0,36,8.19,33,Retired,High School,Single,18375.0,672,12276.01,0.668,0,Fully Paid
LN-100349,2023-01-30,South India,Vehicle Loan,1149234.0,48,8.78,23,Salaried,Below High School,Divorced,18925.0,785,28478.83,1.505,8,Written Off
LN-101932,2023-01-30,East India,Education Loan,314187.0,36,15.03,70,Salaried,Graduate,Single,51738.0,684,10896.01,0.211,0,Fully Paid
LN-103985,2023-01-30,West India,Education Loan,1570638.0,36,11.52,39,Business Owner,Post-Graduate,Married,72986.0,642,51808.31,0.71,0,Fully Paid
LN-105255,2023-01-30,West India,Home Loan,5988160.0,300,8.11,44,Salaried,Graduate,Single,66252.0,707,46654.79,0.704,3,Defaulted
LN-106525,2023-01-30,South India,Agriculture Loan,532893.0,24,12.44,39,Business Owner,Below High School,Married,39995.0,770,25194.76,0.63,0,Fully Paid
LN-102398,2023-01-31,North India,Vehicle Loan,619929.0,36,15.81,21,Business Owner,Graduate,Single,77822.0,691,21736.76,0.279,0,Fully Paid
LN-103102,2023-01-31,East India,Vehicle Loan,659684.0,36,9.64,34,Self-Employed,High School,Single,19896.0,732,21174.82,1.064,0,Fully Paid
LN-101494,2023-02-03,West India,Home Loan,1937636.0,120,11.53,21,Retired,Graduate,Single,49318.0,758,27275.55,0.553,4,Restructured
LN-101503,2023-02-03,North India,Vehicle Loan,1030589.0,36,11.28,29,Salaried,High School,Married,21073.0,727,33876.98,1.608,0,Fully Paid
LN-102013,2023-02-03,East India,Agriculture Loan,277514.0,36,14.48,38,Business Owner,Post-Graduate,Single,75762.0,649,9549.6,0.126,0,Fully Paid
LN-100342,2023-02-04,West India,Personal Loan,181699.0,12,10.51,31,Self-Employed,High School,Married,36094.0,666,16017.36,0.444,0,Fully Paid
LN-103561,2023-02-05,West India,Personal Loan,309432.0,24,14.47,44,Retired,Professional Degree,Single,86974.0,653,14925.52,0.172,0,Fully Paid
LN-104350,2023-02-05,North India,Home Loan,2951248.0,240,9.62,48,Salaried,High School,Single,24844.0,687,27741.18,1.117,0,Active
LN-100206,2023-02-06,East India,Vehicle Loan,1017486.0,72,12.3,35,Salaried,Below High School,Divorced,27637.0,634,20051.14,0.726,1,Active
LN-100438,2023-02-06,Central India,Personal Loan,315470.0,48,15.3,33,Salaried,High School,Married,33705.0,616,8827.82,0.262,0,Active
LN-101366,2023-02-06,West India,Gold Loan,779486.0,6,15.74,60,Salaried,Graduate,Married,59690.0,676,135943.24,2.277,0,Fully Paid
LN-101791,2023-02-06,Central India,Personal Loan,477333.0,48,17.22,48,Salaried,Professional Degree,Single,149945.0,752,13827.85,0.092,1,Active
LN-103024,2023-02-06,East India,Gold Loan,231201.0,6,9.95,24,Salaried,Graduate,Married,64448.0,634,39659.47,0.615,0,Fully Paid
LN-105089,2023-02-06,Central India,Business Loan,4395622.0,36,17.49,39,Salaried,High School,Single,31242.0,677,157789.95,5.051,0,Fully Paid
LN-105346,2023-02-06,Central India,Home Loan,3596270.0,300,9.57,27,Salaried,Professional Degree,Single,79267.0,779,31595.66,0.399,1,Active
LN-105505,2023-02-06,North India,Home Loan,3369462.0,240,12.37,52,Business Owner,Post-Graduate,Single,86352.0,720,37973.47,0.44,1,Active
LN-106654,2023-02-06,East India,Personal Loan,159380.0,48,16.27,36,Salaried,Below High School,Married,26266.0,688,4538.94,0.173,1,Active
LN-102093,2023-02-07,Central India,Personal Loan,98338.0,24,17.75,44,Unemployed,Post-Graduate,Divorced,24543.0,549,4897.57,0.2,2,Active
LN-102539,2023-02-07,South India,Home Loan,5051298.0,300,11.57,44,Self-Employed,Post-Graduate,Single,77638.0,745,51603.62,0.665,1,Active
LN-104062,2023-02-07,West India,Business Loan,4039202.0,60,16.28,54,Self-Employed,Post-Graduate,Divorced,111304.0,688,98827.48,0.888,6,Restructured
LN-104484,2023-02-07,East India,Home Loan,5196910.0,180,8.5,38,Salaried,High School,Single,35568.0,724,51176.03,1.439,0,Active
LN-104746,2023-02-07,North India,Agriculture Loan,827229.0,24,12.6,64,Salaried,Professional Degree,Married,103301.0,749,39172.73,0.379,0,Fully Paid
LN-104411,2023-02-08,Central India,Personal Loan,184206.0,12,11.56,37,Self-Employed,Professional Degree,Married,122055.0,663,16328.59,0.134,0,Fully Paid
LN-105949,2023-02-08,South India,Home Loan,3115510.0,180,10.11,37,Salaried,Graduate,Single,66943.0,701,33689.4,0.503,9,Defaulted
LN-106153,2023-02-08,South India,Gold Loan,301180.0,24,13.57,29,Salaried,Graduate,Single,41513.0,666,14399.41,0.347,0,Fully Paid
LN-100165,2023-02-09,West India,Personal Loan,54652.0,24,10.95,28,Salaried,Professional Degree,Divorced,121150.0,806,2545.94,0.021,0,Fully Paid
LN-106536,2023-02-09,West India,Home Loan,3615374.0,240,15.36,27,Self-Employed,Professional Degree,Divorced,146594.0,747,48571.32,0.331,1,Active
LN-101012,2023-02-10,West India,Home Loan,1806331.0,120,12.54,33,Salaried,Graduate,Married,49719.0,682,26482.59,0.533,10,Defaulted
LN-101783,2023-02-10,South India,Home Loan,4468071.0,300,12.82,21,Business Owner,High School,Married,54435.0,678,49787.85,0.915,0,Active
LN-104136,2023-02-10,Central India,Vehicle Loan,970584.0,48,9.44,43,Business Owner,Graduate,Divorced,109823.0,717,24356.31,0.222,1,Active
LN-104309,2023-02-10,South India,Personal Loan,329424.0,48,7.68,37,Salaried,Professional Degree,Divorced,77312.0,730,7992.81,0.103,0,Active
LN-100093,2023-02-11,East India,Agriculture Loan,342111.0,24,18.13,39,Salaried,High School,Married,39687.0,574,17101.08,0.431,0,Fully Paid
LN-100863,2023-02-11,West India,Agriculture Loan,146147.0,24,9.18,36,Retired,Graduate,Married,59047.0,609,6688.76,0.113,0,Fully Paid
LN-101388,2023-02-11,North India,Business Loan,650194.0,84,12.26,51,Salaried,Graduate,Divorced,61540.0,826,11568.3,0.188,0,Active
LN-102118,2023-02-11,Central India,Personal Loan,202122.0,12,7.62,32,Self-Employed,Graduate,Married,56561.0,622,17546.78,0.31,0,Fully Paid
LN-104685,2023-02-11,East India,Education Loan,807469.0,36,11.9,47,Salaried,Post-Graduate,Divorced,74601.0,650,26780.98,0.359,0,Fully Paid
LN-102504,2023-02-12,North India,Vehicle Loan,845295.0,72,12.03,52,Retired,Post-Graduate,Married,86697.0,737,16538.87,0.191,1,Active
LN-103639,2023-02-12,East India,Personal Loan,245345.0,24,10.86,45,Salaried,Graduate,Married,61143.0,708,11419.06,0.187,0,Fully Paid
LN-106543,2023-02-12,Central India,Business Loan,537211.0,36,9.14,38,Self-Employed,Professional Degree,Divorced,76539.0,614,17118.19,0.224,3,Restructured
LN-100736,2023-02-13,North India,Personal Loan,314003.0,12,13.43,54,Self-Employed,Graduate,Divorced,58767.0,543,28109.28,0.478,0,Fully Paid
LN-101757,2023-02-13,South India,Vehicle Loan,1053631.0,60,10.38,42,Salaried,Graduate,Married,55322.0,814,22584.06,0.408,0,Active
LN-102055,2023-02-13,South India,Home Loan,5656314.0,240,14.61,30,Self-Employed,Graduate,Married,48488.0,611,72857.03,1.503,9,Defaulted
LN-104865,2023-02-13,East India,Home Loan,3826944.0,300,18.17,21,Salaried,High School,Single,24562.0,662,58591.73,2.385,3,Defaulted
LN-102633,2023-02-14,West India,Business Loan,2307727.0,60,11.81,21,Self-Employed,Graduate,Married,42511.0,621,51112.82,1.202,8,Written Off
LN-105912,2023-02-14,North India,Home Loan,1734656.0,240,7.86,31,Salaried,Post-Graduate,Divorced,85554.0,727,14358.58,0.168,0,Active
LN-106139,2023-02-15,North India,Home Loan,1558747.0,120,14.3,48,Salaried,High School,Single,23099.0,635,24484.06,1.06,2,Active
LN-103687,2023-02-16,North India,Vehicle Loan,552263.0,72,15.3,31,Salaried,Professional Degree,Married,116845.0,603,11767.77,0.101,5,Defaulted
LN-106805,2023-02-16,South India,Vehicle Loan,796084.0,60,8.08,34,Self-Employed,High School,Divorced,27540.0,542,16172.21,0.587,4,Written Off
LN-102721,2023-02-17,West India,Business Loan,1980003.0,24,10.09,49,Salaried,Professional Degree,Married,110288.0,721,91449.36,0.829,0,Fully Paid
LN-102774,2023-02-17,East India,Personal Loan,99492.0,36,17.48,51,Self-Employed,Below High School,Married,26129.0,692,3570.97,0.137,0,Active
LN-106093,2023-02-17,Central India,Personal Loan,385186.0,48,18.22,44,Salaried,Post-Graduate,Married,109219.0,748,11359.17,0.104,2,Restructured
LN-102041,2023-02-18,East India,Education Loan,1977345.0,36,16.69,44,Salaried,Professional Degree,Divorced,136044.0,669,70193.05,0.516,0,Fully Paid
LN-102298,2023-02-18,East India,Agriculture Loan,115589.0,24,15.0,48,Salaried,Graduate,Single,58471.0,790,5604.52,0.096,0,Fully Paid
LN-106166,2023-02-18,East India,Home Loan,5871043.0,180,18.44,35,Self-Employed,Post-Graduate,Single,71431.0,605,96412.96,1.35,2,Active
LN-101318,2023-02-19,East India,Business Loan,1846154.0,84,9.72,23,Salaried,Professional Degree,Married,78100.0,787,30381.91,0.389,4,Defaulted
LN-105474,2023-02-19,North India,Agriculture Loan,651099.0,36,16.59,32,Salaried,Professional Degree,Married,93033.0,666,23080.82,0.248,0,Fully Paid
LN-101690,2023-02-20,South India,Gold Loan,727990.0,6,11.04,23,Retired,High School,Single,38494.0,588,125268.36,3.254,0,Fully Paid
LN-101363,2023-02-21,Central India,Vehicle Loan,842443.0,36,17.79,31,Business Owner,High School,Single,60309.0,769,30367.66,0.504,0,Fully Paid
LN-105634,2023-02-21,North India,Personal Loan,405025.0,24,16.37,23,Salaried,Professional Degree,Single,107638.0,719,19902.96,0.185,0,Fully Paid
LN-106162,2023-02-21,North India,Education Loan,513540.0,60,18.46,21,Salaried,Post-Graduate,Married,98290.0,647,13169.39,0.134,1,Active
LN-103197,2023-02-23,Central India,Vehicle Loan,245143.0,36,10.95,36,Salaried,Graduate,Married,43057.0,714,8019.86,0.186,0,Fully Paid
LN-103487,2023-02-23,East India,Vehicle Loan,510965.0,36,13.93,40,Self-Employed,Graduate,Married,52331.0,593,17446.21,0.333,12,Defaulted
LN-104405,2023-02-23,North India,Agriculture Loan,347872.0,12,13.44,29,Salaried,Professional Degree,Divorced,147460.0,803,31142.84,0.211,0,Fully Paid
LN-105354,2023-02-23,North India,Education Loan,539749.0,120,9.23,32,Self-Employed,High School,Single,25751.0,636,6904.68,0.268,0,Active
LN-101523,2023-02-24,Central India,Personal Loan,86475.0,48,11.47,28,Self-Employed,Graduate,Single,57623.0,642,2254.78,0.039,11,Defaulted
LN-101672,2023-02-24,West India,Personal Loan,81858.0,48,14.38,39,Salaried,High School,Single,34779.0,694,2252.53,0.065,0,Active
LN-102263,2023-02-24,West India,Agriculture Loan,707806.0,36,17.86,43,Salaried,High School,Single,26427.0,617,25539.2,0.966,0,Active
LN-105480,2023-02-24,East India,Education Loan,327872.0,60,14.5,24,Self-Employed,Post-Graduate,Divorced,107175.0,703,7714.26,0.072,0,Active
LN-106515,2023-02-24,East India,Business Loan,1827826.0,84,17.15,47,Business Owner,Post-Graduate,Single,76676.0,643,37511.71,0.489,0,Active
LN-100876,2023-02-25,Central India,Business Loan,3656384.0,60,16.6,21,Business Owner,Graduate,Married,82361.0,640,90086.01,1.094,7,Defaulted
LN-103091,2023-02-25,South India,Vehicle Loan,940590.0,48,17.14,45,Self-Employed,Graduate,Single,47313.0,601,27208.94,0.575,3,Active
LN-103423,2023-02-25,Central India,Vehicle Loan,497816.0,36,18.22,35,Self-Employed,Professional Degree,Divorced,99083.0,740,18052.23,0.182,0,Fully Paid
LN-100903,2023-02-26,West India,Personal Loan,478799.0,12,9.54,22,Business Owner,Below High School,Single,28304.0,677,41991.67,1.484,0,Fully Paid
LN-101175,2023-02-26,South India,Vehicle Loan,579516.0,48,15.49,44,Salaried,High School,Single,19604.0,699,16272.67,0.83,12,Defaulted
LN-101376,2023-02-26,Central India,Vehicle Loan,995552.0,72,10.45,27,Retired,Graduate,Single,45705.0,698,18670.15,0.408,1,Active
LN-102780,2023-02-26,North India,Business Loan,3322802.0,84,7.5,41,Self-Employed,Professional Degree,Married,143402.0,701,50966.05,0.355,3,Defaulted
LN-103807,2023-02-26,East India,Agriculture Loan,374333.0,12,10.61,24,Business Owner,Post-Graduate,Married,171434.0,764,33016.11,0.193,0,Fully Paid
LN-103897,2023-02-26,South India,Vehicle Loan,649953.0,48,15.8,49,Salaried,Professional Degree,Single,93963.0,695,18353.34,0.195,0,Active
LN-104125,2023-02-26,Central India,Home Loan,2342702.0,120,13.1,31,Salaried,Graduate,Divorced,62894.0,687,35117.37,0.558,1,Active
LN-103703,2023-02-27,West India,Education Loan,1569404.0,36,11.32,38,Salaried,Graduate,Divorced,66939.0,607,51618.43,0.771,0,Fully Paid
LN-104107,2023-02-27,East India,Gold Loan,774809.0,12,9.97,35,Salaried,Graduate,Married,71419.0,755,68107.21,0.954,0,Fully Paid
LN-104734,2023-02-27,North India,Personal Loan,495334.0,24,13.14,21,Business Owner,Professional Degree,Divorced,142636.0,574,23581.67,0.165,0,Fully Paid
LN-101784,2023-02-28,North India,Business Loan,4505717.0,36,15.7,24,Business Owner,High School,Single,47925.0,724,157741.11,3.291,0,Fully Paid
LN-103770,2023-02-28,South India,Home Loan,4627669.0,300,15.2,38,Self-Employed,Graduate,Married,54697.0,593,59991.61,1.097,3,Active
LN-104945,2023-02-28,Central India,Gold Loan,172163.0,24,17.57,29,Salaried,Below High School,Married,20659.0,753,8559.36,0.414,0,Fully Paid
LN-101048,2023-03-01,North India,Vehicle Loan,530045.0,60,12.42,21,Self-Employed,Graduate,Divorced,55965.0,693,11903.36,0.213,0,Active
LN-101801,2023-03-01,East India,Personal Loan,272955.0,48,13.95,25,Retired,High School,Divorced,29492.0,671,7452.05,0.253,1,Active
LN-101880,2023-03-01,East India,Vehicle Loan,280404.0,36,15.04,21,Self-Employed,Professional Degree,Divorced,122176.0,623,9725.79,0.08,0,Fully Paid
LN-103504,2023-03-01,East India,Education Loan,1991073.0,84,16.4,40,Self-Employed,High School,Divorced,20769.0,683,40001.76,1.926,1,Active
LN-104735,2023-03-01,East India,Education Loan,1701620.0,84,15.38,48,Self-Employed,Below High School,Divorced,16148.0,637,33199.58,2.056,3,Defaulted
LN-100464,2023-03-02,Central India,Personal Loan,141767.0,36,16.16,47,Salaried,Post-Graduate,Divorced,69772.0,746,4995.31,0.072,0,Fully Paid
LN-100905,2023-03-02,Central India,Business Loan,3532124.0,24,14.5,44,Salaried,High School,Single,26632.0,701,170422.96,6.399,10,Written Off
LN-101544,2023-03-02,South India,Business Loan,2270210.0,24,17.08,30,Salaried,High School,Divorced,30009.0,730,112331.61,3.743,10,Defaulted
LN-102709,2023-03-02,Central India,Personal Loan,177610.0,12,15.43,70,Salaried,Graduate,Divorced,66809.0,755,16066.84,0.24,0,Fully Paid
LN-104710,2023-03-03,East India,Education Loan,1866946.0,36,17.89,60,Salaried,Post-Graduate,Divorced,90213.0,753,67391.59,0.747,0,Fully Paid
LN-104907,2023-03-03,North India,Vehicle Loan,927391.0,72,13.75,52,Salaried,High School,Married,28033.0,795,18985.65,0.677,1,Active
LN-106229,2023-03-03,East India,Business Loan,4358384.0,24,15.92,32,Self-Employed,High School,Married,39384.0,695,213233.48,5.414,0,Fully Paid
LN-106307,2023-03-03,East India,Personal Loan,115048.0,12,7.52,33,Salaried,High School,Single,23009.0,712,9982.33,0.434,0,Fully Paid
LN-106893,2023-03-03,South India,Education Loan,1102968.0,60,9.33,40,Retired,Professional Degree,Divorced,84504.0,769,23072.86,0.273,0,Active
LN-100285,2023-03-04,North India,Home Loan,2117881.0,300,13.01,40,Salaried,Post-Graduate,Divorced,64333.0,792,23902.16,0.372,1,Active
LN-100506,2023-03-04,South India,Business Loan,1543270.0,60,12.85,47,Salaried,High School,Divorced,38999.0,705,34995.75,0.897,1,Active
LN-101272,2023-03-04,South India,Vehicle Loan,932041.0,36,17.57,52,Salaried,Post-Graduate,Single,65112.0,687,33494.81,0.514,0,Fully Paid
LN-102494,2023-03-04,North India,Education Loan,1475021.0,120,14.1,28,Unemployed,High School,Married,10860.0,569,22990.9,2.117,7,Defaulted
LN-104073,2023-03-04,North India,Business Loan,2618181.0,60,11.01,41,Self-Employed,Post-Graduate,Single,92213.0,743,56938.66,0.617,0,Active
LN-104294,2023-03-04,North India,Personal Loan,357347.0,24,17.91,39,Retired,Graduate,Married,53141.0,708,17824.69,0.335,0,Fully Paid
LN-105590,2023-03-04,East India,Vehicle Loan,208190.0,72,11.81,35,Self-Employed,High School,Divorced,29577.0,661,4049.61,0.137,0,Active
LN-100432,2023-03-05,North India,Home Loan,2332098.0,240,17.89,51,Self-Employed,Graduate,Divorced,31857.0,663,35794.24,1.124,1,Active
LN-101532,2023-03-05,North India,Home Loan,4860611.0,120,17.03,28,Salaried,Post-Graduate,Divorced,75507.0,730,84568.7,1.12,4,Written Off
LN-103964,2023-03-05,West India,Home Loan,2913405.0,120,10.22,22,Salaried,Professional Degree,Divorced,80681.0,552,38856.67,0.482,2,Active
LN-100253,2023-03-06,East India,Personal Loan,119572.0,12,17.59,34,Retired,Graduate,Single,68309.0,689,10939.04,0.16,0,Fully Paid
LN-100984,2023-03-06,Central India,Personal Loan,160225.0,24,9.79,23,Retired,Professional Degree,Divorced,126961.0,743,7378.05,0.058,0,Fully Paid
LN-101288,2023-03-06,North India,Business Loan,4398790.0,84,7.67,34,Self-Employed,Professional Degree,Married,81965.0,596,67839.51,0.828,1,Active
LN-103422,2023-03-07,North India,Personal Loan,95660.0,12,12.03,50,Salaried,Post-Graduate,Single,80424.0,629,8500.62,0.106,2,Active
LN-104793,2023-03-07,West India,Home Loan,4351013.0,120,15.3,30,Salaried,Graduate,Divorced,36760.0,710,70998.54,1.931,1,Active
LN-102875,2023-03-08,North India,Gold Loan,298417.0,12,11.15,27,Self-Employed,High School,Divorced,31331.0,573,26395.47,0.842,1,Active
LN-103704,2023-03-08,Central India,Vehicle Loan,332001.0,48,17.15,48,Salaried,High School,Single,37280.0,715,9605.69,0.258,1,Active
LN-104144,2023-03-08,Central India,Home Loan,1608488.0,180,16.88,31,Salaried,Graduate,Married,65654.0,753,24618.03,0.375,0,Active
LN-100914,2023-03-09,West India,Education Loan,1040773.0,36,11.84,21,Salaried,Post-Graduate,Divorced,106138.0,608,34489.08,0.325,0,Fully Paid
LN-100999,2023-03-09,South India,Vehicle Loan,919794.0,60,12.5,50,Self-Employed,Below High School,Divorced,28322.0,644,20693.47,0.731,2,Active
LN-103139,2023-03-09,North India,Gold Loan,150388.0,24,10.99,39,Salaried,High School,Divorced,22038.0,713,7008.56,0.318,0,Fully Paid
LN-104279,2023-03-09,South India,Vehicle Loan,689424.0,72,15.79,27,Self-Employed,Professional Degree,Divorced,108728.0,707,14875.28,0.137,0,Active
LN-100510,2023-03-10,Central India,Education Loan,819214.0,36,14.46,37,Salaried,Post-Graduate,Single,64391.0,763,28182.17,0.438,0,Fully Paid
LN-100588,2023-03-10,East India,Agriculture Loan,335012.0,24,10.72,21,Unemployed,Professional Degree,Divorced,29160.0,633,15570.67,0.534,4,Defaulted
LN-104575,2023-03-10,South India,Education Loan,1838924.0,60,13.59,36,Salaried,Post-Graduate,Divorced,89673.0,698,42398.67,0.473,1,Active
LN-102454,2023-03-11,West India,Gold Loan,421268.0,12,9.19,61,Salaried,High School,Married,36497.0,681,36877.64,1.01,0,Fully Paid
LN-103395,2023-03-11,North India,Personal Loan,223639.0,48,18.32,47,Salaried,Graduate,Single,46544.0,659,6606.85,0.142,1,Active
LN-103442,2023-03-11,East India,Business Loan,876948.0,36,9.84,49,Salaried,Graduate,Married,31545.0,712,28230.82,0.895,0,Fully Paid
LN-103454,2023-03-11,South India,Business Loan,4185050.0,84,15.24,35,Salaried,Graduate,Divorced,55818.0,688,81322.44,1.457,7,Written Off
LN-104878,2023-03-11,South India,Education Loan,314552.0,84,15.08,29,Salaried,Graduate,Single,42773.0,597,6083.96,0.142,1,Active
LN-102451,2023-03-12,West India,Home Loan,4796213.0,240,7.88,30,Self-Employed,Post-Graduate,Divorced,55361.0,631,39760.0,0.718,10,Defaulted
LN-104701,2023-03-12,Central India,Business Loan,4715889.0,84,7.66,36,Business Owner,Professional Degree,Married,157372.0,855,72706.57,0.462,1,Active
LN-105561,2023-03-12,Central India,Home Loan,3197773.0,300,12.74,21,Salaried,Graduate,Divorced,37539.0,673,35441.0,0.944,1,Active
LN-100330,2023-03-13,West India,Agriculture Loan,760983.0,36,14.76,36,Salaried,Graduate,Divorced,47613.0,659,26290.38,0.552,0,Fully Paid
LN-102624,2023-03-13,South India,Home Loan,5300392.0,120,10.78,49,Retired,Post-Graduate,Married,90635.0,677,72354.4,0.798,0,Active
LN-100800,2023-03-14,North India,Education Loan,1246128.0,36,15.93,45,Business Owner,Graduate,Married,106671.0,703,43767.11,0.41,0,Fully Paid
LN-101430,2023-03-14,East India,Vehicle Loan,267124.0,60,14.37,47,Salaried,Below High School,Single,21718.0,592,6266.87,0.289,3,Active
LN-102631,2023-03-14,North India,Vehicle Loan,672249.0,36,7.64,39,Salaried,Professional Degree,Divorced,112393.0,719,20954.38,0.186,3,Defaulted
LN-106063,2023-03-14,South India,Agriculture Loan,524958.0,12,15.99,39,Salaried,Professional Degree,Divorced,109043.0,650,47627.41,0.437,0,Fully Paid
LN-106319,2023-03-14,North India,Education Loan,1984645.0,120,14.83,36,Salaried,Professional Degree,Single,100873.0,782,31812.96,0.315,0,Active
LN-106721,2023-03-14,West India,Home Loan,3058816.0,180,13.78,59,Business Owner,High School,Married,29448.0,712,40284.4,1.368,7,Written Off
LN-101401,2023-03-15,East India,Home Loan,5131521.0,180,15.08,21,Salaried,Graduate,Married,41489.0,689,72101.49,1.738,0,Active
LN-102155,2023-03-15,West India,Vehicle Loan,1135130.0,60,16.7,39,Salaried,Professional Degree,Single,74462.0,788,28028.12,0.376,4,Defaulted
LN-102338,2023-03-15,South India,Home Loan,5535892.0,120,13.34,45,Salaried,High School,Married,29703.0,728,83770.68,2.82,1,Active
LN-102862,2023-03-15,Central India,Business Loan,4377189.0,84,13.08,53,Salaried,Graduate,Married,71068.0,689,79820.16,1.123,0,Active
LN-103800,2023-03-15,South India,Business Loan,3348908.0,36,8.44,37,Self-Employed,Professional Degree,Single,120944.0,706,105623.7,0.873,0,Fully Paid
LN-104600,2023-03-15,South India,Personal Loan,51783.0,48,16.56,40,Salaried,Professional Degree,Divorced,91894.0,732,1482.44,0.016,0,Active
LN-105405,2023-03-15,South India,Personal Loan,56364.0,48,15.02,46,Salaried,Professional Degree,Married,73204.0,672,1569.22,0.021,0,Active
LN-101500,2023-03-16,South India,Personal Loan,407225.0,36,15.64,58,Self-Employed,Graduate,Divorced,53267.0,704,14244.55,0.267,1,Active
LN-104097,2023-03-16,West India,Education Loan,347891.0,84,9.56,43,Self-Employed,Graduate,Single,61566.0,684,5696.62,0.093,0,Active
LN-105152,2023-03-16,East India,Personal Loan,93285.0,48,12.83,35,Business Owner,Post-Graduate,Divorced,119149.0,713,2494.74,0.021,0,Active
LN-106314,2023-03-16,East India,Business Loan,3226638.0,84,17.32,37,Salaried,Graduate,Married,51274.0,740,66537.02,1.298,4,Restructured
LN-105446,2023-03-17,East India,Personal Loan,264890.0,36,13.26,47,Salaried,High School,Married,19338.0,602,8958.4,0.463,7,Written Off
LN-101941,2023-03-18,South India,Personal Loan,114433.0,48,16.63,36,Self-Employed,Post-Graduate,Married,111548.0,675,3280.1,0.029,0,Active
LN-103820,2023-03-18,Central India,Business Loan,3500335.0,84,17.6,59,Salaried,Professional Degree,Married,81485.0,665,72751.1,0.893,0,Active
LN-105893,2023-03-18,East India,Business Loan,3709486.0,36,10.57,26,Business Owner,Graduate,Married,61054.0,689,120689.84,1.977,0,Fully Paid
LN-105922,2023-03-18,North India,Home Loan,5018114.0,180,11.91,56,Unemployed,High School,Married,12212.0,572,59935.55,4.908,4,Defaulted
LN-100747,2023-03-19,East India,Home Loan,5976314.0,120,8.7,23,Self-Employed,Graduate,Single,59086.0,567,74738.53,1.265,12,Defaulted
LN-101713,2023-03-19,West India,Education Loan,977594.0,60,10.72,38,Self-Employed,Professional Degree,Married,126832.0,611,21119.01,0.167,0,Active
LN-102861,2023-03-19,North India,Vehicle Loan,239011.0,60,18.41,21,Salaried,Professional Degree,Single,127499.0,746,6122.74,0.048,0,Active
LN-103176,2023-03-19,West India,Vehicle Loan,1106639.0,72,14.77,34,Salaried,Graduate,Married,41520.0,746,23261.89,0.56,1,Active
LN-104418,2023-03-19,South India,Home Loan,5071383.0,180,9.98,24,Self-Employed,Post-Graduate,Married,56917.0,636,54435.31,0.956,9,Defaulted
LN-100405,2023-03-20,West India,Education Loan,714333.0,120,18.15,42,Salaried,Professional Degree,Single,106766.0,765,12940.29,0.121,0,Active
LN-100757,2023-03-20,Central India,Home Loan,3863649.0,120,18.35,35,Unemployed,Post-Graduate,Divorced,25470.0,681,70490.17,2.768,1,Active
LN-104157,2023-03-20,Central India,Education Loan,258868.0,84,9.65,26,Retired,Post-Graduate,Divorced,78628.0,734,4250.85,0.054,8,Defaulted
LN-106943,2023-03-20,West India,Home Loan,1807358.0,180,15.66,36,Self-Employed,High School,Married,36766.0,659,26117.49,0.71,1,Active
LN-103171,2023-03-21,South India,Personal Loan,172066.0,36,17.1,23,Salaried,Graduate,Single,34391.0,641,6143.19,0.179,0,Fully Paid
LN-103675,2023-03-21,West India,Vehicle Loan,351859.0,60,17.07,41,Salaried,Professional Degree,Divorced,136007.0,854,8757.85,0.064,1,Active
LN-105580,2023-03-21,West India,Gold Loan,181795.0,12,14.56,23,Business Owner,Professional Degree,Married,190670.0,738,16370.79,0.086,0,Fully Paid
LN-103115,2023-03-22,West India,Home Loan,5758048.0,300,16.36,21,Unemployed,High School,Married,10093.0,548,79875.91,7.914,6,Restructured
LN-106975,2023-03-22,Central India,Business Loan,751051.0,84,18.17,47,Salaried,Post-Graduate,Divorced,88300.0,697,15860.39,0.18,6,Defaulted
LN-104190,2023-03-23,West India,Education Loan,1852816.0,60,8.42,46,Salaried,Graduate,Single,39372.0,709,37941.96,0.964,5,Restructured
LN-102239,2023-03-24,South India,Business Loan,4418770.0,60,8.99,29,Retired,Graduate,Single,51177.0,677,91704.95,1.792,1,Active
LN-105300,2023-03-24,Central India,Home Loan,5417145.0,120,13.39,34,Self-Employed,Graduate,Married,57589.0,755,82134.67,1.426,7,Defaulted
LN-100058,2023-03-25,Central India,Education Loan,1773836.0,120,13.74,43,Salaried,Below High School,Single,25154.0,678,27265.1,1.084,1,Active
LN-100155,2023-03-25,North India,Business Loan,3657304.0,60,15.37,21,Salaried,Graduate,Married,51780.0,732,87718.93,1.694,2,Restructured
LN-103482,2023-03-25,South India,Personal Loan,368796.0,48,10.62,33,Salaried,Graduate,Divorced,47980.0,731,9463.81,0.197,0,Active
LN-104092,2023-03-25,West India,Home Loan,1721624.0,300,9.88,46,Salaried,Below High School,Divorced,13298.0,670,15499.01,1.166,1,Active
LN-104923,2023-03-25,West India,Vehicle Loan,377817.0,60,16.06,47,Business Owner,High School,Single,32629.0,766,9199.82,0.282,1,Active
LN-102522,2023-03-27,North India,Personal Loan,421778.0,36,8.18,43,Unemployed,High School,Single,8647.0,419,13252.04,1.533,0,Fully Paid
LN-103394,2023-03-27,East India,Home Loan,2979073.0,120,8.56,24,Retired,Post-Graduate,Divorced,74216.0,652,37031.91,0.499,1,Active
LN-101333,2023-03-28,East India,Vehicle Loan,1127098.0,60,14.09,25,Business Owner,High School,Single,46130.0,682,26278.22,0.57,0,Active
LN-101764,2023-03-28,East India,Vehicle Loan,506587.0,48,10.73,21,Business Owner,Post-Graduate,Divorced,107293.0,638,13026.68,0.121,6,Restructured
LN-101253,2023-03-29,North India,Personal Loan,265444.0,36,14.83,60,Unemployed,Post-Graduate,Married,26893.0,587,9179.62,0.341,3,Active
LN-101702,2023-03-29,South India,Business Loan,1463252.0,60,11.61,60,Salaried,High School,Married,33375.0,781,32261.59,0.967,7,Defaulted
LN-101769,2023-03-29,South India,Personal Loan,203498.0,36,18.06,42,Self-Employed,Below High School,Married,26301.0,617,7363.07,0.28,2,Active
LN-101776,2023-03-29,Central India,Vehicle Loan,546110.0,60,17.2,49,Self-Employed,Post-Graduate,Married,72844.0,681,13631.04,0.187,1,Active
LN-100208,2023-03-30,North India,Business Loan,4186461.0,84,16.4,38,Salaried,Graduate,Divorced,48381.0,740,84108.33,1.738,1,Active
LN-100619,2023-03-30,South India,Education Loan,1254609.0,84,15.4,21,Retired,Post-Graduate,Single,82306.0,633,24492.3,0.298,2,Active
LN-102575,2023-03-30,North India,Home Loan,5018999.0,120,7.96,46,Unemployed,Below High School,Married,7442.0,564,60788.28,8.168,3,Defaulted
LN-103336,2023-03-30,East India,Vehicle Loan,300980.0,48,10.9,35,Self-Employed,High School,Single,27554.0,625,7764.38,0.282,0,Active
LN-104302,2023-03-30,West India,Personal Loan,326418.0,36,10.09,46,Salaried,Post-Graduate,Married,104899.0,763,10546.39,0.101,0,Fully Paid
LN-102097,2023-03-31,West India,Home Loan,5077749.0,180,12.89,48,Retired,High School,Married,18853.0,750,63878.73,3.388,0,Active
LN-103918,2023-03-31,North India,Personal Loan,489945.0,24,8.37,33,Retired,Professional Degree,Married,139114.0,594,22241.66,0.16,0,Fully Paid
LN-104128,2023-03-31,East India,Personal Loan,472202.0,24,10.7,48,Salaried,Graduate,Divorced,71361.0,787,21942.6,0.307,0,Fully Paid
LN-106228,2023-03-31,North India,Home Loan,5337020.0,240,10.07,56,Self-Employed,Graduate,Divorced,41281.0,651,51751.16,1.254,4,Defaulted
LN-106848,2023-03-31,Central India,Agriculture Loan,729700.0,36,14.7,23,Salaried,High School,Single,39512.0,757,25188.22,0.637,0,Fully Paid
LN-104046,2023-04-01,East India,Home Loan,3718264.0,120,11.95,67,Business Owner,Graduate,Single,70452.0,709,53238.87,0.756,9,Defaulted
LN-105017,2023-04-01,North India,Vehicle Loan,987887.0,72,7.66,52,Business Owner,Post-Graduate,Divorced,112460.0,750,17157.32,0.153,1,Active
LN-101335,2023-04-02,South India,Business Loan,3090897.0,36,10.88,39,Salaried,High School,Married,34469.0,667,101016.44,2.931,1,Active
LN-103017,2023-04-02,Central India,Vehicle Loan,1189143.0,60,11.58,31,Salaried,Professional Degree,Divorced,145571.0,653,26200.14,0.18,1,Active
LN-103040,2023-04-02,North India,Business Loan,667964.0,24,11.29,51,Self-Employed,Professional Degree,Divorced,125724.0,590,31222.37,0.248,0,Fully Paid
LN-103276,2023-04-02,Central India,Home Loan,5232641.0,300,18.0,36,Unemployed,Graduate,Divorced,20756.0,743,79401.66,3.825,1,Active
LN-101246,2023-04-03,West India,Business Loan,4994493.0,84,8.29,30,Salaried,Post-Graduate,Married,95792.0,742,78568.81,0.82,6,Written Off
LN-101424,2023-04-03,West India,Home Loan,2633500.0,300,10.33,47,Salaried,Graduate,Married,34494.0,719,24545.97,0.712,4,Defaulted
LN-103809,2023-04-03,Central India,Personal Loan,489925.0,24,11.61,31,Salaried,Professional Degree,Divorced,112603.0,691,22973.34,0.204,0,Fully Paid
LN-100701,2023-04-04,Central India,Gold Loan,284320.0,12,13.28,60,Self-Employed,Post-Graduate,Single,79587.0,651,25432.05,0.32,0,Fully Paid
LN-104063,2023-04-04,Central India,Home Loan,5250790.0,180,9.79,31,Salaried,Post-Graduate,Married,65344.0,710,55752.6,0.853,1,Active
LN-106077,2023-04-04,North India,Personal Loan,336765.0,12,12.05,24,Salaried,High School,Married,30781.0,800,29929.04,0.972,0,Fully Paid
LN-106102,2023-04-04,West India,Business Loan,857607.0,84,13.64,31,Business Owner,High School,Divorced,42822.0,732,15901.5,0.371,4,Restructured
LN-106568,2023-04-04,West India,Personal Loan,302191.0,12,12.81,38,Self-Employed,Post-Graduate,Divorced,90515.0,610,26963.95,0.298,0,Fully Paid
LN-104921,2023-04-05,Central India,Education Loan,445837.0,84,16.57,33,Retired,Graduate,Married,34726.0,632,9000.59,0.259,3,Active
LN-106990,2023-04-05,West India,Education Loan,608068.0,36,8.62,49,Business Owner,Professional Degree,Married,227968.0,772,19229.04,0.084,0,Fully Paid
LN-105660,2023-04-06,North India,Business Loan,4959251.0,60,9.8,21,Salaried,Graduate,Divorced,65294.0,655,104882.06,1.606,7,Defaulted
LN-106925,2023-04-06,East India,Personal Loan,237253.0,12,9.84,29,Self-Employed,Professional Degree,Divorced,68486.0,800,20840.66,0.304,0,Fully Paid
LN-100797,2023-04-07,East India,Personal Loan,211325.0,24,10.39,48,Self-Employed,Professional Degree,Divorced,97646.0,715,9789.66,0.1,0,Fully Paid
LN-101467,2023-04-07,North India,Vehicle Loan,646102.0,60,12.73,63,Business Owner,High School,Married,46943.0,637,14611.66,0.311,3,Active
LN-104266,2023-04-07,East India,Agriculture Loan,201507.0,36,16.42,21,Self-Employed,High School,Divorced,32025.0,701,7126.24,0.223,0,Fully Paid
LN-104576,2023-04-07,West India,Agriculture Loan,989251.0,24,8.1,31,Retired,High School,Divorced,20038.0,591,44786.27,2.235,0,Fully Paid
LN-106551,2023-04-07,South India,Vehicle Loan,322441.0,60,8.34,45,Retired,High School,Divorced,22153.0,697,6590.53,0.298,0,Active
LN-105285,2023-04-08,West India,Personal Loan,301508.0,36,9.63,44,Salaried,Graduate,Single,50045.0,728,9676.52,0.193,0,Fully Paid
LN-101705,2023-04-09,East India,Vehicle Loan,463789.0,60,11.12,53,Salaried,High School,Single,32022.0,603,10111.67,0.316,3,Active
LN-102989,2023-04-09,South India,Gold Loan,759495.0,6,10.86,43,Salaried,Post-Graduate,Single,83088.0,765,130622.1,1.572,0,Fully Paid
LN-103249,2023-04-09,Central India,Vehicle Loan,389492.0,60,15.73,57,Salaried,Graduate,Divorced,54005.0,664,9415.9,0.174,1,Active
LN-105011,2023-04-09,West India,Education Loan,1789726.0,36,7.54,55,Salaried,Professional Degree,Married,134788.0,675,55704.49,0.413,0,Fully Paid
LN-105439,2023-04-09,East India,Gold Loan,571217.0,24,17.88,46,Salaried,Post-Graduate,Single,67635.0,849,28484.39,0.421,0,Fully Paid
LN-105939,2023-04-09,North India,Personal Loan,421785.0,12,11.66,43,Salaried,High School,Divorced,26759.0,692,37408.03,1.398,0,Fully Paid
LN-101846,2023-04-10,East India,Education Loan,500395.0,60,15.25,28,Retired,Graduate,Married,35586.0,602,11970.13,0.336,1,Active
LN-103390,2023-04-10,North India,Personal Loan,353242.0,36,10.2,28,Business Owner,Below High School,Single,25358.0,776,11431.32,0.451,1,Active
LN-105040,2023-04-10,West India,Home Loan,4573466.0,300,15.65,28,Salaried,Graduate,Divorced,50488.0,761,60894.1,1.206,0,Active
LN-105928,2023-04-10,North India,Home Loan,3274927.0,240,16.91,23,Unemployed,Below High School,Married,8594.0,494,47812.64,5.563,6,Defaulted
LN-106315,2023-04-11,East India,Home Loan,3024727.0,240,12.7,36,Retired,Professional Degree,Divorced,76842.0,673,34792.52,0.453,0,Active
LN-106742,2023-04-11,North India,Business Loan,4550202.0,60,10.24,27,Business Owner,Post-Graduate,Divorced,157144.0,675,97216.55,0.619,0,Active
LN-106968,2023-04-11,East India,Vehicle Loan,474885.0,60,8.75,31,Unemployed,Professional Degree,Married,39149.0,535,9800.31,0.25,2,Active
LN-101515,2023-04-12,South India,Home Loan,4104461.0,180,13.15,36,Salaried,Post-Graduate,Single,110451.0,708,52337.14,0.474,0,Active
LN-101782,2023-04-12,Central India,Personal Loan,88489.0,12,10.21,36,Salaried,Professional Degree,Single,114829.0,723,7788.23,0.068,0,Fully Paid
LN-101966,2023-04-12,North India,Personal Loan,176203.0,48,7.59,28,Self-Employed,Below High School,Married,17182.0,677,4267.8,0.248,1,Active
LN-104728,2023-04-12,East India,Education Loan,807195.0,120,14.85,46,Self-Employed,High School,Single,35840.0,599,12948.83,0.361,2,Restructured
LN-104990,2023-04-12,East India,Agriculture Loan,778559.0,12,8.77,40,Salaried,High School,Divorced,36111.0,761,68003.12,1.883,0,Active
LN-105504,2023-04-12,West India,Business Loan,634393.0,84,11.6,23,Salaried,Post-Graduate,Single,102066.0,703,11063.52,0.108,1,Active
LN-106135,2023-04-12,East India,Personal Loan,384253.0,24,13.4,45,Self-Employed,Professional Degree,Married,146186.0,657,18340.37,0.125,0,Fully Paid
LN-102666,2023-04-13,East India,Education Loan,1959533.0,60,14.92,26,Salaried,Graduate,Married,68025.0,723,46534.91,0.684,12,Defaulted
LN-103827,2023-04-13,Central India,Home Loan,3322003.0,240,12.25,30,Business Owner,Post-Graduate,Single,115446.0,681,37158.75,0.322,0,Active
LN-105541,2023-04-13,North India,Personal Loan,229262.0,36,14.23,23,Salaried,Graduate,Single,42601.0,813,7861.27,0.185,0,Fully Paid
LN-101827,2023-04-14,West India,Agriculture Loan,158508.0,12,8.25,21,Salaried,Post-Graduate,Divorced,96332.0,660,13806.69,0.143,0,Fully Paid
LN-103098,2023-04-14,South India,Home Loan,4836212.0,120,16.26,36,Salaried,High School,Divorced,20602.0,716,81798.24,3.97,5,Written Off
LN-104370,2023-04-14,East India,Home Loan,4730386.0,180,15.06,42,Retired,Graduate,Divorced,70922.0,768,66400.38,0.936,0,Active
LN-101382,2023-04-15,South India,Business Loan,4288397.0,24,12.09,42,Business Owner,Graduate,Married,57293.0,648,202050.02,3.527,7,Defaulted
LN-104322,2023-04-15,North India,Vehicle Loan,569527.0,48,9.67,28,Self-Employed,Graduate,Single,36173.0,612,14354.58,0.397,1,Active
LN-104816,2023-04-15,West India,Vehicle Loan,1162276.0,72,17.79,47,Salaried,Professional Degree,Married,85590.0,726,26371.15,0.308,8,Defaulted
LN-106287,2023-04-15,North India,Home Loan,5458976.0,240,17.54,38,Retired,Post-Graduate,Single,66700.0,623,82321.54,1.234,2,Active
LN-102754,2023-04-16,Central India,Personal Loan,345213.0,12,15.51,34,Salaried,Graduate,Single,66711.0,766,31241.48,0.468,0,Fully Paid
LN-104828,2023-04-16,Central India,Agriculture Loan,924237.0,24,13.76,60,Self-Employed,Graduate,Divorced,44322.0,611,44270.57,0.999,0,Fully Paid
LN-100406,2023-04-17,Central India,Business Loan,4079302.0,84,13.09,41,Salaried,Post-Graduate,Single,58731.0,726,74410.26,1.267,3,Defaulted
LN-101120,2023-04-17,Central India,Agriculture Loan,645879.0,12,8.35,40,Salaried,Graduate,Single,59130.0,695,56288.57,0.952,3,Restructured
LN-102791,2023-04-17,Central India,Vehicle Loan,739573.0,36,12.97,32,Self-Employed,Post-Graduate,Divorced,61569.0,669,24908.45,0.405,0,Fully Paid
LN-104163,2023-04-17,West India,Vehicle Loan,581090.0,60,8.8,27,Business Owner,Post-Graduate,Single,77655.0,760,12006.15,0.155,0,Active
LN-105695,2023-04-17,North India,Home Loan,2569565.0,180,10.07,28,Self-Employed,Graduate,Single,37083.0,663,27722.82,0.748,0,Active
LN-101230,2023-04-18,South India,Vehicle Loan,1159056.0,48,7.54,23,Salaried,High School,Divorced,34333.0,750,28046.34,0.817,1,Active
LN-102501,2023-04-18,East India,Vehicle Loan,878927.0,48,9.7,21,Self-Employed,Post-Graduate,Divorced,105922.0,659,22165.44,0.209,0,Active
LN-103111,2023-04-18,West India,Education Loan,1740458.0,36,16.23,45,Retired,Graduate,Divorced,49751.0,635,61387.15,1.234,9,Defaulted
LN-106858,2023-04-18,West India,Personal Loan,421167.0,24,9.42,36,Self-Employed,Graduate,Married,42980.0,717,19322.17,0.45,0,Fully Paid
LN-106906,2023-04-18,North India,Gold Loan,725257.0,12,11.33,26,Unemployed,Professional Degree,Divorced,24467.0,623,64211.11,2.624,9,Written Off
LN-100602,2023-04-19,North India,Vehicle Loan,884926.0,48,17.63,21,Self-Employed,Graduate,Divorced,63907.0,673,25823.92,0.404,0,Active
LN-101010,2023-04-19,Central India,Home Loan,3920126.0,180,13.21,40,Self-Employed,Professional Degree,Married,72465.0,707,50142.0,0.692,1,Active
LN-102050,2023-04-19,West India,Business Loan,2203360.0,60,8.9,48,Salaried,Professional Degree,Married,110782.0,631,45631.27,0.412,12,Defaulted
LN-102657,2023-04-19,Central India,Personal Loan,498546.0,48,7.89,33,Business Owner,Graduate,Divorced,111721.0,861,12145.24,0.109,1,Active
LN-103129,2023-04-19,West India,Home Loan,1986267.0,240,9.94,31,Salaried,Post-Graduate,Single,81802.0,621,19089.01,0.233,3,Active
LN-105406,2023-04-19,East India,Home Loan,2685829.0,180,10.71,35,Business Owner,Graduate,Single,51624.0,642,30039.75,0.582,1,Active
LN-101165,2023-04-20,West India,Home Loan,3822127.0,120,11.87,47,Self-Employed,Graduate,Married,39475.0,643,54549.57,1.382,6,Restructured
LN-106814,2023-04-20,North India,Personal Loan,480892.0,24,9.85,53,Salaried,Professional Degree,Divorced,119394.0,785,22157.45,0.186,0,Fully Paid
LN-100882,2023-04-21,West India,Vehicle Loan,1112122.0,60,12.0,21,Salaried,High School,Single,38166.0,780,24738.54,0.648,11,Defaulted
LN-101307,2023-04-21,South India,Personal Loan,329893.0,12,18.05,45,Salaried,Post-Graduate,Married,67560.0,752,30252.44,0.448,0,Fully Paid
LN-101633,2023-04-21,Central India,Personal Loan,133388.0,24,12.23,30,Salaried,High School,Divorced,39634.0,670,6293.37,0.159,0,Fully Paid
LN-102241,2023-04-21,Central India,Agriculture Loan,716241.0,12,14.12,36,Self-Employed,Graduate,Divorced,40395.0,611,64349.66,1.593,0,Fully Paid
LN-102324,2023-04-21,North India,Personal Loan,71398.0,24,16.74,38,Business Owner,High School,Divorced,25844.0,676,3521.17,0.136,0,Fully Paid
LN-103262,2023-04-21,Central India,Business Loan,4203253.0,60,12.75,32,Salaried,Below High School,Married,12935.0,706,95099.86,7.352,0,Active
LN-103414,2023-04-21,North India,Business Loan,4831938.0,36,15.9,51,Salaried,Graduate,Divorced,49036.0,646,169638.15,3.459,0,Fully Paid
LN-105510,2023-04-21,West India,Vehicle Loan,841845.0,48,13.32,34,Salaried,High School,Married,24937.0,687,22718.53,0.911,1,Active
LN-100108,2023-04-22,South India,Vehicle Loan,215379.0,36,17.24,47,Salaried,Professional Degree,Married,106463.0,728,7704.6,0.072,0,Fully Paid
LN-102495,2023-04-22,East India,Personal Loan,58024.0,12,16.45,36,Salaried,High School,Married,28031.0,731,5276.93,0.188,0,Fully Paid
LN-103371,2023-04-22,South India,Business Loan,1029424.0,24,10.61,31,Business Owner,Below High School,Married,26573.0,686,47793.05,1.799,0,Fully Paid
LN-104820,2023-04-22,North India,Home Loan,1908638.0,180,13.6,46,Business Owner,Below High School,Single,29105.0,642,24907.26,0.856,3,Active
LN-105118,2023-04-23,Central India,Home Loan,5188096.0,120,17.03,36,Unemployed,Professional Degree,Divorced,40351.0,560,90266.54,2.237,3,Written Off
LN-106241,2023-04-23,West India,Home Loan,4317751.0,240,16.41,30,Salaried,Graduate,Single,44123.0,722,61402.97,1.392,11,Defaulted
LN-106874,2023-04-23,Central India,Home Loan,1695198.0,180,13.37,35,Self-Employed,High School,Single,27758.0,727,21862.71,0.788,1,Active
LN-106898,2023-04-23,North India,Education Loan,1645396.0,84,11.56,40,Business Owner,Below High School,Single,25651.0,653,28659.99,1.117,0,Active
LN-100109,2023-04-24,North India,Business Loan,2116318.0,36,11.23,40,Salaried,Graduate,Married,44168.0,708,69516.27,1.574,0,Fully Paid
LN-102258,2023-04-24,South India,Personal Loan,365503.0,36,9.17,46,Salaried,High School,Single,30681.0,663,11651.84,0.38,0,Fully Paid
LN-104214,2023-04-24,Central India,Home Loan,2603969.0,180,16.83,37,Self-Employed,Post-Graduate,Divorced,96040.0,627,39761.88,0.414,3,Active
LN-106371,2023-04-24,West India,Personal Loan,394317.0,48,16.91,52,Retired,Below High School,Divorced,13404.0,614,11359.68,0.847,9,Defaulted
LN-101541,2023-04-25,West India,Education Loan,1345848.0,120,12.81,42,Business Owner,Graduate,Single,57187.0,605,19944.41,0.349,1,Active
LN-101822,2023-04-25,South India,Vehicle Loan,664000.0,36,16.87,52,Self-Employed,Graduate,Married,33468.0,566,23630.47,0.706,0,Fully Paid
LN-103695,2023-04-25,West India,Home Loan,2685577.0,240,11.5,35,Retired,Professional Degree,Single,106761.0,703,28639.79,0.268,0,Active
LN-106097,2023-04-25,North India,Business Loan,3371503.0,24,12.75,58,Salaried,Professional Degree,Divorced,86328.0,666,159891.78,1.852,0,Fully Paid
LN-101924,2023-04-26,East India,Personal Loan,273580.0,36,10.46,24,Business Owner,Graduate,Divorced,97540.0,706,8886.86,0.091,0,Fully Paid
LN-105901,2023-04-26,North India,Vehicle Loan,418458.0,72,7.85,32,Retired,High School,Married,33627.0,693,7306.31,0.217,0,Active
LN-103275,2023-04-27,West India,Vehicle Loan,728209.0,48,9.62,44,Self-Employed,Graduate,Married,60034.0,704,18336.65,0.305,0,Active
LN-103657,2023-04-27,West India,Gold Loan,332306.0,12,13.83,46,Self-Employed,Below High School,Married,27891.0,633,29810.22,1.069,0,Fully Paid
LN-102288,2023-04-28,West India,Vehicle Loan,473272.0,36,17.63,29,Salaried,High School,Divorced,20761.0,710,17022.2,0.82,0,Fully Paid
LN-103401,2023-04-28,North India,Gold Loan,503407.0,6,16.11,40,Self-Employed,Professional Degree,Married,112383.0,669,87887.28,0.782,0,Fully Paid
LN-101018,2023-04-29,West India,Education Loan,1422114.0,36,9.54,30,Retired,Graduate,Married,45625.0,649,45581.1,0.999,0,Fully Paid
LN-101163,2023-04-29,West India,Home Loan,3493534.0,240,8.35,34,Salaried,Post-Graduate,Single,67953.0,733,29986.85,0.441,1,Active
LN-101436,2023-04-29,South India,Vehicle Loan,670393.0,48,13.91,54,Business Owner,Graduate,Married,98220.0,720,18289.23,0.186,1,Active
LN-103267,2023-04-29,East India,Personal Loan,461771.0,12,11.44,38,Salaried,Professional Degree,Divorced,97985.0,698,40906.92,0.417,0,Active
LN-106591,2023-04-29,Central India,Home Loan,1575842.0,120,17.58,33,Self-Employed,Graduate,Married,35182.0,703,27969.64,0.795,1,Active
LN-104882,2023-04-30,Central India,Gold Loan,410285.0,12,10.25,44,Business Owner,Graduate,Married,45049.0,663,36118.29,0.802,0,Active
LN-105997,2023-04-30,West India,Personal Loan,207531.0,36,9.72,45,Self-Employed,Post-Graduate,Single,65339.0,699,6669.19,0.102,0,Fully Paid
LN-102356,2023-05-01,Central India,Business Loan,3852305.0,24,8.44,41,Self-Employed,Professional Degree,Married,75733.0,580,175003.41,2.311,0,Fully Paid
LN-103522,2023-05-01,North India,Personal Loan,82632.0,48,8.01,41,Salaried,Below High School,Single,20467.0,630,2017.68,0.099,6,Defaulted
LN-105315,2023-05-01,Central India,Home Loan,2627360.0,300,11.33,38,Retired,Graduate,Divorced,62644.0,716,26380.32,0.421,5,Defaulted
LN-106400,2023-05-01,Central India,Education Loan,1810084.0,36,11.29,31,Retired,High School,Single,33704.0,636,59508.72,1.766,0,Fully Paid
LN-101133,2023-05-02,North India,Personal Loan,263399.0,48,14.73,46,Unemployed,Graduate,Divorced,13664.0,579,7294.59,0.534,5,Restructured
LN-103012,2023-05-02,South India,Vehicle Loan,594750.0,36,11.92,26,Salaried,Professional Degree,Divorced,75664.0,763,19731.49,0.261,0,Fully Paid
LN-106353,2023-05-02,West India,Vehicle Loan,250718.0,60,10.31,23,Salaried,High School,Single,33302.0,656,5365.34,0.161,1,Active
LN-101683,2023-05-03,South India,Vehicle Loan,575757.0,60,11.0,40,Unemployed,High School,Single,9977.0,652,12518.35,1.255,4,Written Off
LN-101965,2023-05-03,Central India,Home Loan,4607319.0,120,17.7,32,Salaried,Graduate,Single,50838.0,535,82129.29,1.616,0,Active
LN-102444,2023-05-03,East India,Home Loan,3585088.0,180,17.13,26,Self-Employed,Graduate,Single,53517.0,615,55505.31,1.037,7,Defaulted
LN-104308,2023-05-03,Central India,Vehicle Loan,1169481.0,48,16.67,28,Retired,Post-Graduate,Single,111686.0,728,33546.09,0.3,0,Active
LN-100816,2023-05-04,North India,Business Loan,3465914.0,60,8.3,26,Self-Employed,Graduate,Single,64153.0,659,70774.91,1.103,1,Active
LN-104750,2023-05-04,Central India,Home Loan,2424309.0,120,14.29,33,Salaried,Graduate,Married,33724.0,673,38065.25,1.129,0,Active
LN-106899,2023-05-04,Central India,Vehicle Loan,1025579.0,60,13.94,45,Retired,High School,Married,18898.0,795,23831.54,1.261,5,Defaulted
LN-104935,2023-05-05,North India,Business Loan,1396696.0,24,11.12,28,Salaried,Professional Degree,Divorced,109449.0,708,65174.82,0.595,0,Active
LN-105748,2023-05-05,East India,Education Loan,1855862.0,84,7.91,29,Business Owner,Post-Graduate,Single,154935.0,720,28842.72,0.186,1,Active
LN-106827,2023-05-05,South India,Home Loan,3862912.0,120,8.64,28,Salaried,Graduate,Single,62230.0,779,48184.3,0.774,1,Active
LN-101059,2023-05-06,North India,Personal Loan,401381.0,36,14.26,31,Business Owner,High School,Single,55762.0,673,13768.99,0.247,0,Fully Paid
LN-106070,2023-05-06,North India,Personal Loan,181010.0,12,14.56,33,Business Owner,Graduate,Divorced,103122.0,706,16300.1,0.158,0,Fully Paid
LN-101540,2023-05-07,Central India,Vehicle Loan,842300.0,60,11.56,53,Salaried,Graduate,Married,55679.0,648,18549.75,0.333,0,Active
LN-102987,2023-05-07,West India,Personal Loan,179860.0,24,12.54,30,Salaried,High School,Divorced,17696.0,634,8512.06,0.481,1,Active
LN-103093,2023-05-07,South India,Personal Loan,60520.0,24,14.29,41,Salaried,Graduate,Married,36737.0,646,2914.04,0.079,0,Fully Paid
LN-103781,2023-05-07,West India,Gold Loan,508936.0,6,9.03,44,Business Owner,High School,Married,26471.0,780,87070.64,3.289,0,Fully Paid
LN-103374,2023-05-08,Central India,Home Loan,5214443.0,240,9.75,25,Salaried,Professional Degree,Divorced,95754.0,732,49459.87,0.517,1,Active
LN-104718,2023-05-08,Central India,Gold Loan,764902.0,24,8.77,41,Self-Employed,Post-Graduate,Married,57726.0,604,34863.69,0.604,1,Active
LN-105714,2023-05-08,East India,Agriculture Loan,235891.0,36,16.16,30,Unemployed,Post-Graduate,Divorced,25940.0,595,8311.87,0.32,1,Active
LN-105776,2023-05-08,South India,Personal Loan,436258.0,24,18.1,39,Salaried,Professional Degree,Single,129598.0,597,21800.87,0.168,0,Fully Paid
LN-100500,2023-05-09,South India,Business Loan,4133079.0,60,14.05,33,Salaried,High School,Single,17769.0,559,96276.69,5.418,3,Restructured
LN-100517,2023-05-09,East India,Gold Loan,404591.0,6,8.22,40,Salaried,Professional Degree,Single,91578.0,677,69057.71,0.754,0,Fully Paid
LN-101887,2023-05-09,East India,Home Loan,2678590.0,180,15.38,43,Salaried,Post-Graduate,Single,72253.0,705,38188.8,0.529,1,Active
LN-102547,2023-05-09,Central India,Gold Loan,362033.0,24,15.01,30,Salaried,Professional Degree,Divorced,79057.0,871,17555.49,0.222,0,Fully Paid
LN-104784,2023-05-09,Central India,Vehicle Loan,523640.0,48,12.3,32,Retired,High School,Married,22558.0,629,13866.71,0.615,0,Active
LN-105425,2023-05-09,Central India,Home Loan,2020154.0,300,16.5,28,Salaried,High School,Married,34032.0,814,28246.7,0.83,1,Active
LN-105891,2023-05-09,North India,Education Loan,1143102.0,120,15.97,47,Salaried,Professional Degree,Married,112190.0,819,19127.09,0.17,0,Active
LN-106185,2023-05-09,North India,Home Loan,2429645.0,120,14.9,31,Business Owner,Professional Degree,Single,186831.0,792,39050.01,0.209,1,Active
LN-106785,2023-05-09,East India,Home Loan,2588753.0,300,18.39,47,Business Owner,Graduate,Single,48436.0,728,40090.97,0.828,0,Active
LN-103016,2023-05-10,East India,Vehicle Loan,1065675.0,36,11.16,44,Self-Employed,Graduate,Divorced,55177.0,625,34969.63,0.634,0,Fully Paid
LN-104530,2023-05-10,North India,Education Loan,1102958.0,36,17.68,45,Self-Employed,Professional Degree,Married,96665.0,625,39697.74,0.411,10,Defaulted
LN-104574,2023-05-10,North India,Vehicle Loan,691164.0,48,14.27,40,Retired,High School,Single,19937.0,598,18980.82,0.952,0,Active
LN-104683,2023-05-10,North India,Vehicle Loan,959303.0,48,15.03,26,Business Owner,Professional Degree,Married,186833.0,786,26712.71,0.143,0,Active
LN-105889,2023-05-10,North India,Personal Loan,293397.0,36,14.47,21,Self-Employed,High School,Divorced,34838.0,636,10094.72,0.29,3,Active
LN-106597,2023-05-10,East India,Business Loan,3978902.0,84,15.15,22,Business Owner,High School,Single,25312.0,598,77115.13,3.047,1,Active
LN-100535,2023-05-11,South India,Business Loan,1120069.0,24,12.11,38,Retired,Graduate,Divorced,62782.0,776,52783.09,0.841,0,Fully Paid
LN-101896,2023-05-11,South India,Personal Loan,73598.0,12,10.44,31,Salaried,Graduate,Divorced,70947.0,670,6485.5,0.091,0,Fully Paid
LN-104628,2023-05-11,Central India,Home Loan,5301642.0,180,13.99,38,Salaried,Professional Degree,Divorced,76092.0,699,70568.54,0.927,2,Restructured
LN-106533,2023-05-12,Central India,Agriculture Loan,306884.0,24,14.26,29,Self-Employed,Graduate,Married,40315.0,701,14772.11,0.366,1,Active
LN-104311,2023-05-13,East India,Business Loan,2996933.0,36,16.6,25,Salaried,Graduate,Married,56536.0,654,106253.18,1.879,0,Fully Paid
LN-100318,2023-05-14,East India,Home Loan,5631576.0,300,9.85,33,Salaried,Professional Degree,Divorced,108771.0,681,50579.9,0.465,1,Active
LN-100993,2023-05-14,North India,Personal Loan,203544.0,36,13.72,28,Salaried,Post-Graduate,Divorced,63305.0,653,6929.0,0.109,0,Fully Paid
LN-105057,2023-05-14,North India,Vehicle Loan,527266.0,60,16.83,47,Salaried,Graduate,Single,34320.0,718,13055.77,0.38,1,Active
LN-101072,2023-05-15,South India,Business Loan,4045745.0,84,18.11,44,Business Owner,Professional Degree,Single,185869.0,697,85293.86,0.459,1,Active
LN-103500,2023-05-15,South India,Home Loan,1920511.0,300,17.53,36,Self-Employed,Professional Degree,Single,77720.0,587,28422.01,0.366,5,Defaulted
LN-100978,2023-05-16,Central India,Personal Loan,287514.0,12,15.65,32,Self-Employed,High School,Married,39314.0,589,26038.8,0.662,0,Active
LN-102180,2023-05-16,Central India,Vehicle Loan,411859.0,72,12.07,40,Salaried,High School,Married,23612.0,666,8066.92,0.342,1,Active
LN-102576,2023-05-16,North India,Personal Loan,441457.0,48,15.62,41,Retired,Professional Degree,Divorced,75018.0,712,12425.27,0.166,1,Active
LN-102583,2023-05-16,South India,Gold Loan,747143.0,12,13.79,33,Business Owner,Post-Graduate,Married,150794.0,690,67010.01,0.444,0,Fully Paid
LN-100832,2023-05-17,West India,Vehicle Loan,960873.0,48,14.63,49,Salaried,Post-Graduate,Married,57564.0,615,26561.94,0.461,11,Written Off
LN-102479,2023-05-17,West India,Business Loan,3298829.0,60,10.34,37,Retired,Graduate,Divorced,32324.0,707,70643.52,2.185,3,Defaulted
LN-103551,2023-05-17,North India,Vehicle Loan,427700.0,60,11.35,26,Salaried,Professional Degree,Single,99467.0,674,9374.06,0.094,1,Active
LN-104414,2023-05-17,South India,Personal Loan,268378.0,48,13.42,29,Salaried,Professional Degree,Single,119325.0,729,7255.98,0.061,1,Active
LN-104618,2023-05-17,South India,Personal Loan,112998.0,48,11.75,26,Self-Employed,Professional Degree,Divorced,89058.0,603,2961.82,0.033,4,Written Off
LN-104978,2023-05-17,West India,Gold Loan,704797.0,12,12.81,51,Salaried,Professional Degree,Married,73160.0,656,62887.74,0.86,0,Fully Paid
LN-106325,2023-05-17,East India,Home Loan,2904632.0,300,8.02,48,Self-Employed,Graduate,Married,50979.0,728,22456.92,0.441,1,Active
LN-103659,2023-05-18,North India,Gold Loan,351789.0,6,15.75,38,Retired,Below High School,Divorced,19015.0,597,61354.15,3.227,5,Written Off
LN-105519,2023-05-18,South India,Home Loan,2912840.0,240,13.07,38,Self-Employed,Professional Degree,Single,126902.0,659,34271.49,0.27,1,Active
LN-100479,2023-05-19,West India,Business Loan,4752998.0,84,18.29,31,Retired,Post-Graduate,Divorced,86274.0,715,100707.27,1.167,0,Active
LN-102364,2023-05-19,North India,Home Loan,4766492.0,240,7.67,21,Business Owner,Post-Graduate,Divorced,82679.0,778,38895.52,0.47,0,Active
LN-103570,2023-05-19,South India,Vehicle Loan,866194.0,36,9.16,35,Salaried,High School,Married,26415.0,738,27609.28,1.045,0,Fully Paid
LN-106370,2023-05-19,South India,Home Loan,4149104.0,300,10.31,38,Self-Employed,Graduate,Divorced,68277.0,648,38613.41,0.566,3,Active
LN-101406,2023-05-20,West India,Vehicle Loan,751406.0,72,12.79,32,Retired,Graduate,Divorced,63150.0,616,15000.65,0.238,1,Active
LN-104219,2023-05-20,Central India,Personal Loan,330964.0,48,8.61,23,Salaried,Post-Graduate,Married,78485.0,777,8174.9,0.104,0,Active
LN-100632,2023-05-21,Central India,Home Loan,4984023.0,180,12.7,21,Retired,Graduate,Single,38349.0,607,62079.33,1.619,6,Defaulted
LN-103209,2023-05-21,East India,Business Loan,2332715.0,36,9.18,26,Salaried,Post-Graduate,Married,104021.0,701,74375.29,0.715,0,Fully Paid
LN-103618,2023-05-21,Central India,Vehicle Loan,366373.0,72,9.43,32,Salaried,High School,Married,26246.0,834,6682.53,0.255,1,Active
LN-104124,2023-05-21,South India,Personal Loan,403252.0,48,18.42,37,Self-Employed,High School,Divorced,22347.0,614,11934.21,0.534,6,Restructured
LN-106993,2023-05-21,East India,Home Loan,2526414.0,180,7.5,47,Salaried,High School,Single,38637.0,754,23420.17,0.606,1,Active
LN-104906,2023-05-22,West India,Home Loan,3087200.0,180,18.32,45,Self-Employed,Post-Graduate,Divorced,60050.0,672,50429.33,0.84,8,Written Off
LN-100971,2023-05-23,Central India,Home Loan,4417522.0,240,17.28,58,Self-Employed,Graduate,Divorced,41189.0,522,65738.51,1.596,9,Defaulted
LN-103694,2023-05-23,Central India,Education Loan,796845.0,36,16.75,37,Business Owner,Graduate,Single,74052.0,785,28310.65,0.382,0,Fully Paid
LN-103775,2023-05-23,West India,Business Loan,709455.0,24,13.05,50,Salaried,High School,Single,26248.0,685,33745.45,1.286,0,Fully Paid
LN-100178,2023-05-24,South India,Personal Loan,231511.0,36,13.86,28,Salaried,Post-Graduate,Single,52348.0,636,7896.76,0.151,0,Fully Paid
LN-101592,2023-05-24,Central India,Vehicle Loan,277870.0,48,8.97,57,Retired,Post-Graduate,Married,77531.0,646,6910.85,0.089,0,Active
LN-102565,2023-05-24,East India,Personal Loan,348321.0,24,9.42,46,Salaried,Graduate,Divorced,59486.0,619,15980.16,0.269,3,Active
LN-103152,2023-05-24,West India,Vehicle Loan,397059.0,60,8.27,21,Self-Employed,Below High School,Married,26101.0,558,8102.33,0.31,0,Active
LN-103739,2023-05-24,Central India,Education Loan,568101.0,36,17.27,49,Salaried,Post-Graduate,Single,69434.0,611,20330.77,0.293,0,Fully Paid
LN-104421,2023-05-24,West India,Personal Loan,452490.0,48,16.43,49,Salaried,Post-Graduate,Divorced,87851.0,734,12923.56,0.147,1,Active
LN-102621,2023-05-25,Central India,Vehicle Loan,1093365.0,72,15.2,44,Retired,Post-Graduate,Married,104708.0,659,23238.14,0.222,0,Active
LN-103345,2023-05-25,West India,Gold Loan,114631.0,24,18.17,46,Salaried,Below High School,Single,24769.0,785,5732.27,0.231,0,Fully Paid
LN-106570,2023-05-25,South India,Home Loan,2668788.0,300,13.04,44,Salaried,Post-Graduate,Divorced,102308.0,725,30179.94,0.295,0,Active
LN-103076,2023-05-26,West India,Gold Loan,566789.0,24,12.75,26,Self-Employed,Graduate,Married,40895.0,711,26879.67,0.657,0,Fully Paid
LN-103268,2023-05-26,South India,Personal Loan,417069.0,48,10.2,48,Salaried,Graduate,Single,36838.0,714,10618.05,0.288,0,Active
LN-103960,2023-05-26,West India,Education Loan,1830406.0,36,12.96,36,Salaried,Graduate,Married,64156.0,576,61638.35,0.961,9,Defaulted
LN-105353,2023-05-26,North India,Personal Loan,261793.0,36,9.65,37,Salaried,High School,Married,34933.0,623,8404.37,0.241,0,Fully Paid
LN-101626,2023-05-27,South India,Business Loan,3831869.0,84,13.07,46,Self-Employed,High School,Married,27060.0,721,69855.13,2.581,9,Written Off
LN-102949,2023-05-27,North India,Education Loan,624790.0,36,8.19,21,Salaried,Graduate,Married,53956.0,740,19633.46,0.364,0,Fully Paid
LN-103266,2023-05-27,East India,Vehicle Loan,627225.0,48,12.29,45,Retired,High School,Divorced,20559.0,758,16606.69,0.808,12,Defaulted
LN-105272,2023-05-27,Central India,Personal Loan,108477.0,12,11.64,30,Business Owner,Post-Graduate,Married,111253.0,861,9619.79,0.086,0,Fully Paid
LN-106167,2023-05-27,Central India,Vehicle Loan,1017987.0,48,12.06,55,Retired,Graduate,Single,71148.0,731,26837.5,0.377,0,Active
LN-106234,2023-05-27,South India,Education Loan,581611.0,36,7.85,42,Salaried,Below High School,Divorced,28048.0,704,18185.36,0.648,0,Fully Paid
LN-100731,2023-05-28,Central India,Vehicle Loan,1033753.0,60,10.14,29,Business Owner,Professional Degree,Married,133520.0,704,22035.47,0.165,0,Active
LN-101681,2023-05-28,East India,Business Loan,3907831.0,24,16.88,47,Salaried,Post-Graduate,Divorced,78728.0,733,192986.76,2.451,0,Fully Paid
LN-103966,2023-05-28,West India,Vehicle Loan,633271.0,72,16.52,40,Unemployed,Professional Degree,Divorced,36270.0,655,13918.76,0.384,5,Restructured
LN-105814,2023-05-28,South India,Vehicle Loan,345347.0,36,11.07,39,Unemployed,Post-Graduate,Married,28046.0,475,11317.67,0.404,3,Written Off
LN-102378,2023-05-29,Central India,Education Loan,772448.0,36,12.92,28,Salaried,Professional Degree,Single,75240.0,690,25997.07,0.346,0,Fully Paid
LN-102682,2023-05-29,North India,Personal Loan,230043.0,48,16.49,37,Business Owner,Post-Graduate,Single,96857.0,744,6577.36,0.068,1,Active
LN-106159,2023-05-29,East India,Personal Loan,250188.0,24,13.12,43,Self-Employed,Professional Degree,Married,104697.0,627,11908.5,0.114,0,Fully Paid
LN-101576,2023-05-30,Central India,Agriculture Loan,749477.0,12,15.52,45,Retired,High School,Single,32423.0,756,67830.57,2.092,0,Fully Paid
LN-101577,2023-05-30,West India,Gold Loan,241392.0,6,16.26,24,Unemployed,Graduate,Married,18939.0,527,42161.4,2.226,6,Restructured
LN-102116,2023-05-30,Central India,Personal Loan,111150.0,24,15.87,45,Salaried,Graduate,Single,34671.0,705,5435.35,0.157,0,Fully Paid
LN-102811,2023-05-30,North India,Education Loan,601849.0,60,15.21,39,Unemployed,Graduate,Single,9046.0,559,14384.37,1.59,3,Written Off
LN-105188,2023-05-30,North India,Personal Loan,362062.0,36,8.95,65,Salaried,Graduate,Married,63785.0,698,11505.05,0.18,0,Fully Paid
LN-105248,2023-05-30,West India,Home Loan,2072597.0,180,11.5,21,Self-Employed,Graduate,Married,49054.0,622,24211.87,0.494,0,Active
LN-106483,2023-05-30,South India,Education Loan,218830.0,120,16.32,29,Self-Employed,Post-Graduate,Divorced,71652.0,686,3709.45,0.052,6,Defaulted
LN-102142,2023-05-31,North India,Home Loan,2326476.0,240,15.3,39,Business Owner,Professional Degree,Single,127074.0,616,31151.73,0.245,1,Active
LN-103490,2023-05-31,South India,Home Loan,4596365.0,180,17.43,43,Salaried,Professional Degree,Married,139440.0,655,72143.69,0.517,6,Restructured
LN-104363,2023-05-31,North India,Home Loan,2275246.0,300,11.05,21,Self-Employed,Post-Graduate,Single,71513.0,693,22382.28,0.313,0,Active
LN-106471,2023-05-31,West India,Education Loan,329067.0,60,11.78,33,Self-Employed,Graduate,Single,42007.0,648,7283.38,0.173,3,Active
LN-100683,2023-06-01,West India,Agriculture Loan,882821.0,36,17.95,47,Salaried,High School,Married,17875.0,747,31893.96,1.784,0,Fully Paid
LN-104791,2023-06-01,Central India,Business Loan,3023792.0,24,9.74,39,Salaried,Graduate,Married,65144.0,821,139170.07,2.136,0,Fully Paid
LN-105432,2023-06-01,North India,Vehicle Loan,1183509.0,48,13.71,46,Salaried,Post-Graduate,Divorced,64279.0,742,32169.23,0.5,0,Active
LN-101392,2023-06-02,East India,Personal Loan,439996.0,12,11.18,35,Salaried,Graduate,Married,55164.0,674,38924.53,0.706,0,Fully Paid
LN-103216,2023-06-02,Central India,Home Loan,2397269.0,180,7.73,54,Retired,Professional Degree,Married,112919.0,700,22537.46,0.2,0,Active
LN-104428,2023-06-02,Central India,Home Loan,3577359.0,240,16.41,21,Business Owner,Professional Degree,Divorced,153823.0,773,50873.81,0.331,0,Active
LN-100291,2023-06-03,Central India,Personal Loan,332613.0,36,9.51,29,Salaried,Professional Degree,Divorced,79210.0,657,10656.13,0.135,0,Active
LN-102206,2023-06-04,East India,Education Loan,1642504.0,36,17.49,54,Business Owner,Post-Graduate,Single,93359.0,688,58961.08,0.632,0,Fully Paid
LN-103801,2023-06-04,East India,Home Loan,1963727.0,300,15.65,37,Self-Employed,Graduate,Single,54256.0,664,26146.34,0.482,1,Active
LN-104751,2023-06-04,North India,Vehicle Loan,914504.0,60,15.42,46,Retired,Post-Graduate,Divorced,65261.0,782,21958.12,0.336,0,Active
LN-100414,2023-06-05,South India,Agriculture Loan,826580.0,24,11.04,43,Self-Employed,Professional Degree,Divorced,115003.0,736,38540.46,0.335,0,Fully Paid
LN-100728,2023-06-05,East India,Home Loan,4212897.0,180,7.98,48,Business Owner,Graduate,Divorced,95066.0,733,40212.01,0.423,0,Active
LN-101881,2023-06-05,Central India,Business Loan,1762911.0,84,8.41,36,Self-Employed,Below High School,Married,13424.0,648,27838.59,2.074,1,Active
LN-102058,2023-06-05,Central India,Vehicle Loan,597172.0,72,16.41,27,Salaried,Professional Degree,Married,107919.0,743,13088.94,0.121,0,Active
LN-103177,2023-06-05,Central India,Home Loan,2778115.0,180,8.61,53,Salaried,Post-Graduate,Married,51698.0,765,27536.62,0.533,5,Restructured
LN-104563,2023-06-05,East India,Home Loan,1774296.0,180,11.91,62,Salaried,High School,Single,23531.0,636,21191.91,0.901,0,Active
LN-106862,2023-06-05,Central India,Business Loan,4600863.0,84,12.96,39,Salaried,Professional Degree,Single,134866.0,601,83598.71,0.62,2,Active
LN-102943,2023-06-07,Central India,Home Loan,5850332.0,120,16.83,33,Self-Employed,Below High School,Divorced,15809.0,601,101048.06,6.392,0,Active
LN-103352,2023-06-07,East India,Vehicle Loan,908853.0,36,11.83,42,Salaried,High School,Married,34973.0,726,30113.18,0.861,0,Fully Paid
LN-105879,2023-06-07,Central India,Personal Loan,100205.0,48,12.3,43,Unemployed,Professional Degree,Divorced,34097.0,434,2653.57,0.078,3,Active
LN-105913,2023-06-07,North India,Vehicle Loan,1182805.0,60,14.57,49,Salaried,High School,Married,34861.0,810,27872.58,0.8,1,Active
LN-101349,2023-06-08,South India,Personal Loan,359564.0,48,17.18,44,Business Owner,Post-Graduate,Married,134856.0,704,10408.75,0.077,0,Active
LN-103340,2023-06-08,South India,Business Loan,815247.0,84,10.34,34,Salaried,Professional Degree,Married,148184.0,661,13677.72,0.092,1,Active
LN-106677,2023-06-08,Central India,Education Loan,1792630.0,84,10.77,23,Salaried,Graduate,Divorced,61994.0,622,30477.84,0.492,3,Active
LN-106984,2023-06-08,South India,Vehicle Loan,671853.0,36,9.73,41,Salaried,Graduate,Divorced,42380.0,599,21593.74,0.51,0,Fully Paid
LN-102900,2023-06-09,West India,Education Loan,319767.0,84,10.04,52,Salaried,High School,Single,33127.0,666,5315.12,0.16,0,Active
LN-103938,2023-06-09,Central India,Home Loan,1905777.0,300,8.14,59,Self-Employed,Post-Graduate,Married,91161.0,740,14886.28,0.163,0,Active
LN-100970,2023-06-10,East India,Home Loan,4100403.0,120,15.57,42,Salaried,Professional Degree,Single,136261.0,834,67592.39,0.496,0,Active
LN-102321,2023-06-10,Central India,Business Loan,1720320.0,24,13.92,60,Salaried,Post-Graduate,Single,62536.0,871,82532.52,1.32,0,Fully Paid
LN-104802,2023-06-10,Central India,Personal Loan,183502.0,12,12.93,44,Salaried,Post-Graduate,Married,108384.0,724,16383.87,0.151,0,Fully Paid
LN-101105,2023-06-11,Central India,Home Loan,1633049.0,240,8.07,70,Self-Employed,Graduate,Divorced,37095.0,579,13730.71,0.37,1,Active
LN-104268,2023-06-11,North India,Home Loan,3155038.0,180,12.63,48,Salaried,Graduate,Divorced,56747.0,698,39153.85,0.69,0,Active
LN-106293,2023-06-11,Central India,Gold Loan,630736.0,12,16.04,63,Self-Employed,Post-Graduate,Divorced,72620.0,717,57239.16,0.788,1,Active
LN-101129,2023-06-12,North India,Home Loan,5981012.0,300,10.17,56,Self-Employed,Graduate,Single,42973.0,646,55067.9,1.281,3,Active
LN-101293,2023-06-12,North India,Agriculture Loan,759311.0,12,12.23,30,Business Owner,Professional Degree,Married,148758.0,645,67545.59,0.454,0,Fully Paid
LN-102971,2023-06-12,Central India,Vehicle Loan,925328.0,72,15.94,33,Salaried,Graduate,Married,61862.0,727,20041.51,0.324,0,Active
LN-104850,2023-06-12,East India,Gold Loan,552896.0,6,13.98,51,Self-Employed,High School,Married,31488.0,700,95942.99,3.047,1,Active
LN-105719,2023-06-12,South India,Gold Loan,763198.0,6,18.28,31,Business Owner,Professional Degree,Divorced,220048.0,799,134066.96,0.609,0,Active
LN-100664,2023-06-13,Central India,Home Loan,1796548.0,240,17.49,23,Salaried,Professional Degree,Divorced,131853.0,756,27023.26,0.205,1,Active
LN-102071,2023-06-13,Central India,Personal Loan,272288.0,12,13.78,27,Retired,Graduate,Single,36395.0,671,24419.78,0.671,1,Active
LN-103771,2023-06-13,Central India,Home Loan,2648524.0,240,14.32,42,Self-Employed,Post-Graduate,Single,65056.0,710,33552.27,0.516,6,Defaulted
LN-100192,2023-06-14,North India,Personal Loan,113102.0,36,16.09,35,Business Owner,High School,Divorced,51530.0,551,3981.36,0.077,2,Restructured
LN-100244,2023-06-14,Central India,Personal Loan,410450.0,24,16.87,27,Business Owner,Post-Graduate,Single,123839.0,776,20267.95,0.164,0,Fully Paid
LN-100287,2023-06-14,Central India,Personal Loan,217396.0,24,9.02,45,Retired,Graduate,Married,55083.0,626,9933.68,0.18,0,Fully Paid
LN-102626,2023-06-14,West India,Gold Loan,331680.0,6,18.47,21,Salaried,High School,Divorced,20401.0,658,58295.88,2.858,1,Active
LN-104229,2023-06-14,East India,Education Loan,420532.0,36,13.69,43,Retired,High School,Single,34526.0,605,14309.55,0.414,0,Fully Paid
LN-106524,2023-06-14,North India,Personal Loan,204514.0,24,11.56,37,Self-Employed,Professional Degree,Married,67705.0,694,9585.21,0.142,0,Fully Paid
LN-106678,2023-06-14,North India,Home Loan,2417176.0,180,12.86,29,Business Owner,Post-Graduate,Married,127300.0,790,30360.8,0.238,1,Active
LN-103864,2023-06-15,East India,Business Loan,2049654.0,84,12.61,21,Self-Employed,Graduate,Single,62533.0,663,36854.03,0.589,0,Active
LN-104649,2023-06-15,South India,Vehicle Loan,599443.0,72,15.77,36,Salaried,Post-Graduate,Divorced,111848.0,725,12927.23,0.116,1,Active
LN-105711,2023-06-15,North India,Home Loan,2642053.0,120,16.13,48,Self-Employed,Post-Graduate,Divorced,70913.0,550,44472.14,0.627,1,Active
LN-103599,2023-06-16,West India,Gold Loan,641964.0,6,14.46,48,Salaried,Post-Graduate,Single,79552.0,756,111551.51,1.402,1,Active
LN-104005,2023-06-16,East India,Agriculture Loan,257756.0,12,10.99,39,Retired,High School,Married,24476.0,571,22779.7,0.931,0,Fully Paid
LN-104733,2023-06-16,South India,Vehicle Loan,389725.0,48,18.13,34,Retired,Professional Degree,Divorced,143074.0,694,11474.66,0.08,0,Active
LN-100444,2023-06-17,East India,Home Loan,4277963.0,240,14.54,44,Self-Employed,Graduate,Single,61301.0,696,54883.26,0.895,0,Active
LN-100725,2023-06-17,South India,Business Loan,3905264.0,36,12.09,26,Self-Employed,Post-Graduate,Married,49010.0,586,129878.58,2.65,0,Fully Paid
LN-102561,2023-06-17,Central India,Home Loan,4554707.0,240,10.84,40,Business Owner,Post-Graduate,Divorced,73784.0,673,46518.21,0.63,5,Written Off
LN-105718,2023-06-17,North India,Home Loan,5319988.0,240,16.69,57,Salaried,High School,Divorced,33528.0,767,76781.97,2.29,1,Active
LN-100338,2023-06-18,North India,Vehicle Loan,607979.0,72,11.31,21,Self-Employed,Professional Degree,Married,88083.0,626,11669.08,0.132,1,Active
LN-102688,2023-06-18,East India,Personal Loan,448941.0,12,15.54,45,Salaried,Below High School,Single,15264.0,626,40635.14,2.662,3,Active
LN-103891,2023-06-18,East India,Vehicle Loan,980946.0,72,10.72,41,Self-Employed,High School,Divorced,27226.0,692,18531.03,0.681,5,Defaulted
LN-104095,2023-06-18,West India,Education Loan,1765187.0,120,12.14,40,Self-Employed,Professional Degree,Divorced,128176.0,624,25468.37,0.199,2,Active
LN-105320,2023-06-18,Central India,Personal Loan,251990.0,12,12.74,35,Business Owner,High School,Divorced,34529.0,707,22476.33,0.651,0,Fully Paid
LN-104798,2023-06-19,North India,Home Loan,4019577.0,120,17.81,29,Self-Employed,Professional Degree,Married,148417.0,705,71935.88,0.485,1,Active
LN-106265,2023-06-19,South India,Education Loan,645782.0,36,9.72,52,Retired,Graduate,Divorced,59923.0,598,20752.78,0.346,0,Fully Paid
LN-102566,2023-06-20,East India,Personal Loan,221918.0,24,14.41,21,Business Owner,Professional Degree,Divorced,231463.0,700,10697.96,0.046,0,Fully Paid
LN-103533,2023-06-20,West India,Gold Loan,418624.0,24,12.39,31,Salaried,Professional Degree,Single,87892.0,737,19782.41,0.225,0,Fully Paid
LN-106845,2023-06-20,North India,Personal Loan,338433.0,12,11.11,21,Salaried,Graduate,Divorced,34280.0,778,29928.64,0.873,0,Fully Paid
LN-100150,2023-06-21,North India,Gold Loan,69352.0,12,18.36,28,Salaried,Graduate,Single,59094.0,773,6370.08,0.108,0,Fully Paid
LN-100476,2023-06-21,Central India,Home Loan,2129177.0,300,15.93,31,Salaried,High School,Married,30922.0,638,28816.19,0.932,7,Defaulted
LN-102133,2023-06-21,Central India,Home Loan,4015028.0,120,10.91,47,Retired,High School,Married,24362.0,681,55102.67,2.262,5,Defaulted
LN-103708,2023-06-21,East India,Vehicle Loan,837428.0,72,17.39,46,Retired,Graduate,Single,54765.0,675,18812.24,0.344,1,Active
LN-105015,2023-06-21,Central India,Vehicle Loan,519778.0,60,16.57,31,Salaried,High School,Married,19701.0,703,12797.95,0.65,1,Active
LN-101264,2023-06-22,East India,Vehicle Loan,1178768.0,48,16.71,22,Salaried,Post-Graduate,Married,54325.0,761,33836.8,0.623,1,Active
LN-105230,2023-06-22,West India,Business Loan,3826795.0,36,16.53,49,Self-Employed,Professional Degree,Divorced,131020.0,767,135542.23,1.035,1,Active
LN-106788,2023-06-22,West India,Business Loan,3084639.0,84,11.4,36,Business Owner,Graduate,Married,110176.0,652,53467.52,0.485,9,Defaulted
LN-104028,2023-06-23,Central India,Business Loan,3207422.0,84,14.64,56,Salaried,Graduate,Married,64208.0,708,61246.79,0.954,1,Active
LN-104587,2023-06-23,South India,Home Loan,5348819.0,240,8.33,35,Business Owner,High School,Married,49789.0,748,45844.4,0.921,7,Defaulted
LN-106789,2023-06-23,Central India,Home Loan,3347574.0,240,18.31,46,Salaried,Post-Graduate,Divorced,87311.0,736,52463.5,0.601,1,Active
LN-100298,2023-06-24,East India,Agriculture Loan,601045.0,36,17.28,31,Salaried,Post-Graduate,Single,56382.0,779,21512.74,0.382,0,Fully Paid
LN-105034,2023-06-24,South India,Vehicle Loan,799519.0,36,15.65,32,Self-Employed,Graduate,Married,34017.0,745,27970.76,0.822,0,Fully Paid
LN-101414,2023-06-25,West India,Personal Loan,423306.0,48,10.5,35,Salaried,High School,Single,32720.0,631,10838.06,0.331,0,Active
LN-104473,2023-06-25,West India,Gold Loan,733148.0,24,9.84,41,Salaried,Post-Graduate,Single,109979.0,625,33776.94,0.307,0,Fully Paid
LN-106232,2023-06-25,North India,Vehicle Loan,841644.0,48,11.32,21,Salaried,Post-Graduate,Divorced,71633.0,679,21883.75,0.305,1,Active
LN-106771,2023-06-25,East India,Gold Loan,262219.0,6,10.83,32,Salaried,Graduate,Single,65690.0,758,45093.98,0.686,0,Fully Paid
LN-106347,2023-06-26,South India,Gold Loan,86145.0,6,14.42,34,Self-Employed,Below High School,Married,28577.0,747,14967.36,0.524,9,Written Off
LN-102146,2023-06-27,Central India,Home Loan,5085015.0,300,14.24,31,Salaried,Professional Degree,Married,151400.0,723,62147.0,0.41,1,Active
LN-102306,2023-06-27,West India,Business Loan,1848462.0,84,10.96,41,Business Owner,Graduate,Single,95348.0,670,31611.31,0.332,0,Active
LN-102579,2023-06-27,North India,Vehicle Loan,622645.0,36,12.33,43,Salaried,Post-Graduate,Married,89424.0,731,20779.0,0.232,0,Fully Paid
LN-103836,2023-06-27,West India,Gold Loan,50333.0,12,10.52,32,Salaried,Graduate,Divorced,58939.0,720,4437.25,0.075,0,Fully Paid
LN-103845,2023-06-27,North India,Personal Loan,214961.0,36,13.24,59,Salaried,High School,Divorced,20771.0,710,7267.76,0.35,0,Fully Paid
LN-104586,2023-06-27,West India,Business Loan,1956583.0,36,14.95,50,Self-Employed,Graduate,Single,35659.0,662,67777.69,1.901,0,Active
LN-105557,2023-06-27,East India,Personal Loan,257800.0,48,8.65,42,Self-Employed,Professional Degree,Single,66718.0,682,6372.61,0.096,1,Active
LN-105599,2023-06-27,East India,Business Loan,981592.0,60,16.44,31,Salaried,High School,Divorced,31814.0,659,24100.5,0.758,3,Written Off
LN-103259,2023-06-28,East India,Business Loan,4302000.0,84,7.96,22,Self-Employed,Post-Graduate,Married,77448.0,642,66966.19,0.865,1,Active
LN-104068,2023-06-28,South India,Education Loan,539974.0,36,14.8,42,Salaried,Graduate,Single,61525.0,813,18665.53,0.303,0,Fully Paid
LN-100907,2023-06-29,South India,Home Loan,4992139.0,180,17.33,51,Salaried,Graduate,Single,41673.0,742,77999.8,1.872,9,Defaulted
LN-106457,2023-06-29,East India,Agriculture Loan,975503.0,12,15.09,26,Salaried,Graduate,Married,52837.0,826,88088.69,1.667,0,Fully Paid
LN-106467,2023-06-29,West India,Personal Loan,476485.0,48,8.54,31,Salaried,High School,Married,34157.0,692,11753.55,0.344,0,Active
LN-100271,2023-06-30,West India,Home Loan,2740690.0,300,9.96,41,Self-Employed,Post-Graduate,Single,86148.0,625,24827.43,0.288,3,Active
LN-102711,2023-06-30,West India,Vehicle Loan,1011805.0,60,8.62,35,Salaried,High School,Single,26185.0,628,20817.3,0.795,3,Active
LN-105232,2023-06-30,Central India,Vehicle Loan,1181393.0,60,11.91,22,Salaried,Post-Graduate,Married,74504.0,682,26225.74,0.352,1,Active
LN-100353,2023-07-02,South India,Education Loan,1836228.0,84,8.09,49,Salaried,Graduate,Divorced,48735.0,704,28702.25,0.589,1,Active
LN-104809,2023-07-02,East India,Home Loan,1589890.0,180,8.24,46,Self-Employed,Below High School,Single,16269.0,607,15414.92,0.948,9,Defaulted
LN-103221,2023-07-03,North India,Home Loan,3660629.0,120,14.78,21,Self-Employed,Graduate,Married,50770.0,593,58566.54,1.154,2,Active
LN-104404,2023-07-03,South India,Home Loan,4353238.0,240,13.12,44,Unemployed,Post-Graduate,Married,25634.0,569,51374.08,2.004,4,Defaulted
LN-101834,2023-07-04,South India,Home Loan,4423878.0,300,8.32,24,Self-Employed,High School,Married,26589.0,545,35087.25,1.32,12,Written Off
LN-102268,2023-07-04,South India,Business Loan,869035.0,36,18.14,24,Self-Employed,High School,Divorced,31431.0,694,31478.76,1.002,0,Fully Paid
LN-103782,2023-07-04,North India,Business Loan,3803637.0,24,10.86,35,Self-Employed,Graduate,Married,60870.0,724,177032.17,2.908,0,Active
LN-104338,2023-07-04,North India,Agriculture Loan,839690.0,12,12.36,21,Business Owner,Post-Graduate,Single,137951.0,736,74746.93,0.542,0,Fully Paid
LN-104475,2023-07-04,South India,Personal Loan,269447.0,24,10.18,46,Self-Employed,Graduate,Divorced,47880.0,671,12456.01,0.26,0,Fully Paid
LN-106195,2023-07-04,East India,Vehicle Loan,207655.0,48,8.68,43,Business Owner,Graduate,Single,93480.0,773,5136.01,0.055,0,Active
LN-106201,2023-07-04,East India,Education Loan,499863.0,120,10.8,29,Salaried,Below High School,Divorced,21615.0,689,6829.15,0.316,0,Active
LN-100288,2023-07-05,Central India,Vehicle Loan,1127917.0,48,9.82,40,Salaried,High School,Divorced,21106.0,523,28509.49,1.351,12,Written Off
LN-102860,2023-07-05,North India,Vehicle Loan,873638.0,60,15.73,37,Self-Employed,Graduate,Single,61776.0,719,21120.05,0.342,0,Active
LN-103180,2023-07-05,East India,Personal Loan,92519.0,12,10.26,21,Self-Employed,Graduate,Divorced,61549.0,728,8145.08,0.132,0,Fully Paid
LN-106113,2023-07-05,East India,Home Loan,5229427.0,180,12.93,32,Salaried,High School,Single,33278.0,689,65924.23,1.981,1,Active
LN-105487,2023-07-06,Central India,Home Loan,3718710.0,300,12.84,38,Salaried,Post-Graduate,Divorced,63644.0,832,41493.53,0.652,0,Active
LN-101527,2023-07-07,North India,Personal Loan,89062.0,24,14.71,46,Business Owner,Graduate,Divorced,101658.0,707,4306.06,0.042,0,Fully Paid
LN-103296,2023-07-07,West India,Personal Loan,498623.0,36,11.39,50,Business Owner,Graduate,Married,49014.0,812,16416.52,0.335,1,Active
LN-104505,2023-07-07,East India,Home Loan,3552631.0,120,10.3,29,Salaried,High School,Married,21476.0,740,47540.45,2.214,0,Active
LN-106495,2023-07-07,Central India,Business Loan,4839687.0,84,13.43,27,Salaried,Post-Graduate,Married,51586.0,716,89178.74,1.729,1,Active
LN-104690,2023-07-08,West India,Gold Loan,581682.0,24,7.81,57,Self-Employed,Graduate,Single,68564.0,623,26257.52,0.383,0,Fully Paid
LN-105611,2023-07-08,Central India,Vehicle Loan,896648.0,36,15.58,30,Business Owner,High School,Divorced,59275.0,693,31337.87,0.529,0,Fully Paid
LN-103137,2023-07-09,South India,Education Loan,1151300.0,84,13.41,30,Salaried,Graduate,Divorced,38830.0,673,21201.88,0.546,5,Restructured
LN-103555,2023-07-09,North India,Vehicle Loan,1088222.0,60,11.28,38,Salaried,High School,Married,36825.0,743,23812.82,0.647,0,Active
LN-103730,2023-07-09,West India,Business Loan,3139244.0,84,12.16,31,Business Owner,Graduate,Single,103918.0,688,55685.2,0.536,0,Active
LN-104469,2023-07-09,South India,Education Loan,569392.0,120,8.99,39,Self-Employed,Below High School,Divorced,19654.0,686,7209.74,0.367,0,Active
LN-104897,2023-07-09,South India,Agriculture Loan,301359.0,24,9.75,43,Salaried,Post-Graduate,Single,81042.0,730,13871.44,0.171,0,Fully Paid
LN-106472,2023-07-09,South India,Home Loan,4634879.0,240,11.37,46,Business Owner,Graduate,Divorced,61207.0,692,49013.21,0.801,0,Active
LN-102339,2023-07-10,West India,Agriculture Loan,107865.0,36,14.82,28,Salaried,Professional Degree,Married,98589.0,630,3729.67,0.038,0,Fully Paid
LN-102965,2023-07-10,Central India,Business Loan,1745967.0,36,9.23,46,Salaried,Graduate,Married,58333.0,716,55708.37,0.955,0,Active
LN-103716,2023-07-10,South India,Home Loan,4464302.0,180,8.25,34,Salaried,Graduate,Divorced,58400.0,735,43310.0,0.742,9,Written Off
LN-106920,2023-07-10,North India,Home Loan,2485534.0,120,12.65,56,Salaried,Professional Degree,Divorced,69135.0,834,36600.35,0.529,1,Active
LN-104592,2023-07-11,South India,Business Loan,3949764.0,36,15.87,21,Salaried,Graduate,Single,69326.0,661,138608.62,1.999,0,Fully Paid
LN-103503,2023-07-12,South India,Education Loan,924458.0,84,16.78,25,Self-Employed,Graduate,Divorced,56653.0,623,18774.69,0.331,1,Active
LN-105144,2023-07-12,East India,Gold Loan,696033.0,24,10.64,45,Self-Employed,Post-Graduate,Single,100112.0,774,32324.38,0.323,0,Fully Paid
LN-100246,2023-07-13,West India,Vehicle Loan,936117.0,72,15.09,30,Salaried,High School,Married,22257.0,670,19839.99,0.891,0,Active
LN-105988,2023-07-13,South India,Business Loan,3785991.0,36,9.56,21,Self-Employed,Post-Graduate,Single,109213.0,672,121382.67,1.111,0,Fully Paid
LN-106429,2023-07-13,North India,Business Loan,2644691.0,24,10.59,21,Business Owner,Post-Graduate,Married,146402.0,706,122760.51,0.839,1,Active
LN-101545,2023-07-14,Central India,Personal Loan,441173.0,12,10.05,38,Retired,High School,Single,18238.0,594,38796.38,2.127,8,Defaulted
LN-103430,2023-07-14,North India,Education Loan,538966.0,84,11.04,45,Retired,Post-Graduate,Divorced,107100.0,697,9239.75,0.086,0,Active
LN-102899,2023-07-15,West India,Agriculture Loan,607197.0,36,12.88,40,Self-Employed,Professional Degree,Married,101715.0,665,20423.79,0.201,0,Fully Paid
LN-103456,2023-07-15,North India,Vehicle Loan,896015.0,48,13.79,46,Self-Employed,Graduate,Divorced,59362.0,598,24390.65,0.411,1,Active
LN-103843,2023-07-15,South India,Business Loan,1790999.0,36,12.11,38,Retired,Post-Graduate,Married,67139.0,627,59580.94,0.887,2,Active
LN-103868,2023-07-15,West India,Vehicle Loan,501934.0,48,9.19,36,Business Owner,Professional Degree,Married,199025.0,655,12535.98,0.063,1,Active
LN-106979,2023-07-15,Central India,Vehicle Loan,1106218.0,48,10.26,43,Business Owner,Professional Degree,Married,230854.0,627,28194.87,0.122,7,Defaulted
LN-101292,2023-07-16,North India,Vehicle Loan,525997.0,48,9.49,51,Salaried,Graduate,Single,56005.0,656,13212.18,0.236,0,Active
LN-102720,2023-07-16,North India,Education Loan,1573106.0,120,16.54,40,Salaried,Post-Graduate,Single,52110.0,762,26883.4,0.516,1,Active
LN-106016,2023-07-16,South India,Home Loan,3511252.0,240,8.58,30,Self-Employed,Post-Graduate,Single,59490.0,524,30649.48,0.515,6,Restructured
LN-100755,2023-07-17,West India,Gold Loan,196569.0,12,17.8,24,Salaried,Post-Graduate,Married,74996.0,696,18002.74,0.24,0,Fully Paid
LN-101943,2023-07-17,South India,Agriculture Loan,220958.0,24,11.06,52,Self-Employed,Post-Graduate,Single,90789.0,671,10304.53,0.113,0,Fully Paid
LN-106819,2023-07-17,East India,Personal Loan,59879.0,36,9.42,37,Self-Employed,Graduate,Divorced,48629.0,540,1915.86,0.039,0,Active
LN-102641,2023-07-18,South India,Vehicle Loan,877025.0,72,9.05,32,Self-Employed,Professional Degree,Divorced,80026.0,714,15830.62,0.198,1,Active
LN-103148,2023-07-18,East India,Gold Loan,623404.0,24,17.99,23,Salaried,Post-Graduate,Married,70010.0,658,31119.87,0.445,0,Fully Paid
LN-100296,2023-07-19,North India,Home Loan,2646137.0,180,17.94,48,Self-Employed,Graduate,Single,67312.0,609,42499.77,0.631,0,Active
LN-101491,2023-07-19,Central India,Personal Loan,326592.0,12,17.87,26,Self-Employed,Graduate,Single,49570.0,539,29921.75,0.604,0,Fully Paid
LN-102063,2023-07-19,East India,Vehicle Loan,1175431.0,60,8.3,35,Unemployed,Below High School,Married,7299.0,498,24002.62,3.288,10,Defaulted
LN-105434,2023-07-19,Central India,Personal Loan,92125.0,48,10.95,37,Salaried,High School,Divorced,29794.0,740,2378.78,0.08,1,Active
LN-106101,2023-07-19,West India,Home Loan,2154064.0,120,16.85,21,Self-Employed,Professional Degree,Divorced,128841.0,646,37232.63,0.289,0,Active
LN-103510,2023-07-20,South India,Business Loan,2224736.0,36,11.15,40,Self-Employed,Post-Graduate,Married,75333.0,672,72993.14,0.969,5,Defaulted
LN-104234,2023-07-20,North India,Business Loan,4606984.0,24,17.85,25,Salaried,Below High School,Single,24823.0,735,229665.78,9.252,6,Defaulted
LN-105409,2023-07-20,South India,Home Loan,2092992.0,120,14.88,51,Salaried,Professional Degree,Single,85647.0,817,33613.64,0.392,1,Active
LN-100248,2023-07-21,East India,Business Loan,3891923.0,84,12.06,36,Self-Employed,Post-Graduate,Married,70521.0,741,68828.02,0.976,0,Active
LN-103437,2023-07-21,North India,Home Loan,3864407.0,240,16.43,46,Salaried,Post-Graduate,Married,102379.0,637,55014.27,0.537,7,Written Off
LN-104155,2023-07-21,South India,Personal Loan,56448.0,12,10.14,32,Salaried,Graduate,Married,44759.0,721,4966.35,0.111,0,Fully Paid
LN-106503,2023-07-21,West India,Vehicle Loan,1035776.0,48,17.56,46,Salaried,Post-Graduate,Divorced,95631.0,771,30188.29,0.316,0,Active
LN-106276,2023-07-22,North India,Vehicle Loan,556447.0,60,16.68,51,Self-Employed,Graduate,Married,56603.0,652,13733.58,0.243,1,Active
LN-104167,2023-07-23,Central India,Business Loan,3272971.0,36,16.71,46,Salaried,High School,Married,28401.0,537,116218.51,4.092,7,Written Off
LN-100925,2023-07-24,East India,Personal Loan,417157.0,24,10.28,29,Salaried,Professional Degree,Single,139785.0,758,19303.63,0.138,0,Fully Paid
LN-102912,2023-07-24,West India,Personal Loan,469274.0,48,14.11,41,Salaried,High School,Divorced,31495.0,776,12849.51,0.408,7,Defaulted
LN-103214,2023-07-24,North India,Agriculture Loan,722240.0,36,8.8,36,Unemployed,Graduate,Divorced,13965.0,690,22899.87,1.64,3,Written Off
LN-103626,2023-07-24,West India,Home Loan,5146920.0,120,15.29,52,Self-Employed,High School,Married,33185.0,625,83954.23,2.53,3,Active
LN-104072,2023-07-24,North India,Business Loan,1480342.0,60,15.69,35,Self-Employed,Graduate,Married,32557.0,634,35755.66,1.098,2,Active
LN-106359,2023-07-24,West India,Business Loan,4853312.0,36,16.56,36,Retired,Graduate,Divorced,39616.0,740,171972.9,4.341,0,Active
LN-101649,2023-07-25,East India,Gold Loan,596013.0,6,7.72,37,Business Owner,Graduate,Single,64977.0,613,101584.16,1.563,5,Written Off
LN-103890,2023-07-25,East India,Business Loan,3066977.0,24,16.67,21,Business Owner,Below High School,Divorced,23207.0,746,151152.42,6.513,0,Fully Paid
LN-105570,2023-07-25,South India,Business Loan,3627587.0,60,11.04,27,Unemployed,High School,Married,8862.0,579,78944.91,8.908,0,Active
LN-106421,2023-07-25,East India,Home Loan,3703764.0,120,15.96,46,Self-Employed,Post-Graduate,Married,99803.0,700,61950.61,0.621,1,Active
LN-102002,2023-07-26,North India,Education Loan,687241.0,120,15.07,53,Salaried,Post-Graduate,Married,96773.0,642,11117.08,0.115,3,Active
LN-102352,2023-07-26,West India,Gold Loan,560626.0,24,7.6,34,Retired,Professional Degree,Single,131057.0,731,25253.44,0.193,0,Fully Paid
LN-102946,2023-07-26,East India,Personal Loan,62908.0,36,10.58,47,Salaried,Professional Degree,Single,99688.0,719,2047.04,0.021,1,Active
LN-102474,2023-07-27,South India,Vehicle Loan,700712.0,60,7.64,43,Self-Employed,High School,Married,21598.0,678,14087.49,0.652,3,Restructured
LN-105972,2023-07-27,Central India,Gold Loan,253442.0,6,17.81,40,Self-Employed,Post-Graduate,Divorced,63628.0,625,44461.48,0.699,1,Active
LN-106324,2023-07-27,South India,Education Loan,481127.0,36,9.44,29,Retired,High School,Married,37792.0,624,15398.43,0.407,0,Active
LN-106687,2023-07-27,South India,Business Loan,3915189.0,60,7.69,21,Retired,Post-Graduate,Married,90478.0,553,78806.33,0.871,10,Written Off
LN-100489,2023-07-28,West India,Personal Loan,459837.0,48,13.13,37,Business Owner,Post-Graduate,Married,106638.0,809,12365.97,0.116,1,Active
LN-102424,2023-07-28,South India,Vehicle Loan,887990.0,36,9.22,44,Salaried,High School,Single,36231.0,662,28328.85,0.782,5,Defaulted
LN-102765,2023-07-28,North India,Home Loan,3254360.0,300,13.25,48,Business Owner,Below High School,Married,40757.0,748,37317.76,0.916,1,Active
LN-104908,2023-07-28,East India,Personal Loan,362081.0,12,11.88,21,Self-Employed,Professional Degree,Single,76038.0,627,32150.14,0.423,0,Fully Paid
LN-105461,2023-07-28,East India,Home Loan,4098480.0,300,11.02,37,Salaried,Graduate,Divorced,48740.0,794,40229.01,0.825,5,Defaulted
LN-106556,2023-07-28,South India,Vehicle Loan,1092201.0,60,14.38,26,Self-Employed,Graduate,Single,52997.0,698,25629.29,0.484,1,Active
LN-102758,2023-07-29,South India,Vehicle Loan,989657.0,36,8.04,43,Salaried,Graduate,Married,51963.0,613,31030.52,0.597,0,Active
LN-104918,2023-07-29,East India,Home Loan,2116507.0,300,10.72,35,Salaried,High School,Single,38325.0,600,20317.15,0.53,2,Active
LN-101513,2023-07-30,North India,Gold Loan,367874.0,24,17.66,45,Business Owner,Graduate,Divorced,63507.0,602,18305.4,0.288,0,Fully Paid
LN-102090,2023-07-30,Central India,Agriculture Loan,178019.0,12,15.49,52,Self-Employed,Graduate,Divorced,52407.0,808,16108.88,0.307,0,Fully Paid
LN-105168,2023-07-30,West India,Personal Loan,370870.0,48,9.51,43,Self-Employed,High School,Single,37571.0,596,9319.19,0.248,2,Active
LN-105642,2023-07-31,Central India,Gold Loan,797151.0,24,11.96,31,Salaried,High School,Married,26851.0,696,37509.78,1.397,0,Fully Paid
LN-100385,2023-08-01,West India,Business Loan,1246036.0,36,10.13,61,Business Owner,Post-Graduate,Divorced,165824.0,746,40282.17,0.243,0,Active
LN-100929,2023-08-01,West India,Home Loan,5020850.0,120,11.73,32,Salaried,Graduate,Married,52904.0,769,71253.12,1.347,5,Defaulted
LN-103610,2023-08-01,East India,Vehicle Loan,843511.0,72,11.99,52,Salaried,High School,Divorced,28315.0,636,16486.42,0.582,7,Defaulted
LN-101760,2023-08-02,South India,Vehicle Loan,804057.0,60,8.86,58,Salaried,Graduate,Married,53216.0,615,16636.32,0.313,3,Active
LN-102668,2023-08-02,North India,Education Loan,1817417.0,36,8.87,21,Retired,High School,Married,22539.0,511,57683.48,2.559,1,Active
LN-105099,2023-08-02,Central India,Education Loan,371739.0,84,14.4,27,Salaried,Graduate,Single,60747.0,799,7048.79,0.116,0,Active
LN-106726,2023-08-02,South India,Personal Loan,277777.0,36,8.83,30,Unemployed,High School,Married,10964.0,534,8811.27,0.804,4,Written Off
LN-100392,2023-08-03,North India,Personal Loan,431661.0,12,9.89,25,Self-Employed,Graduate,Single,55430.0,792,37927.78,0.684,0,Fully Paid
LN-101940,2023-08-03,West India,Gold Loan,529583.0,12,15.85,23,Self-Employed,Graduate,Married,58029.0,598,48011.94,0.827,0,Fully Paid
LN-100049,2023-08-04,Central India,Vehicle Loan,317853.0,48,8.58,35,Self-Employed,High School,Divorced,23011.0,614,7846.55,0.341,3,Active
LN-100819,2023-08-04,North India,Business Loan,1044876.0,36,15.56,37,Salaried,High School,Single,34389.0,710,36508.17,1.062,1,Active
LN-100959,2023-08-04,North India,Home Loan,1577515.0,300,16.74,31,Salaried,High School,Divorced,32856.0,746,22356.64,0.68,1,Active
LN-106092,2023-08-04,East India,Home Loan,5608851.0,180,13.15,25,Self-Employed,Post-Graduate,Single,100508.0,725,71520.04,0.712,0,Active
LN-101425,2023-08-05,Central India,Personal Loan,309476.0,12,13.94,68,Salaried,Graduate,Divorced,63804.0,718,27778.22,0.435,0,Fully Paid
LN-101907,2023-08-05,North India,Home Loan,5734233.0,240,8.36,30,Self-Employed,Post-Graduate,Single,91396.0,674,49256.08,0.539,1,Active
LN-102375,2023-08-05,South India,Gold Loan,180273.0,24,13.42,30,Retired,Graduate,Single,68152.0,765,8606.11,0.126,0,Fully Paid
LN-105319,2023-08-05,South India,Personal Loan,160074.0,36,12.2,34,Self-Employed,Graduate,Divorced,35184.0,544,5332.05,0.152,11,Defaulted
LN-101624,2023-08-06,West India,Business Loan,2213849.0,36,10.83,41,Salaried,Graduate,Divorced,32409.0,640,72300.48,2.231,3,Active
LN-102094,2023-08-06,Central India,Home Loan,2646070.0,240,10.96,24,Retired,Post-Graduate,Divorced,93882.0,669,27240.43,0.29,1,Active
LN-104191,2023-08-06,West India,Home Loan,5022125.0,180,14.85,22,Unemployed,Post-Graduate,Single,14692.0,488,69773.76,4.749,7,Written Off
LN-104464,2023-08-06,North India,Personal Loan,266537.0,48,8.24,46,Self-Employed,Graduate,Married,59212.0,876,6537.02,0.11,0,Active
LN-105540,2023-08-07,North India,Agriculture Loan,480883.0,24,9.1,36,Self-Employed,Post-Graduate,Divorced,91894.0,736,21991.09,0.239,0,Fully Paid
LN-106025,2023-08-07,East India,Business Loan,1480399.0,84,8.55,27,Business Owner,High School,Divorced,27366.0,767,23481.56,0.858,0,Active
LN-106056,2023-08-07,South India,Agriculture Loan,851914.0,24,13.52,57,Self-Employed,Professional Degree,Single,67000.0,671,40709.93,0.608,0,Fully Paid
LN-103386,2023-08-08,North India,Business Loan,1207075.0,84,10.25,31,Self-Employed,Graduate,Married,48117.0,620,20195.14,0.42,2,Active
LN-101168,2023-08-09,East India,Personal Loan,58447.0,48,11.62,35,Salaried,Post-Graduate,Single,107633.0,793,1528.25,0.014,0,Active
LN-105246,2023-08-09,East India,Home Loan,4165646.0,180,12.89,28,Salaried,Post-Graduate,Divorced,70456.0,698,52404.36,0.744,1,Active
LN-105430,2023-08-09,South India,Home Loan,5861353.0,120,9.03,42,Retired,Professional Degree,Single,79868.0,623,74344.34,0.931,1,Active
LN-100714,2023-08-10,North India,Home Loan,2670317.0,300,16.87,27,Salaried,Graduate,Single,57132.0,747,38118.64,0.667,0,Active
LN-101158,2023-08-10,East India,Education Loan,1828778.0,60,18.0,61,Salaried,Post-Graduate,Divorced,56919.0,730,46438.94,0.816,10,Written Off
LN-101327,2023-08-10,North India,Personal Loan,74538.0,48,10.99,42,Business Owner,Graduate,Married,100615.0,674,1926.11,0.019,1,Active
LN-103188,2023-08-10,North India,Personal Loan,234186.0,12,14.19,32,Self-Employed,Professional Degree,Married,73078.0,668,21047.83,0.288,0,Fully Paid
LN-103361,2023-08-10,East India,Agriculture Loan,886830.0,36,18.12,29,Salaried,Graduate,Single,52196.0,721,32114.44,0.615,0,Active
LN-106000,2023-08-10,Central India,Gold Loan,770200.0,24,13.31,50,Salaried,Below High School,Single,17908.0,714,36728.96,2.051,8,Defaulted
LN-103220,2023-08-11,South India,Education Loan,1955718.0,60,12.3,29,Salaried,Professional Degree,Single,81249.0,795,43800.93,0.539,6,Written Off
LN-104040,2023-08-11,North India,Education Loan,1389520.0,36,16.34,21,Business Owner,Post-Graduate,Divorced,164111.0,735,49084.96,0.299,1,Active
LN-101912,2023-08-12,West India,Business Loan,1235104.0,24,14.59,23,Business Owner,Graduate,Married,58631.0,798,59645.74,1.017,0,Fully Paid
LN-103751,2023-08-12,Central India,Education Loan,1342538.0,84,11.28,21,Self-Employed,Professional Degree,Single,149229.0,713,23185.65,0.155,1,Active
LN-103934,2023-08-12,West India,Home Loan,2668978.0,300,15.77,38,Salaried,High School,Single,32041.0,641,35787.14,1.117,3,Active
LN-104101,2023-08-12,North India,Vehicle Loan,512231.0,48,8.67,45,Retired,Graduate,Married,62665.0,627,12666.78,0.202,0,Active
LN-104833,2023-08-12,East India,Home Loan,3895576.0,120,16.3,47,Business Owner,High School,Single,51461.0,666,65986.17,1.282,0,Active
LN-105372,2023-08-12,Central India,Home Loan,4558136.0,120,12.03,43,Salaried,Post-Graduate,Single,61973.0,737,65475.08,1.057,0,Active
LN-105475,2023-08-12,Central India,Home Loan,5266833.0,120,18.02,30,Unemployed,Post-Graduate,Single,17359.0,660,94968.36,5.471,11,Defaulted
LN-104141,2023-08-13,West India,Personal Loan,208547.0,36,17.28,58,Salaried,Post-Graduate,Married,86427.0,685,7464.36,0.086,0,Active
LN-106387,2023-08-13,Central India,Home Loan,3775049.0,180,16.25,21,Retired,Graduate,Divorced,38222.0,686,56103.57,1.468,5,Defaulted
LN-100139,2023-08-14,North India,Home Loan,3766938.0,300,16.1,31,Salaried,Graduate,Divorced,57923.0,703,51484.38,0.889,0,Active
LN-101978,2023-08-14,East India,Education Loan,1040660.0,60,17.33,30,Business Owner,Graduate,Married,83928.0,618,26048.09,0.31,0,Active
LN-102913,2023-08-15,North India,Gold Loan,166367.0,24,18.39,53,Salaried,Graduate,Married,37936.0,703,8337.11,0.22,0,Fully Paid
LN-105667,2023-08-15,North India,Home Loan,4947747.0,180,13.1,53,Business Owner,Graduate,Married,93492.0,676,62926.89,0.673,8,Defaulted
LN-100843,2023-08-16,South India,Vehicle Loan,890948.0,60,17.7,42,Salaried,Professional Degree,Single,127503.0,738,22479.07,0.176,0,Active
LN-100853,2023-08-16,East India,Education Loan,864216.0,84,14.02,38,Unemployed,Graduate,Married,21273.0,529,16204.97,0.762,4,Restructured
LN-101807,2023-08-17,South India,Vehicle Loan,1014386.0,72,12.85,43,Salaried,Post-Graduate,Single,58242.0,722,20282.67,0.348,1,Active
LN-103117,2023-08-17,North India,Vehicle Loan,564107.0,48,15.04,41,Business Owner,Professional Degree,Divorced,116689.0,606,15710.96,0.135,1,Active
LN-105108,2023-08-17,West India,Home Loan,3824435.0,240,9.93,37,Self-Employed,High School,Divorced,23177.0,584,36729.43,1.585,3,Restructured
LN-106510,2023-08-17,South India,Home Loan,3619216.0,180,9.43,35,Self-Employed,Professional Degree,Single,146747.0,595,37640.02,0.256,10,Written Off
LN-100087,2023-08-18,East India,Business Loan,3296891.0,60,16.45,42,Salaried,Graduate,Married,38776.0,691,80964.4,2.088,1,Active
LN-100842,2023-08-18,North India,Personal Loan,332799.0,12,11.42,30,Salaried,Post-Graduate,Divorced,93076.0,793,29478.57,0.317,0,Fully Paid
LN-101214,2023-08-18,East India,Personal Loan,437436.0,36,9.85,27,Salaried,Graduate,Married,44931.0,728,14084.04,0.313,1,Active
LN-102992,2023-08-18,South India,Business Loan,2038357.0,60,12.71,34,Salaried,High School,Divorced,39053.0,712,46076.85,1.18,1,Active
LN-106365,2023-08-18,West India,Home Loan,3014810.0,300,9.88,43,Business Owner,Professional Degree,Married,208566.0,745,27140.99,0.13,5,Restructured
LN-102873,2023-08-19,North India,Home Loan,4410285.0,120,16.25,46,Salaried,Graduate,Divorced,64466.0,626,74566.63,1.157,1,Active
LN-103638,2023-08-19,Central India,Vehicle Loan,815674.0,60,17.29,39,Self-Employed,High School,Divorced,24438.0,579,20399.01,0.835,2,Active
LN-103641,2023-08-19,Central India,Vehicle Loan,1162092.0,72,12.76,46,Salaried,Professional Degree,Married,141858.0,736,23181.01,0.163,0,Active
LN-103737,2023-08-19,North India,Gold Loan,519601.0,12,14.67,30,Retired,Graduate,Married,34627.0,671,46817.44,1.352,0,Fully Paid
LN-104695,2023-08-19,South India,Vehicle Loan,260792.0,48,12.45,37,Business Owner,Professional Degree,Divorced,158852.0,670,6925.42,0.044,1,Active
LN-100359,2023-08-20,South India,Personal Loan,322439.0,48,8.75,70,Business Owner,Graduate,Divorced,56827.0,689,7985.69,0.141,7,Defaulted
LN-101754,2023-08-20,West India,Business Loan,1600906.0,60,15.02,48,Salaried,Graduate,Married,67828.0,697,38102.25,0.562,1,Active
LN-102388,2023-08-20,North India,Education Loan,633087.0,84,15.8,21,Self-Employed,Below High School,Married,12870.0,568,12502.41,0.971,1,Active
LN-103332,2023-08-20,West India,Home Loan,2241488.0,240,15.21,54,Salaried,Graduate,Married,49838.0,620,29864.07,0.599,1,Active
LN-104009,2023-08-20,South India,Gold Loan,58441.0,6,12.28,36,Salaried,Post-Graduate,Single,58280.0,616,10091.99,0.173,0,Fully Paid
LN-104081,2023-08-20,East India,Vehicle Loan,389094.0,72,9.84,29,Salaried,Post-Graduate,Married,73608.0,756,7176.94,0.098,3,Written Off
LN-106374,2023-08-20,Central India,Business Loan,3904451.0,84,16.47,38,Salaried,High School,Divorced,20043.0,812,78599.26,3.922,1,Active
LN-101653,2023-08-21,North India,Vehicle Loan,556386.0,60,16.74,43,Business Owner,Post-Graduate,Divorced,111799.0,778,13749.96,0.123,1,Active
LN-103310,2023-08-21,South India,Home Loan,1635762.0,180,13.8,33,Self-Employed,Professional Degree,Single,147489.0,803,21564.76,0.146,1,Active
LN-103521,2023-08-21,East India,Vehicle Loan,252185.0,72,12.58,34,Salaried,High School,Divorced,34644.0,776,5006.66,0.145,0,Active
LN-104782,2023-08-21,South India,Vehicle Loan,828073.0,60,16.73,31,Retired,Post-Graduate,Single,66985.0,643,20459.72,0.305,3,Active
LN-106049,2023-08-21,South India,Business Loan,3928942.0,36,17.53,58,Self-Employed,Graduate,Single,31738.0,654,141116.04,4.446,0,Active
LN-100799,2023-08-22,Central India,Home Loan,5819878.0,240,7.52,32,Business Owner,Post-Graduate,Single,102014.0,696,46955.74,0.46,0,Active
LN-104635,2023-08-22,South India,Home Loan,5045206.0,180,13.99,33,Salaried,High School,Divorced,30839.0,763,67155.2,2.178,1,Active
LN-104656,2023-08-22,North India,Vehicle Loan,519232.0,36,9.44,38,Business Owner,Professional Degree,Single,205936.0,716,16617.97,0.081,1,Active
LN-105868,2023-08-22,Central India,Education Loan,979312.0,120,18.48,44,Salaried,Graduate,Divorced,45766.0,657,17949.5,0.392,1,Active
LN-106014,2023-08-22,North India,Home Loan,4488435.0,300,14.75,21,Self-Employed,High School,Single,38408.0,666,56620.02,1.474,0,Active
LN-100395,2023-08-23,North India,Gold Loan,337343.0,12,9.85,61,Self-Employed,Post-Graduate,Married,101091.0,706,29634.28,0.293,0,Fully Paid
LN-104573,2023-08-23,North India,Personal Loan,159363.0,36,11.92,33,Business Owner,Graduate,Divorced,47142.0,699,5287.04,0.112,1,Active
LN-103619,2023-08-24,East India,Home Loan,5373396.0,300,9.2,46,Salaried,Post-Graduate,Single,51463.0,733,45831.54,0.891,3,Restructured
LN-106713,2023-08-24,South India,Personal Loan,396829.0,48,13.23,38,Business Owner,Graduate,Single,61813.0,671,10691.28,0.173,0,Active
LN-101473,2023-08-25,North India,Business Loan,3721181.0,60,15.28,32,Self-Employed,Post-Graduate,Single,68988.0,738,89074.5,1.291,1,Active
LN-106723,2023-08-25,Central India,Business Loan,517061.0,84,16.47,25,Business Owner,Post-Graduate,Married,80288.0,737,10408.79,0.13,1,Active
LN-106798,2023-08-25,North India,Gold Loan,611703.0,6,18.3,38,Salaried,Below High School,Single,15472.0,678,107460.73,6.945,0,Fully Paid
LN-100237,2023-08-26,North India,Home Loan,5951117.0,240,16.71,41,Salaried,Graduate,Married,48916.0,635,85981.04,1.758,3,Active
LN-100010,2023-08-27,Central India,Personal Loan,371137.0,36,10.69,21,Self-Employed,High School,Single,28979.0,751,12096.14,0.417,9,Written Off
LN-100846,2023-08-27,Central India,Vehicle Loan,767285.0,48,10.31,50,Salaried,Post-Graduate,Married,100990.0,814,19574.76,0.194,1,Active
LN-101161,2023-08-27,North India,Business Loan,3843191.0,24,10.97,34,Salaried,Graduate,Divorced,37850.0,673,179069.3,4.731,0,Fully Paid
LN-101804,2023-08-27,West India,Home Loan,2493976.0,300,8.8,51,Retired,Graduate,Single,31695.0,675,20588.85,0.65,7,Defaulted
LN-102270,2023-08-27,West India,Personal Loan,290248.0,36,18.23,37,Salaried,Post-Graduate,Divorced,104984.0,701,10526.68,0.1,1,Active
LN-102825,2023-08-27,Central India,Personal Loan,177413.0,36,11.36,38,Salaried,High School,Divorced,22910.0,640,5838.57,0.255,1,Active
LN-103834,2023-08-27,East India,Business Loan,3585677.0,60,11.03,29,Self-Employed,Post-Graduate,Single,82683.0,628,78014.96,0.944,2,Active
LN-105252,2023-08-27,West India,Agriculture Loan,327010.0,12,14.52,39,Salaried,Post-Graduate,Married,108184.0,781,29441.35,0.272,0,Fully Paid
LN-101064,2023-08-28,Central India,Business Loan,3406862.0,60,9.06,38,Salaried,Post-Graduate,Divorced,76772.0,675,70820.1,0.922,0,Active
LN-102775,2023-08-28,East India,Business Loan,1141188.0,84,17.12,46,Salaried,High School,Single,35971.0,695,23400.3,0.651,0,Active
LN-104417,2023-08-28,West India,Personal Loan,358860.0,36,10.13,43,Self-Employed,Graduate,Married,68979.0,703,11601.32,0.168,0,Active
LN-106129,2023-08-28,Central India,Home Loan,4637124.0,240,15.5,33,Self-Employed,Post-Graduate,Single,55252.0,823,62781.13,1.136,0,Active
LN-100260,2023-08-29,East India,Home Loan,3744151.0,120,10.3,29,Retired,High School,Single,28043.0,645,50103.32,1.787,6,Defaulted
LN-101262,2023-08-29,Central India,Business Loan,2472341.0,60,13.03,51,Business Owner,Below High School,Divorced,40294.0,769,56291.33,1.397,0,Active
LN-103123,2023-08-29,North India,Business Loan,4128342.0,60,9.54,26,Salaried,Graduate,Divorced,45030.0,662,86783.59,1.927,1,Active
LN-106843,2023-08-29,South India,Agriculture Loan,710510.0,24,11.74,35,Salaried,High School,Single,18816.0,702,33359.97,1.773,0,Fully Paid
LN-102302,2023-08-30,East India,Personal Loan,121895.0,24,14.63,48,Salaried,Below High School,Single,19709.0,648,5888.87,0.299,0,Fully Paid
LN-102647,2023-08-30,Central India,Gold Loan,533658.0,6,15.81,38,Self-Employed,High School,Divorced,19247.0,550,93089.12,4.837,0,Active
LN-104742,2023-08-30,West India,Home Loan,3547407.0,240,13.44,44,Self-Employed,High School,Married,20441.0,775,42677.44,2.088,9,Defaulted
LN-106918,2023-08-30,East India,Personal Loan,272421.0,24,17.25,21,Salaried,Graduate,Married,57201.0,630,13501.86,0.236,0,Fully Paid
LN-100460,2023-08-31,South India,Agriculture Loan,261465.0,24,9.5,51,Salaried,Post-Graduate,Single,101467.0,785,12005.03,0.118,0,Fully Paid
LN-100948,2023-08-31,North India,Vehicle Loan,892057.0,48,9.25,61,Self-Employed,Post-Graduate,Divorced,78672.0,741,22304.92,0.284,1,Active
LN-102233,2023-08-31,West India,Business Loan,3901366.0,60,18.13,54,Salaried,Post-Graduate,Divorced,66714.0,831,99345.16,1.489,0,Active
LN-102695,2023-08-31,Central India,Personal Loan,295259.0,12,12.34,31,Retired,Professional Degree,Divorced,87884.0,662,26280.39,0.299,0,Fully Paid
LN-105797,2023-08-31,Central India,Home Loan,5140926.0,120,13.29,42,Retired,Below High School,Divorced,14404.0,619,77641.4,5.39,0,Active
LN-105908,2023-08-31,Central India,Vehicle Loan,370873.0,48,15.42,51,Self-Employed,Graduate,Divorced,52007.0,664,10400.8,0.2,0,Active
LN-106842,2023-08-31,East India,Business Loan,1805746.0,60,9.72,30,Retired,Post-Graduate,Single,85236.0,585,38118.46,0.447,3,Active
LN-105111,2023-09-01,West India,Home Loan,5406547.0,180,18.43,26,Salaried,Graduate,Single,62779.0,774,88745.97,1.414,3,Written Off
LN-102413,2023-09-02,South India,Home Loan,2076578.0,180,12.92,46,Retired,Graduate,Married,43190.0,695,26164.52,0.606,6,Defaulted
LN-100895,2023-09-03,Central India,Vehicle Loan,990435.0,36,11.9,38,Salaried,Graduate,Divorced,60672.0,744,32849.33,0.541,0,Active
LN-102556,2023-09-03,North India,Home Loan,5985913.0,120,16.24,35,Salaried,Graduate,Single,65487.0,793,101169.01,1.545,9,Written Off
LN-104100,2023-09-03,South India,Home Loan,2096236.0,180,16.02,21,Retired,High School,Married,38019.0,582,30816.67,0.811,5,Written Off
LN-105472,2023-09-03,Central India,Vehicle Loan,777605.0,48,16.27,41,Retired,Professional Degree,Single,72775.0,749,22145.22,0.304,1,Active
LN-105689,2023-09-03,South India,Personal Loan,183803.0,24,14.42,27,Self-Employed,Post-Graduate,Married,102347.0,856,8861.42,0.087,0,Fully Paid
LN-105858,2023-09-04,South India,Personal Loan,250447.0,12,16.34,21,Salaried,Graduate,Married,56125.0,582,22763.59,0.406,0,Fully Paid
LN-106231,2023-09-04,North India,Business Loan,3677996.0,36,8.36,58,Business Owner,Professional Degree,Single,224303.0,667,115866.83,0.517,1,Active
LN-106781,2023-09-04,East India,Business Loan,1456322.0,60,8.01,26,Salaried,Graduate,Divorced,49087.0,598,29535.93,0.602,10,Defaulted
LN-106870,2023-09-04,West India,Home Loan,3229787.0,240,10.88,33,Salaried,Graduate,Married,63245.0,860,33074.12,0.523,7,Written Off
LN-101829,2023-09-05,North India,Home Loan,1925092.0,120,7.98,42,Business Owner,Post-Graduate,Divorced,122605.0,651,23336.34,0.19,0,Active
LN-105550,2023-09-05,East India,Gold Loan,697275.0,24,9.69,36,Salaried,Graduate,Divorced,64289.0,759,32076.03,0.499,0,Fully Paid
LN-105775,2023-09-05,North India,Personal Loan,169916.0,36,14.09,27,Self-Employed,Graduate,Single,38238.0,697,5814.76,0.152,1,Active
LN-102493,2023-09-06,South India,Home Loan,1552214.0,240,15.84,46,Retired,High School,Divorced,32074.0,672,21409.16,0.667,1,Active
LN-103330,2023-09-06,West India,Education Loan,482051.0,84,11.65,40,Salaried,High School,Married,35801.0,701,8419.55,0.235,0,Active
LN-104166,2023-09-06,East India,Business Loan,3721955.0,84,10.76,57,Salaried,Graduate,Single,65144.0,651,63260.23,0.971,0,Active
LN-104593,2023-09-06,South India,Vehicle Loan,1098558.0,60,15.75,31,Self-Employed,High School,Married,18752.0,718,26569.09,1.417,6,Defaulted
LN-105772,2023-09-06,North India,Personal Loan,327938.0,24,9.33,51,Unemployed,High School,Divorced,10704.0,515,15031.46,1.404,5,Defaulted
LN-101015,2023-09-07,South India,Personal Loan,294001.0,12,16.73,29,Salaried,High School,Married,23816.0,714,26776.63,1.124,0,Fully Paid
LN-101915,2023-09-07,South India,Home Loan,2936374.0,300,8.42,28,Retired,Graduate,Married,62637.0,690,23486.39,0.375,0,Active
LN-102829,2023-09-07,Central India,Vehicle Loan,965517.0,36,15.62,39,Retired,Post-Graduate,Single,103462.0,577,33763.85,0.326,3,Active
LN-103242,2023-09-07,East India,Personal Loan,276579.0,36,12.2,45,Self-Employed,Post-Graduate,Single,101256.0,613,9212.82,0.091,5,Defaulted
LN-105721,2023-09-07,South India,Agriculture Loan,993907.0,36,12.82,47,Salaried,Graduate,Married,60940.0,621,33402.55,0.548,11,Defaulted
LN-100750,2023-09-08,North India,Vehicle Loan,414946.0,48,10.31,54,Salaried,Professional Degree,Single,131285.0,607,10585.99,0.081,2,Active
LN-103062,2023-09-08,West India,Gold Loan,745316.0,24,11.03,42,Self-Employed,High School,Single,37820.0,551,34747.95,0.919,0,Active
LN-100305,2023-09-09,Central India,Business Loan,1849077.0,24,15.46,25,Retired,Post-Graduate,Married,67793.0,650,90060.19,1.328,1,Active
LN-101794,2023-09-09,North India,Business Loan,4513439.0,24,15.39,38,Business Owner,Graduate,Divorced,66811.0,666,219678.77,3.288,0,Fully Paid
LN-102447,2023-09-09,Central India,Business Loan,2879125.0,24,18.06,32,Salaried,Professional Degree,Single,123266.0,768,143821.21,1.167,6,Defaulted
LN-103603,2023-09-09,North India,Personal Loan,245629.0,24,18.41,43,Salaried,Professional Degree,Single,95938.0,622,12311.52,0.128,0,Fully Paid
LN-103780,2023-09-09,East India,Gold Loan,607461.0,24,8.81,39,Salaried,Post-Graduate,Single,51254.0,641,27698.77,0.54,1,Active
LN-104004,2023-09-09,East India,Vehicle Loan,834903.0,48,16.03,62,Salaried,Graduate,Divorced,48483.0,726,23674.22,0.488,1,Active
LN-104087,2023-09-09,North India,Education Loan,1433780.0,120,8.72,38,Business Owner,Post-Graduate,Single,159186.0,687,17945.97,0.113,1,Active
LN-104119,2023-09-09,Central India,Home Loan,5129197.0,300,12.42,39,Salaried,High School,Single,20368.0,600,55620.45,2.731,1,Active
LN-102157,2023-09-10,East India,Vehicle Loan,920669.0,48,16.6,33,Salaried,Below High School,Single,15156.0,690,26375.8,1.74,6,Restructured
LN-104903,2023-09-10,South India,Vehicle Loan,779768.0,72,17.31,48,Salaried,Graduate,Married,70705.0,719,17481.98,0.247,0,Active
LN-102186,2023-09-11,East India,Vehicle Loan,1169918.0,36,11.1,21,Self-Employed,Professional Degree,Divorced,115330.0,633,38357.04,0.333,0,Active
LN-103042,2023-09-11,North India,Personal Loan,304865.0,48,14.39,25,Salaried,Professional Degree,Married,70810.0,667,8390.65,0.118,1,Active
LN-104825,2023-09-11,West India,Personal Loan,360162.0,36,11.25,31,Salaried,Post-Graduate,Divorced,51828.0,740,11833.93,0.228,0,Active
LN-105134,2023-09-11,East India,Business Loan,1491592.0,84,7.59,24,Salaried,Professional Degree,Divorced,148340.0,685,22944.76,0.155,0,Active
LN-106852,2023-09-11,South India,Education Loan,1273973.0,36,12.46,39,Salaried,Below High School,Married,18775.0,633,42594.58,2.269,6,Defaulted
LN-103556,2023-09-12,North India,Education Loan,922530.0,84,17.19,38,Salaried,Professional Degree,Divorced,125987.0,757,18954.08,0.15,0,Active
LN-104854,2023-09-12,South India,Home Loan,3903021.0,180,18.31,21,Self-Employed,Graduate,Divorced,63627.0,598,63727.53,1.002,3,Active
LN-100033,2023-09-13,Central India,Education Loan,1565015.0,36,10.93,22,Unemployed,Graduate,Married,19786.0,646,51184.72,2.587,9,Written Off
LN-102273,2023-09-13,Central India,Gold Loan,518996.0,6,8.58,46,Unemployed,Professional Degree,Married,23788.0,609,88676.83,3.728,0,Fully Paid
LN-103856,2023-09-13,West India,Personal Loan,115058.0,36,12.55,29,Retired,Professional Degree,Married,122702.0,737,3851.87,0.031,0,Active
LN-106373,2023-09-13,South India,Vehicle Loan,767308.0,60,9.36,41,Salaried,Graduate,Married,57531.0,599,16062.45,0.279,3,Restructured
LN-101490,2023-09-14,North India,Home Loan,2332455.0,120,11.6,23,Retired,Professional Degree,Married,130864.0,617,32926.84,0.252,1,Active
LN-102927,2023-09-14,West India,Personal Loan,220541.0,12,16.5,22,Business Owner,Below High School,Married,18720.0,711,20062.09,1.072,0,Fully Paid
LN-103217,2023-09-14,Central India,Personal Loan,284395.0,36,15.49,51,Salaried,Graduate,Single,67278.0,753,9927.02,0.148,1,Active
LN-103676,2023-09-14,South India,Gold Loan,181230.0,6,11.88,29,Self-Employed,Post-Graduate,Married,103544.0,656,31260.19,0.302,0,Fully Paid
LN-105297,2023-09-14,Central India,Personal Loan,295917.0,24,17.34,44,Business Owner,Graduate,Divorced,71104.0,641,14679.2,0.206,0,Active
LN-106142,2023-09-14,East India,Business Loan,2589646.0,24,17.21,51,Salaried,Post-Graduate,Single,84870.0,602,128299.42,1.512,7,Defaulted
LN-106725,2023-09-14,South India,Personal Loan,52531.0,12,10.18,29,Self-Employed,Professional Degree,Divorced,138465.0,724,4622.71,0.033,0,Fully Paid
LN-106847,2023-09-14,East India,Personal Loan,412441.0,24,11.06,31,Retired,Professional Degree,Married,131608.0,645,19234.47,0.146,2,Active
LN-100937,2023-09-15,West India,Vehicle Loan,1033158.0,72,13.35,32,Salaried,Graduate,Single,52528.0,692,20931.06,0.398,0,Active
LN-101936,2023-09-15,South India,Home Loan,2421758.0,180,16.21,48,Salaried,Post-Graduate,Single,106996.0,655,35923.59,0.336,1,Active
LN-101014,2023-09-16,North India,Home Loan,4604746.0,300,8.67,46,Salaried,High School,Married,33265.0,696,37607.67,1.131,0,Active
LN-102917,2023-09-16,North India,Agriculture Loan,396533.0,24,13.22,28,Retired,Graduate,Divorced,67279.0,771,18892.9,0.281,0,Fully Paid
LN-106059,2023-09-16,Central India,Personal Loan,230962.0,12,14.07,47,Self-Employed,Post-Graduate,Married,83331.0,546,20745.02,0.249,0,Active
LN-106253,2023-09-16,South India,Home Loan,5441786.0,300,8.01,21,Salaried,Post-Graduate,Single,95210.0,778,42036.64,0.442,12,Written Off
LN-100372,2023-09-17,East India,Personal Loan,289064.0,36,10.63,32,Self-Employed,Post-Graduate,Married,67788.0,647,9413.02,0.139,0,Active
LN-102464,2023-09-17,East India,Agriculture Loan,544128.0,12,8.41,36,Salaried,Professional Degree,Married,105580.0,768,47436.05,0.449,0,Fully Paid
LN-104504,2023-09-17,East India,Agriculture Loan,150177.0,24,9.75,70,Retired,Below High School,Married,28040.0,673,6912.59,0.247,0,Fully Paid
LN-100147,2023-09-18,South India,Agriculture Loan,310419.0,24,13.59,38,Self-Employed,High School,Divorced,18780.0,504,14844.06,0.79,6,Restructured
LN-100573,2023-09-18,South India,Personal Loan,308628.0,24,10.79,47,Business Owner,Professional Degree,Divorced,228331.0,742,14354.41,0.063,0,Fully Paid
LN-102859,2023-09-18,East India,Vehicle Loan,890157.0,60,16.13,29,Business Owner,Post-Graduate,Divorced,163934.0,778,21708.42,0.132,0,Active
LN-101845,2023-09-19,Central India,Personal Loan,164820.0,48,11.03,26,Unemployed,High School,Divorced,8883.0,669,4262.26,0.48,10,Defaulted
LN-102656,2023-09-19,South India,Education Loan,1186085.0,36,14.61,36,Business Owner,Post-Graduate,Single,117319.0,719,40889.86,0.349,1,Active
LN-104232,2023-09-19,South India,Agriculture Loan,674321.0,12,10.5,38,Business Owner,Professional Degree,Single,168513.0,742,59440.45,0.353,0,Fully Paid
LN-103028,2023-09-20,West India,Business Loan,4385982.0,84,11.69,23,Business Owner,High School,Divorced,47796.0,701,76699.33,1.605,1,Active
LN-103359,2023-09-20,North India,Home Loan,2464646.0,300,11.83,47,Salaried,Graduate,Married,45182.0,664,25649.18,0.568,1,Active
LN-106263,2023-09-20,East India,Vehicle Loan,228548.0,60,13.04,56,Self-Employed,Professional Degree,Divorced,110314.0,728,5204.85,0.047,1,Active
LN-103655,2023-09-21,South India,Personal Loan,345420.0,24,18.17,42,Self-Employed,Graduate,Divorced,68730.0,770,17273.17,0.251,0,Fully Paid
LN-104584,2023-09-21,South India,Vehicle Loan,807442.0,72,10.22,40,Self-Employed,Post-Graduate,Married,72384.0,687,15048.27,0.208,0,Active
LN-105025,2023-09-21,North India,Vehicle Loan,1054853.0,36,10.39,56,Business Owner,Graduate,Single,66839.0,701,34230.61,0.512,1,Active
LN-105526,2023-09-21,Central India,Home Loan,4690368.0,240,11.41,40,Salaried,High School,Single,30678.0,808,49728.93,1.621,1,Active
LN-101044,2023-09-22,East India,Agriculture Loan,338861.0,12,10.49,43,Self-Employed,High School,Divorced,25312.0,669,29868.55,1.18,0,Fully Paid
LN-103309,2023-09-22,North India,Personal Loan,191894.0,24,7.67,39,Salaried,High School,Married,26349.0,769,8649.99,0.328,0,Fully Paid
LN-104915,2023-09-22,West India,Vehicle Loan,1191809.0,72,16.6,21,Self-Employed,Post-Graduate,Divorced,75103.0,765,26247.84,0.349,1,Active
LN-103045,2023-09-23,East India,Gold Loan,192607.0,24,13.46,49,Salaried,Graduate,Married,48230.0,655,9198.56,0.191,0,Fully Paid
LN-104116,2023-09-23,South India,Business Loan,4559215.0,36,13.32,41,Salaried,High School,Married,36861.0,609,154321.63,4.187,0,Active
LN-104786,2023-09-23,Central India,Home Loan,3984540.0,180,12.1,23,Self-Employed,High School,Divorced,19525.0,617,48077.82,2.462,3,Active
LN-105399,2023-09-23,East India,Business Loan,3363424.0,60,9.65,26,Business Owner,Post-Graduate,Married,143855.0,806,70884.97,0.493,1,Active
LN-106300,2023-09-23,East India,Business Loan,3274524.0,36,13.53,35,Business Owner,Post-Graduate,Married,100005.0,861,111169.43,1.112,0,Active
LN-100620,2023-09-24,South India,Personal Loan,60094.0,12,8.32,26,Self-Employed,Professional Degree,Married,78854.0,703,5236.38,0.066,0,Fully Paid
LN-102301,2023-09-24,South India,Vehicle Loan,994951.0,48,16.74,47,Self-Employed,High School,Divorced,21367.0,559,28575.69,1.337,0,Active
LN-103350,2023-09-24,South India,Personal Loan,221320.0,48,18.38,41,Salaried,High School,Single,23378.0,631,6545.3,0.28,1,Active
LN-103984,2023-09-24,West India,Gold Loan,746148.0,6,16.29,54,Retired,Graduate,Single,51445.0,595,130332.94,2.533,0,Fully Paid
LN-104607,2023-09-24,West India,Personal Loan,234408.0,24,17.74,25,Salaried,Graduate,Married,70553.0,711,11673.18,0.165,0,Fully Paid
LN-100485,2023-09-25,North India,Vehicle Loan,397970.0,72,14.26,41,Unemployed,Professional Degree,Single,44652.0,563,8255.97,0.185,3,Active
LN-100759,2023-09-25,Central India,Vehicle Loan,326696.0,48,18.04,47,Business Owner,Graduate,Single,66600.0,758,9603.52,0.144,0,Active
LN-103769,2023-09-25,Central India,Personal Loan,116462.0,12,14.98,31,Self-Employed,Professional Degree,Divorced,149132.0,708,10510.56,0.07,1,Active
LN-106569,2023-09-25,Central India,Personal Loan,383545.0,12,16.62,45,Salaried,Graduate,Divorced,63321.0,828,34912.0,0.551,0,Fully Paid
LN-102260,2023-09-26,East India,Personal Loan,417488.0,12,18.47,36,Salaried,Graduate,Single,64737.0,900,38368.74,0.593,0,Fully Paid
LN-102853,2023-09-26,South India,Vehicle Loan,574334.0,48,9.49,21,Self-Employed,Professional Degree,Single,127663.0,611,14426.33,0.113,3,Active
LN-102982,2023-09-26,East India,Home Loan,3138926.0,240,9.9,23,Salaried,High School,Divorced,28839.0,645,30083.64,1.043,3,Written Off
LN-105975,2023-09-26,Central India,Agriculture Loan,762265.0,12,17.19,36,Business Owner,Graduate,Single,50897.0,709,69590.94,1.367,0,Fully Paid
LN-101334,2023-09-27,South India,Home Loan,3671071.0,180,10.64,60,Salaried,High School,Divorced,22654.0,698,40899.18,1.805,1,Active
LN-101440,2023-09-27,East India,Agriculture Loan,948027.0,24,11.64,31,Salaried,Professional Degree,Divorced,69015.0,626,44467.71,0.644,1,Active
LN-104795,2023-09-27,East India,Education Loan,1613555.0,84,9.84,42,Salaried,High School,Single,39651.0,678,26653.72,0.672,1,Active
LN-102223,2023-09-28,East India,Home Loan,4360431.0,120,11.25,30,Business Owner,Post-Graduate,Single,174420.0,702,60683.66,0.348,0,Active
LN-100801,2023-09-29,Central India,Gold Loan,464109.0,12,14.49,35,Salaried,Below High School,Married,20072.0,646,41778.09,2.081,0,Fully Paid
LN-100995,2023-09-29,North India,Education Loan,641062.0,60,18.08,43,Salaried,Post-Graduate,Single,89509.0,732,16306.67,0.182,11,Defaulted
LN-102382,2023-09-29,West India,Home Loan,4867484.0,240,16.16,27,Self-Employed,High School,Divorced,29282.0,533,68304.12,2.333,0,Active
LN-103179,2023-09-29,East India,Home Loan,3309461.0,120,14.19,56,Unemployed,Post-Graduate,Single,18692.0,543,51763.57,2.769,6,Restructured
LN-100322,2023-09-30,West India,Business Loan,3624661.0,36,9.73,32,Salaried,Graduate,Divorced,46836.0,645,116498.68,2.487,3,Defaulted
LN-101680,2023-09-30,West India,Vehicle Loan,322177.0,60,12.67,42,Business Owner,Below High School,Married,33330.0,746,7276.21,0.218,1,Active
LN-102182,2023-09-30,South India,Personal Loan,150774.0,48,10.54,32,Salaried,Post-Graduate,Single,111649.0,771,3863.24,0.035,1,Active
LN-105116,2023-09-30,Central India,Gold Loan,767637.0,24,13.11,44,Salaried,Post-Graduate,Divorced,63793.0,685,36534.54,0.573,0,Active
LN-105787,2023-09-30,West India,Business Loan,2907897.0,84,14.19,39,Salaried,Professional Degree,Married,90385.0,791,54799.69,0.606,0,Active
LN-106055,2023-09-30,South India,Education Loan,1055524.0,36,16.5,32,Self-Employed,Post-Graduate,Divorced,63637.0,572,37370.18,0.587,4,Written Off
LN-106884,2023-09-30,East India,Home Loan,2806865.0,120,7.57,37,Self-Employed,Professional Degree,Divorced,95825.0,722,33420.62,0.349,1,Active
LN-100374,2023-10-01,East India,Gold Loan,131003.0,12,14.53,59,Self-Employed,Post-Graduate,Divorced,55304.0,744,11795.08,0.213,0,Fully Paid
LN-101790,2023-10-01,West India,Education Loan,1312089.0,36,15.11,47,Salaried,Post-Graduate,Married,71154.0,702,45554.71,0.64,1,Active
LN-103991,2023-10-01,West India,Personal Loan,102387.0,48,9.76,32,Self-Employed,High School,Single,19702.0,627,2585.01,0.131,0,Active
LN-104410,2023-10-01,East India,Gold Loan,134116.0,12,15.69,47,Business Owner,Post-Graduate,Married,109489.0,641,12148.79,0.111,0,Fully Paid
LN-105476,2023-10-02,South India,Education Loan,1138179.0,120,18.02,25,Salaried,Post-Graduate,Married,93986.0,649,20522.96,0.218,1,Active
LN-105834,2023-10-02,East India,Vehicle Loan,342594.0,60,14.8,35,Business Owner,Graduate,Married,98440.0,743,8114.37,0.082,1,Active
LN-106367,2023-10-02,Central India,Business Loan,4249807.0,24,7.68,49,Salaried,Graduate,Divorced,71887.0,787,191587.61,2.665,0,Fully Paid
LN-100363,2023-10-03,East India,Personal Loan,381590.0,48,9.58,44,Business Owner,Post-Graduate,Single,161968.0,719,9601.32,0.059,0,Active
LN-102329,2023-10-03,East India,Home Loan,3620747.0,300,10.42,21,Salaried,Graduate,Married,56655.0,670,33979.76,0.6,11,Defaulted
LN-106799,2023-10-03,Central India,Vehicle Loan,1023890.0,60,11.99,49,Salaried,High School,Divorced,20171.0,673,22770.69,1.129,1,Active
LN-102553,2023-10-04,South India,Personal Loan,478852.0,36,18.25,39,Business Owner,Post-Graduate,Divorced,121522.0,706,17371.76,0.143,0,Active
LN-103865,2023-10-04,West India,Business Loan,1613102.0,24,8.34,42,Retired,Graduate,Single,44909.0,671,73206.63,1.63,0,Fully Paid
LN-104139,2023-10-04,Central India,Personal Loan,288674.0,36,15.32,39,Salaried,Graduate,Married,32742.0,716,10052.27,0.307,1,Active
LN-101238,2023-10-06,South India,Personal Loan,117606.0,24,10.31,23,Retired,High School,Divorced,32671.0,582,5443.76,0.167,0,Fully Paid
LN-102296,2023-10-06,Central India,Home Loan,2660600.0,180,14.95,35,Business Owner,High School,Single,56042.0,634,37146.34,0.663,3,Active
LN-102869,2023-10-06,South India,Personal Loan,279032.0,24,12.43,40,Retired,Post-Graduate,Married,84800.0,744,13191.11,0.156,0,Fully Paid
LN-101876,2023-10-07,South India,Home Loan,5018783.0,300,12.19,46,Salaried,Graduate,Divorced,66748.0,758,53565.0,0.802,5,Written Off
LN-101998,2023-10-07,South India,Vehicle Loan,848585.0,36,18.26,31,Self-Employed,Post-Graduate,Single,75809.0,845,30789.17,0.406,0,Active
LN-102048,2023-10-07,South India,Gold Loan,617339.0,12,14.63,21,Salaried,Graduate,Single,67288.0,721,55612.25,0.826,0,Fully Paid
LN-104920,2023-10-07,North India,Home Loan,4677950.0,240,17.98,51,Self-Employed,Professional Degree,Single,148722.0,712,72123.35,0.485,0,Active
LN-105026,2023-10-07,Central India,Business Loan,2655241.0,36,7.84,53,Salaried,Professional Degree,Divorced,66836.0,684,83009.76,1.242,8,Written Off
LN-101148,2023-10-08,South India,Education Loan,1207626.0,120,12.34,45,Business Owner,Graduate,Divorced,81137.0,717,17564.11,0.216,1,Active
LN-102249,2023-10-08,South India,Business Loan,564212.0,36,13.04,46,Salaried,Graduate,Married,37981.0,695,19021.4,0.501,10,Defaulted
LN-103407,2023-10-08,Central India,Vehicle Loan,896122.0,72,18.04,37,Self-Employed,Below High School,Single,16713.0,691,20458.83,1.224,1,Active
LN-103539,2023-10-08,Central India,Vehicle Loan,654342.0,60,13.05,40,Salaried,Professional Degree,Single,99250.0,652,14905.04,0.15,1,Active
LN-102395,2023-10-09,South India,Personal Loan,376404.0,36,14.83,44,Business Owner,Post-Graduate,Divorced,109718.0,721,13016.85,0.119,0,Active
LN-103863,2023-10-09,Central India,Education Loan,216674.0,60,10.95,43,Salaried,Professional Degree,Married,142279.0,663,4705.62,0.033,0,Active
LN-101344,2023-10-10,Central India,Vehicle Loan,740627.0,36,11.26,46,Salaried,Professional Degree,Divorced,135160.0,699,24338.47,0.18,1,Active
LN-101435,2023-10-10,East India,Agriculture Loan,692768.0,36,10.66,40,Self-Employed,High School,Single,29719.0,600,22568.95,0.759,5,Restructured
LN-102417,2023-10-10,Central India,Personal Loan,426579.0,24,12.92,43,Retired,Post-Graduate,Single,80943.0,728,20264.32,0.25,0,Fully Paid
LN-105411,2023-10-10,West India,Home Loan,3481526.0,120,16.78,45,Business Owner,Post-Graduate,Divorced,135327.0,650,60023.63,0.444,1,Active
LN-106740,2023-10-10,South India,Personal Loan,211475.0,48,14.79,34,Salaried,Professional Degree,Single,79761.0,640,5863.02,0.074,2,Active
LN-102405,2023-10-11,Central India,Home Loan,5394484.0,300,13.46,35,Salaried,Post-Graduate,Divorced,58036.0,778,62716.73,1.081,0,Active
LN-103565,2023-10-11,West India,Home Loan,4518147.0,300,7.81,54,Self-Employed,Post-Graduate,Divorced,64128.0,688,34305.03,0.535,1,Active
LN-106044,2023-10-11,South India,Home Loan,5584387.0,180,9.51,45,Salaried,High School,Married,37293.0,737,58347.25,1.565,0,Active
LN-106981,2023-10-11,East India,Business Loan,3702797.0,84,12.29,27,Business Owner,Post-Graduate,Divorced,117924.0,722,65940.13,0.559,0,Active
LN-103183,2023-10-12,West India,Business Loan,3104558.0,24,9.68,39,Salaried,High School,Divorced,18707.0,582,142801.5,7.634,3,Active
LN-103189,2023-10-12,Central India,Vehicle Loan,682760.0,48,17.52,40,Self-Employed,Professional Degree,Single,139776.0,658,19885.23,0.142,1,Active
LN-101269,2023-10-13,North India,Home Loan,4678113.0,120,10.72,38,Retired,Graduate,Divorced,55696.0,701,63701.79,1.144,0,Active
LN-102724,2023-10-13,West India,Home Loan,3059662.0,300,8.24,43,Salaried,Post-Graduate,Married,54244.0,690,24103.47,0.444,1,Active
LN-104301,2023-10-13,North India,Vehicle Loan,452866.0,60,17.19,30,Salaried,Post-Graduate,Single,100051.0,802,11301.2,0.113,1,Active
LN-105920,2023-10-13,East India,Home Loan,4616970.0,120,17.33,35,Self-Employed,Graduate,Single,47410.0,465,81209.88,1.713,5,Defaulted
LN-103186,2023-10-14,West India,Business Loan,3961159.0,60,15.46,42,Self-Employed,Graduate,Single,69288.0,589,95194.85,1.374,12,Defaulted
LN-104271,2023-10-14,West India,Gold Loan,148674.0,24,15.38,38,Salaried,Graduate,Divorced,71897.0,712,7235.57,0.101,0,Fully Paid
LN-105864,2023-10-14,North India,Business Loan,4337623.0,84,16.66,48,Business Owner,Graduate,Divorced,90259.0,820,87792.6,0.973,6,Defaulted
LN-106481,2023-10-14,West India,Business Loan,3156535.0,36,14.83,58,Retired,Graduate,Single,35568.0,626,109159.72,3.069,0,Active
LN-100590,2023-10-15,Central India,Gold Loan,593438.0,6,12.69,47,Salaried,Professional Degree,Married,147057.0,648,102599.19,0.698,2,Active
LN-103288,2023-10-15,Central India,Home Loan,5303752.0,300,14.24,52,Salaried,Graduate,Single,43087.0,714,64820.31,1.504,1,Active
LN-101882,2023-10-16,West India,Home Loan,1930135.0,120,9.33,38,Salaried,Graduate,Married,62821.0,717,24796.18,0.395,0,Active
LN-102718,2023-10-16,Central India,Personal Loan,345785.0,36,7.94,45,Salaried,Professional Degree,Divorced,115323.0,690,10826.08,0.094,0,Active
LN-103933,2023-10-16,Central India,Home Loan,2363728.0,180,16.05,21,Business Owner,Graduate,Single,71015.0,786,34798.53,0.49,7,Defaulted
LN-104814,2023-10-16,West India,Home Loan,5381518.0,240,12.07,52,Self-Employed,Post-Graduate,Single,49100.0,736,59517.98,1.212,5,Written Off
LN-100975,2023-10-17,South India,Gold Loan,121561.0,12,15.47,31,Business Owner,Professional Degree,Divorced,234913.0,653,10998.87,0.047,0,Fully Paid
LN-106071,2023-10-17,Central India,Education Loan,441918.0,84,7.62,47,Self-Employed,High School,Married,38778.0,532,6804.46,0.175,7,Written Off
LN-100091,2023-10-18,South India,Education Loan,723382.0,36,15.82,36,Salaried,Post-Graduate,Married,91477.0,719,25367.73,0.277,1,Active
LN-100371,2023-10-18,West India,Business Loan,1312161.0,36,15.46,34,Salaried,Post-Graduate,Divorced,99012.0,742,45782.63,0.462,0,Active
LN-104577,2023-10-18,West India,Vehicle Loan,672974.0,60,17.0,35,Self-Employed,Graduate,Single,53879.0,691,16725.14,0.31,1,Active
LN-100216,2023-10-19,South India,Gold Loan,298679.0,12,14.18,27,Salaried,Post-Graduate,Single,63892.0,637,26842.83,0.42,4,Restructured
LN-101429,2023-10-19,East India,Personal Loan,83081.0,48,15.61,34,Salaried,Graduate,Divorced,63354.0,768,2337.98,0.037,0,Active
LN-103814,2023-10-19,West India,Business Loan,4919484.0,36,9.29,59,Self-Employed,Professional Degree,Divorced,146499.0,643,157103.1,1.072,3,Active
LN-104314,2023-10-19,West India,Personal Loan,216204.0,12,15.76,58,Salaried,Graduate,Divorced,53634.0,806,19591.83,0.365,0,Fully Paid
LN-103647,2023-10-20,North India,Education Loan,303240.0,84,16.36,21,Unemployed,High School,Single,12468.0,563,6085.31,0.488,0,Active
LN-106854,2023-10-20,West India,Home Loan,5704788.0,120,18.34,46,Self-Employed,High School,Single,39032.0,715,104043.83,2.666,0,Active
LN-100394,2023-10-22,South India,Home Loan,5225388.0,240,11.43,50,Retired,Post-Graduate,Single,62071.0,699,55473.27,0.894,1,Active
LN-103450,2023-10-22,South India,Personal Loan,421974.0,36,7.89,33,Unemployed,High School,Single,11539.0,623,13201.73,1.144,0,Active
LN-105266,2023-10-22,Central India,Home Loan,2809840.0,180,13.1,37,Salaried,Graduate,Single,66156.0,801,35736.37,0.54,9,Defaulted
LN-101786,2023-10-23,East India,Education Loan,1317645.0,60,17.51,30,Unemployed,Post-Graduate,Single,29205.0,598,33109.29,1.134,3,Restructured
LN-101916,2023-10-24,South India,Home Loan,2333541.0,240,11.76,21,Salaried,Graduate,Married,31880.0,751,25304.93,0.794,0,Active
LN-104382,2023-10-24,Central India,Home Loan,2804808.0,240,8.97,44,Salaried,Post-Graduate,Single,71660.0,732,25181.49,0.351,0,Active
LN-105943,2023-10-24,West India,Business Loan,1443180.0,60,8.73,21,Salaried,High School,Married,28460.0,630,29769.28,1.046,3,Active
LN-106041,2023-10-24,East India,Gold Loan,743182.0,12,11.21,46,Self-Employed,Post-Graduate,Divorced,49365.0,640,65756.48,1.332,3,Written Off
LN-101203,2023-10-25,North India,Gold Loan,297662.0,24,9.64,46,Self-Employed,High School,Divorced,38360.0,635,13686.18,0.357,2,Active
LN-103250,2023-10-25,East India,Vehicle Loan,203094.0,60,13.58,26,Self-Employed,Graduate,Married,42423.0,687,4681.54,0.11,0,Active
LN-104954,2023-10-25,West India,Business Loan,4103300.0,36,10.6,40,Business Owner,Graduate,Married,67529.0,670,133560.84,1.978,1,Active
LN-105212,2023-10-25,South India,Education Loan,1091324.0,84,16.13,31,Self-Employed,Professional Degree,Married,148576.0,694,21756.83,0.146,1,Active
LN-101218,2023-10-26,East India,Home Loan,4592804.0,300,11.61,34,Self-Employed,Graduate,Married,56810.0,616,47054.27,0.828,0,Active
LN-103347,2023-10-26,East India,Home Loan,4649521.0,180,9.94,31,Salaried,Post-Graduate,Single,79777.0,690,49793.46,0.624,0,Active
LN-105161,2023-10-26,East India,Personal Loan,407707.0,48,16.5,51,Unemployed,Professional Degree,Single,35201.0,607,11659.2,0.331,11,Written Off
LN-105636,2023-10-26,East India,Home Loan,4480361.0,180,11.28,37,Salaried,High School,Single,36525.0,590,51714.16,1.416,2,Active
LN-100006,2023-10-27,East India,Gold Loan,463331.0,6,17.03,38,Business Owner,High School,Divorced,45226.0,596,81102.54,1.793,0,Fully Paid
LN-100421,2023-10-27,West India,Personal Loan,381939.0,12,12.3,45,Salaried,Graduate,Single,40805.0,469,33988.44,0.833,8,Defaulted
LN-101001,2023-10-27,South India,Home Loan,3987924.0,180,10.85,35,Unemployed,High School,Divorced,7957.0,509,44951.71,5.649,11,Written Off
LN-101361,2023-10-27,West India,Gold Loan,417553.0,12,16.4,32,Business Owner,Post-Graduate,Married,151344.0,781,37964.02,0.251,0,Fully Paid
LN-101396,2023-10-27,East India,Home Loan,3930685.0,240,18.41,65,Salaried,High School,Single,17629.0,631,61905.77,3.512,11,Defaulted
LN-101863,2023-10-27,South India,Home Loan,5829308.0,120,16.14,52,Business Owner,High School,Married,42598.0,602,98157.75,2.304,7,Defaulted
LN-103642,2023-10-27,East India,Education Loan,643746.0,120,10.92,49,Salaried,Graduate,Divorced,70500.0,782,8838.48,0.125,0,Active
LN-105514,2023-10-27,West India,Agriculture Loan,643779.0,12,12.75,51,Business Owner,Graduate,Single,84988.0,673,57425.1,0.676,0,Active
LN-105958,2023-10-27,North India,Personal Loan,442828.0,36,11.65,39,Self-Employed,Graduate,Single,42699.0,582,14634.31,0.343,4,Written Off
LN-106318,2023-10-27,North India,Personal Loan,146254.0,36,16.61,36,Salaried,Graduate,Married,44576.0,790,5186.01,0.116,0,Active
LN-100484,2023-10-28,Central India,Home Loan,4063251.0,120,15.86,32,Retired,Graduate,Divorced,57325.0,688,67710.71,1.181,3,Restructured
LN-100552,2023-10-28,North India,Personal Loan,333210.0,36,15.47,35,Self-Employed,Graduate,Single,34108.0,689,11627.67,0.341,1,Active
LN-102973,2023-10-28,West India,Agriculture Loan,541351.0,36,10.88,33,Unemployed,Post-Graduate,Divorced,28267.0,484,17692.39,0.626,12,Written Off
LN-103823,2023-10-28,North India,Gold Loan,499396.0,24,13.03,49,Salaried,Graduate,Single,66193.0,685,23749.23,0.359,1,Active
LN-105905,2023-10-28,East India,Home Loan,1897833.0,300,17.09,49,Salaried,Professional Degree,Married,73001.0,675,27422.46,0.376,0,Active
LN-102730,2023-10-29,North India,Education Loan,1952708.0,60,11.61,32,Salaried,Post-Graduate,Divorced,89783.0,779,43053.05,0.48,1,Active
LN-102277,2023-10-30,West India,Home Loan,2330185.0,120,13.32,40,Self-Employed,High School,Single,17735.0,589,35233.35,1.987,11,Defaulted
LN-105070,2023-10-30,East India,Vehicle Loan,724526.0,60,18.11,37,Business Owner,Below High School,Single,18149.0,635,18441.58,1.016,0,Active
LN-105801,2023-10-30,North India,Personal Loan,360956.0,12,11.5,43,Business Owner,High School,Single,57568.0,732,31986.14,0.556,0,Fully Paid
LN-100268,2023-10-31,East India,Education Loan,1182510.0,36,18.47,49,Salaried,Post-Graduate,Married,71306.0,659,43029.89,0.603,0,Active
LN-101145,2023-10-31,North India,Vehicle Loan,1028804.0,60,8.89,21,Business Owner,Graduate,Single,66161.0,699,21301.4,0.322,0,Active
LN-102437,2023-10-31,West India,Vehicle Loan,211239.0,72,13.16,43,Business Owner,High School,Married,44703.0,689,4258.29,0.095,1,Active
LN-103198,2023-10-31,South India,Vehicle Loan,1167408.0,60,9.14,39,Retired,Graduate,Married,60768.0,714,24312.87,0.4,1,Active
LN-104202,2023-10-31,North India,Home Loan,3485010.0,120,13.46,34,Salaried,Professional Degree,Married,140763.0,711,52984.75,0.376,0,Active
LN-105298,2023-10-31,North India,Education Loan,1795380.0,36,7.78,37,Salaried,Below High School,Single,26540.0,782,56078.65,2.113,5,Defaulted
LN-105482,2023-10-31,West India,Agriculture Loan,136955.0,12,10.5,34,Salaried,High School,Married,37910.0,597,12072.39,0.318,0,Fully Paid
LN-104790,2023-11-01,West India,Home Loan,5009747.0,120,12.58,26,Retired,Below High School,Married,15670.0,726,73565.0,4.695,0,Active
LN-105656,2023-11-01,South India,Education Loan,1533028.0,60,16.49,35,Business Owner,High School,Single,44458.0,691,37680.57,0.848,1,Active
LN-102123,2023-11-02,Central India,Vehicle Loan,635194.0,36,12.86,52,Salaried,High School,Single,32253.0,722,21359.39,0.662,0,Active
LN-106259,2023-11-02,South India,Agriculture Loan,632046.0,24,12.45,32,Salaried,High School,Single,33743.0,755,29885.6,0.886,3,Restructured
LN-100607,2023-11-03,East India,Agriculture Loan,135362.0,36,13.41,22,Retired,Graduate,Single,68493.0,687,4587.66,0.067,1,Active
LN-106601,2023-11-03,West India,Vehicle Loan,486556.0,36,10.46,23,Salaried,Graduate,Single,56820.0,626,15805.08,0.278,1,Active
LN-100985,2023-11-04,Central India,Business Loan,3027039.0,24,13.97,44,Salaried,Graduate,Divorced,40444.0,636,145293.97,3.592,0,Fully Paid
LN-101137,2023-11-04,West India,Personal Loan,405359.0,36,16.75,46,Self-Employed,Professional Degree,Divorced,67436.0,627,14401.77,0.214,3,Active
LN-102170,2023-11-04,North India,Vehicle Loan,645164.0,72,11.86,29,Salaried,Graduate,Divorced,34589.0,790,12566.16,0.363,5,Defaulted
LN-102222,2023-11-04,West India,Home Loan,3370792.0,240,8.8,35,Self-Employed,Graduate,Single,56047.0,598,29895.68,0.533,3,Active
LN-102874,2023-11-04,Central India,Personal Loan,187327.0,12,16.88,37,Self-Employed,Post-Graduate,Divorced,51275.0,634,17074.45,0.333,0,Fully Paid
LN-100241,2023-11-05,West India,Personal Loan,158638.0,36,13.66,24,Business Owner,Graduate,Married,77835.0,705,5395.71,0.069,0,Active
LN-102310,2023-11-05,South India,Home Loan,4171928.0,120,13.8,44,Salaried,Post-Graduate,Single,54180.0,719,64275.3,1.186,0,Active
LN-103986,2023-11-05,South India,Personal Loan,179031.0,24,7.87,22,Retired,Graduate,Divorced,57209.0,628,8086.48,0.141,0,Fully Paid
LN-104017,2023-11-05,North India,Education Loan,1491847.0,60,10.83,35,Self-Employed,Post-Graduate,Divorced,74970.0,716,32310.03,0.431,0,Active
LN-104416,2023-11-05,South India,Education Loan,1523490.0,120,17.83,58,Salaried,High School,Divorced,20591.0,733,27284.52,1.325,4,Restructured
LN-104436,2023-11-05,East India,Agriculture Loan,588954.0,12,11.1,21,Self-Employed,Post-Graduate,Divorced,102614.0,657,52080.21,0.508,0,Fully Paid
LN-100098,2023-11-06,East India,Vehicle Loan,484168.0,60,12.19,47,Salaried,Professional Degree,Married,74096.0,674,10816.59,0.146,0,Active
LN-100637,2023-11-06,North India,Vehicle Loan,797868.0,36,12.44,29,Salaried,Graduate,Married,55056.0,636,26668.62,0.484,3,Active
LN-101578,2023-11-06,West India,Personal Loan,421989.0,36,8.44,29,Salaried,Professional Degree,Single,104851.0,789,13309.42,0.127,0,Active
LN-102291,2023-11-06,South India,Personal Loan,169832.0,12,17.03,32,Self-Employed,Graduate,Single,39334.0,631,15491.9,0.394,3,Restructured
LN-104029,2023-11-06,Central India,Home Loan,4787127.0,180,11.33,38,Self-Employed,Graduate,Single,69280.0,662,55406.42,0.8,2,Restructured
LN-104049,2023-11-06,Central India,Education Loan,1223376.0,36,10.97,31,Retired,Post-Graduate,Divorced,105837.0,621,40034.38,0.378,2,Active
LN-106992,2023-11-06,West India,Gold Loan,61318.0,24,7.81,26,Retired,Post-Graduate,Married,87086.0,688,2767.94,0.032,0,Fully Paid
LN-101852,2023-11-07,South India,Home Loan,3833605.0,300,18.5,40,Self-Employed,Professional Degree,Divorced,113630.0,680,59707.79,0.525,0,Active
LN-104500,2023-11-07,South India,Education Loan,526307.0,36,16.8,40,Salaried,High School,Married,18283.0,689,18711.93,1.023,5,Written Off
LN-106737,2023-11-07,North India,Vehicle Loan,828410.0,48,14.9,51,Salaried,High School,Married,26153.0,652,23013.3,0.88,0,Active
LN-101244,2023-11-08,East India,Home Loan,1707687.0,180,12.42,41,Salaried,High School,Single,28419.0,707,20958.79,0.737,1,Active
LN-102813,2023-11-08,South India,Home Loan,2817187.0,120,14.89,49,Retired,High School,Single,22302.0,570,45261.49,2.029,2,Active
LN-106251,2023-11-08,North India,Home Loan,4936247.0,300,15.19,39,Salaried,Below High School,Divorced,27908.0,723,63953.53,2.292,0,Active
LN-102502,2023-11-09,South India,Education Loan,785369.0,36,15.04,41,Business Owner,Professional Degree,Divorced,176211.0,769,27240.46,0.155,0,Active
LN-103668,2023-11-09,Central India,Vehicle Loan,327989.0,36,16.85,41,Business Owner,Professional Degree,Married,132551.0,841,11669.23,0.088,0,Active
LN-104282,2023-11-09,South India,Personal Loan,198834.0,12,10.17,57,Self-Employed,Professional Degree,Married,88789.0,635,17496.39,0.197,1,Active
LN-104859,2023-11-09,East India,Personal Loan,497733.0,24,8.98,31,Salaried,Post-Graduate,Single,71900.0,736,22734.24,0.316,0,Fully Paid
LN-105071,2023-11-09,West India,Vehicle Loan,1013695.0,48,13.83,41,Salaried,Post-Graduate,Single,107733.0,764,27614.34,0.256,0,Active
LN-105483,2023-11-09,North India,Business Loan,2123563.0,84,11.51,51,Salaried,Post-Graduate,Divorced,56653.0,721,36932.51,0.652,1,Active
LN-102410,2023-11-10,East India,Vehicle Loan,1192829.0,72,9.65,34,Salaried,Post-Graduate,Married,63630.0,679,21888.2,0.344,6,Defaulted
LN-105966,2023-11-10,North India,Vehicle Loan,260334.0,72,12.71,29,Unemployed,High School,Married,8778.0,653,5186.21,0.591,7,Defaulted
LN-101375,2023-11-11,North India,Vehicle Loan,219705.0,60,16.89,31,Unemployed,Professional Degree,Married,21044.0,678,5447.25,0.259,5,Defaulted
LN-100776,2023-11-12,North India,Agriculture Loan,300246.0,36,14.83,32,Salaried,Post-Graduate,Single,77945.0,750,10383.15,0.133,1,Active
LN-101733,2023-11-12,North India,Education Loan,802717.0,120,8.55,26,Salaried,High School,Married,29856.0,739,9974.02,0.334,0,Active
LN-102731,2023-11-12,East India,Personal Loan,259451.0,36,9.19,50,Retired,High School,Divorced,38991.0,680,8273.43,0.212,1,Active
LN-104012,2023-11-12,West India,Personal Loan,296695.0,36,13.94,39,Unemployed,High School,Married,5267.0,658,10131.69,1.924,1,Active
LN-104373,2023-11-12,West India,Personal Loan,182575.0,36,16.88,37,Salaried,Graduate,Divorced,42170.0,764,6498.4,0.154,0,Active
LN-105132,2023-11-12,West India,Home Loan,1725572.0,300,11.06,34,Salaried,Post-Graduate,Married,109153.0,751,16987.46,0.156,5,Restructured
LN-106099,2023-11-12,East India,Personal Loan,496216.0,24,13.59,42,Business Owner,Below High School,Divorced,22885.0,620,23728.76,1.037,0,Fully Paid
LN-101387,2023-11-13,Central India,Personal Loan,468862.0,48,13.93,38,Salaried,Graduate,Married,66193.0,800,12795.89,0.193,0,Active
LN-100045,2023-11-14,East India,Business Loan,1337316.0,84,14.13,51,Salaried,Professional Degree,Divorced,75828.0,699,25157.45,0.332,1,Active
LN-103144,2023-11-15,North India,Education Loan,1733557.0,120,10.36,54,Salaried,Graduate,Divorced,41226.0,730,23256.06,0.564,0,Active
LN-105368,2023-11-15,West India,Vehicle Loan,584166.0,60,11.23,41,Self-Employed,Professional Degree,Married,107763.0,759,12768.29,0.118,1,Active
LN-106105,2023-11-15,North India,Home Loan,3918271.0,240,8.39,44,Salaried,Professional Degree,Divorced,88156.0,628,33731.37,0.383,0,Active
LN-106117,2023-11-15,South India,Gold Loan,510120.0,24,10.78,45,Salaried,Professional Degree,Single,130988.0,727,23723.52,0.181,0,Fully Paid
LN-106837,2023-11-15,South India,Vehicle Loan,699463.0,72,7.86,38,Salaried,Graduate,Single,54361.0,727,12216.09,0.225,1,Active
LN-100366,2023-11-16,South India,Personal Loan,476479.0,12,11.56,38,Retired,Post-Graduate,Divorced,108373.0,669,42236.57,0.39,0,Fully Paid
LN-104741,2023-11-16,West India,Vehicle Loan,277419.0,48,8.43,21,Salaried,Graduate,Single,34243.0,617,6828.74,0.199,2,Restructured
LN-105311,2023-11-16,East India,Business Loan,2110693.0,36,13.82,38,Salaried,Graduate,Divorced,59672.0,825,71954.1,1.206,0,Active
LN-100358,2023-11-17,Central India,Home Loan,2630825.0,300,11.86,48,Salaried,Below High School,Single,25986.0,776,27436.71,1.056,2,Restructured
LN-102204,2023-11-17,East India,Education Loan,367362.0,84,15.98,37,Business Owner,High School,Single,40226.0,673,7292.38,0.181,1,Active
LN-103654,2023-11-17,South India,Education Loan,795758.0,84,10.78,50,Self-Employed,Graduate,Single,34618.0,648,13533.44,0.391,6,Defaulted
LN-101226,2023-11-18,Central India,Education Loan,1463417.0,60,15.48,38,Salaried,Graduate,Single,40896.0,754,35184.39,0.86,0,Active
LN-101593,2023-11-18,North India,Home Loan,2901887.0,240,17.76,26,Salaried,Post-Graduate,Single,110998.0,727,44249.9,0.399,0,Active
LN-101674,2023-11-18,Central India,Vehicle Loan,781661.0,48,11.38,45,Salaried,Below High School,Married,22190.0,739,20346.99,0.917,0,Active
LN-103644,2023-11-18,East India,Education Loan,747051.0,36,14.1,21,Unemployed,Graduate,Married,22437.0,545,25568.73,1.14,4,Defaulted
LN-105214,2023-11-19,Central India,Business Loan,4289976.0,24,7.86,54,Salaried,High School,Divorced,26606.0,711,193750.19,7.282,1,Active
LN-102470,2023-11-20,Central India,Vehicle Loan,396278.0,60,14.65,46,Self-Employed,High School,Married,20263.0,621,9354.78,0.462,10,Defaulted
LN-102740,2023-11-20,East India,Business Loan,883794.0,24,17.14,38,Salaried,Below High School,Single,15471.0,707,43756.25,2.828,0,Fully Paid
LN-104265,2023-11-20,North India,Business Loan,1730696.0,84,14.67,49,Business Owner,Graduate,Divorced,108100.0,818,33077.19,0.306,1,Active
LN-104553,2023-11-20,East India,Personal Loan,476128.0,48,8.04,21,Business Owner,Graduate,Married,85619.0,833,11632.62,0.136,1,Active
LN-105582,2023-11-20,West India,Business Loan,3780279.0,60,17.85,41,Self-Employed,Post-Graduate,Divorced,51416.0,697,95686.04,1.861,0,Active
LN-103989,2023-11-21,North India,Vehicle Loan,1158416.0,36,10.97,30,Self-Employed,Post-Graduate,Single,93669.0,577,37908.6,0.405,1,Active
LN-104022,2023-11-21,North India,Personal Loan,488329.0,12,9.03,33,Business Owner,Post-Graduate,Married,123874.0,718,42711.89,0.345,0,Fully Paid
LN-105703,2023-11-21,North India,Business Loan,943364.0,60,9.4,39,Salaried,Post-Graduate,Single,104598.0,606,19766.33,0.189,0,Active
LN-106705,2023-11-21,East India,Vehicle Loan,1174059.0,72,8.19,31,Self-Employed,Below High School,Divorced,23678.0,718,20694.15,0.874,1,Active
LN-101176,2023-11-22,Central India,Business Loan,768205.0,60,9.14,32,Business Owner,Post-Graduate,Married,100571.0,620,15998.92,0.159,1,Active
LN-102883,2023-11-22,North India,Personal Loan,276386.0,36,14.99,36,Salaried,Graduate,Married,42006.0,597,9579.66,0.228,0,Active
LN-105288,2023-11-22,Central India,Home Loan,4230640.0,300,15.29,37,Unemployed,Professional Degree,Married,22743.0,544,55140.99,2.425,3,Restructured
LN-103092,2023-11-23,West India,Business Loan,942715.0,60,18.24,48,Retired,Graduate,Divorced,34614.0,571,24062.02,0.695,2,Active
LN-105758,2023-11-23,South India,Gold Loan,419602.0,12,17.56,28,Retired,High School,Single,19835.0,698,38381.3,1.935,0,Active
LN-106878,2023-11-23,Central India,Agriculture Loan,896624.0,36,9.75,34,Self-Employed,Professional Degree,Married,127026.0,646,28826.41,0.227,3,Written Off
LN-100688,2023-11-24,West India,Vehicle Loan,434423.0,72,12.09,21,Business Owner,High School,Divorced,52123.0,580,8513.4,0.163,0,Active
LN-100976,2023-11-24,Central India,Education Loan,715197.0,120,16.12,35,Self-Employed,Graduate,Single,40622.0,601,12034.03,0.296,4,Restructured
LN-102432,2023-11-24,Central India,Vehicle Loan,1164745.0,72,7.68,39,Salaried,High School,Single,23790.0,581,20240.25,0.851,2,Restructured
LN-101590,2023-11-25,North India,Home Loan,5571538.0,240,8.36,39,Salaried,Graduate,Single,70196.0,732,47858.56,0.682,0,Active
LN-103158,2023-11-25,West India,Personal Loan,311670.0,12,10.65,32,Retired,High School,Single,28904.0,677,27495.05,0.951,0,Fully Paid
LN-103299,2023-11-26,South India,Education Loan,557410.0,120,7.63,26,Salaried,Graduate,Divorced,59706.0,650,6654.44,0.111,0,Active
LN-102955,2023-11-27,Central India,Home Loan,2956357.0,240,10.82,42,Salaried,Graduate,Divorced,34118.0,733,30153.85,0.884,0,Active
LN-104884,2023-11-27,West India,Home Loan,2376666.0,240,8.75,36,Salaried,Post-Graduate,Married,56152.0,770,21002.85,0.374,1,Active
LN-101528,2023-11-28,Central India,Education Loan,1345734.0,84,8.79,32,Salaried,Professional Degree,Divorced,77293.0,724,21508.47,0.278,0,Active
LN-103967,2023-11-28,South India,Personal Loan,166080.0,48,16.72,38,Salaried,Post-Graduate,Divorced,58499.0,651,4768.22,0.082,0,Active
LN-104287,2023-11-28,South India,Business Loan,2703067.0,84,14.43,39,Business Owner,High School,Single,42464.0,724,51299.76,1.208,5,Defaulted
LN-104707,2023-11-28,South India,Home Loan,2697199.0,180,15.82,36,Self-Employed,Graduate,Married,51190.0,686,39275.81,0.767,1,Active
LN-105137,2023-11-28,South India,Business Loan,2461066.0,84,15.21,30,Salaried,Graduate,Married,50446.0,659,47781.01,0.947,0,Active
LN-100145,2023-11-29,Central India,Gold Loan,663127.0,12,16.35,31,Self-Employed,Graduate,Divorced,37020.0,721,60275.97,1.628,0,Fully Paid
LN-101676,2023-11-29,East India,Education Loan,233051.0,60,10.15,53,Salaried,Graduate,Divorced,52303.0,770,4968.86,0.095,1,Active
LN-103452,2023-11-29,South India,Gold Loan,555252.0,24,11.88,38,Self-Employed,Professional Degree,Married,67600.0,774,26106.53,0.386,0,Fully Paid
LN-102235,2023-11-30,East India,Home Loan,2003015.0,180,9.15,53,Salaried,Post-Graduate,Single,77029.0,791,20495.03,0.266,0,Active
LN-101559,2023-12-01,South India,Home Loan,5792710.0,120,15.62,35,Salaried,Graduate,Divorced,63544.0,627,95668.18,1.506,2,Active
LN-103438,2023-12-01,West India,Home Loan,1615571.0,300,14.37,54,Salaried,Graduate,Single,59263.0,681,19906.29,0.336,0,Active
LN-100924,2023-12-02,Central India,Gold Loan,52379.0,12,11.2,25,Business Owner,Post-Graduate,Married,169849.0,725,4634.23,0.027,0,Fully Paid
LN-101109,2023-12-02,East India,Personal Loan,99877.0,24,14.45,28,Retired,Graduate,Divorced,48412.0,685,4816.64,0.099,0,Fully Paid
LN-105283,2023-12-02,South India,Vehicle Loan,973540.0,72,14.55,36,Salaried,High School,Divorced,38111.0,695,20348.35,0.534,0,Active
LN-105639,2023-12-02,North India,Home Loan,4407067.0,180,16.03,25,Salaried,Professional Degree,Divorced,73203.0,735,64818.83,0.885,10,Defaulted
LN-106058,2023-12-02,South India,Personal Loan,178809.0,24,9.3,48,Business Owner,Professional Degree,Divorced,196142.0,709,8193.48,0.042,0,Fully Paid
LN-106316,2023-12-02,East India,Vehicle Loan,1070974.0,72,7.84,49,Salaried,Graduate,Single,67566.0,661,18694.09,0.277,1,Active
LN-101522,2023-12-03,Central India,Personal Loan,400478.0,48,17.83,36,Business Owner,Graduate,Single,82630.0,618,11728.5,0.142,5,Written Off
LN-101957,2023-12-03,South India,Gold Loan,588100.0,24,9.57,40,Business Owner,High School,Married,41855.0,797,27021.26,0.646,0,Fully Paid
LN-104693,2023-12-03,South India,Education Loan,1525489.0,120,8.32,42,Salaried,High School,Married,32975.0,687,18767.34,0.569,1,Active
LN-101011,2023-12-04,West India,Vehicle Loan,1093405.0,48,14.57,21,Self-Employed,High School,Divorced,24111.0,565,30192.48,1.252,6,Written Off
LN-103248,2023-12-04,South India,Home Loan,2767135.0,300,8.35,33,Salaried,Graduate,Divorced,68346.0,632,22002.71,0.322,4,Restructured
LN-105203,2023-12-04,West India,Vehicle Loan,1155099.0,36,18.07,21,Self-Employed,Professional Degree,Married,121499.0,615,41800.17,0.344,1,Active
LN-106322,2023-12-04,South India,Personal Loan,448006.0,24,9.07,36,Self-Employed,Graduate,Divorced,38559.0,686,20481.43,0.531,1,Active
LN-100472,2023-12-05,South India,Personal Loan,384517.0,48,11.08,54,Self-Employed,Professional Degree,Married,117502.0,674,9952.99,0.085,1,Active
LN-101359,2023-12-05,East India,Personal Loan,170682.0,24,8.23,26,Salaried,Graduate,Divorced,31575.0,754,7737.4,0.245,0,Fully Paid
LN-101879,2023-12-05,East India,Vehicle Loan,586218.0,48,17.8,21,Self-Employed,Graduate,Single,39497.0,593,17158.95,0.434,0,Active
LN-102662,2023-12-05,South India,Business Loan,3331523.0,24,12.18,30,Self-Employed,High School,Married,31139.0,728,157106.55,5.045,0,Fully Paid
LN-102816,2023-12-05,South India,Vehicle Loan,570862.0,48,16.92,47,Self-Employed,Graduate,Married,54265.0,735,16448.63,0.303,1,Active
LN-103906,2023-12-05,West India,Agriculture Loan,520647.0,12,14.77,33,Retired,High School,Divorced,18241.0,493,46936.23,2.573,0,Active
LN-101475,2023-12-06,East India,Home Loan,5289260.0,240,8.88,34,Self-Employed,Graduate,Divorced,38958.0,755,47181.41,1.211,0,Active
LN-103338,2023-12-06,East India,Personal Loan,394860.0,36,9.92,21,Unemployed,Graduate,Single,19570.0,528,12726.2,0.65,3,Written Off
LN-104985,2023-12-06,North India,Vehicle Loan,532854.0,60,13.35,35,Salaried,Graduate,Divorced,39096.0,766,12219.75,0.313,1,Active
LN-105623,2023-12-06,South India,Gold Loan,329319.0,24,15.92,55,Salaried,Professional Degree,Married,149668.0,657,16111.9,0.108,0,Fully Paid
LN-100811,2023-12-07,Central India,Home Loan,4550486.0,300,8.15,43,Retired,Graduate,Single,56679.0,704,35574.75,0.628,10,Defaulted
LN-101248,2023-12-07,East India,Vehicle Loan,678675.0,48,17.09,43,Salaried,Professional Degree,Divorced,128097.0,737,19614.81,0.153,0,Active
LN-102488,2023-12-07,Central India,Business Loan,747497.0,84,14.18,28,Salaried,Graduate,Married,32436.0,685,14082.54,0.434,1,Active
LN-103597,2023-12-07,East India,Personal Loan,212695.0,36,15.85,30,Retired,Post-Graduate,Married,92119.0,644,7461.98,0.081,1,Active
LN-103496,2023-12-08,South India,Business Loan,1891736.0,84,9.44,43,Self-Employed,Graduate,Married,59327.0,748,30860.4,0.52,0,Active
LN-104722,2023-12-08,West India,Business Loan,4453100.0,24,17.74,37,Self-Employed,Professional Degree,Divorced,135927.0,734,221758.0,1.631,0,Fully Paid
LN-105159,2023-12-08,Central India,Home Loan,1749515.0,180,10.14,37,Salaried,High School,Divorced,36225.0,585,18950.5,0.523,1,Active
LN-105979,2023-12-08,North India,Business Loan,4486430.0,36,12.37,25,Retired,Graduate,Divorced,37945.0,706,149807.76,3.948,1,Active
LN-106013,2023-12-08,North India,Home Loan,1797441.0,180,13.62,40,Business Owner,Professional Degree,Single,180687.0,611,23480.13,0.13,1,Active
LN-100635,2023-12-09,East India,Personal Loan,390063.0,48,16.11,49,Salaried,Professional Degree,Single,106925.0,754,11076.48,0.104,0,Active
LN-100871,2023-12-09,West India,Vehicle Loan,659265.0,60,12.2,33,Salaried,Graduate,Divorced,33658.0,647,14731.7,0.438,6,Restructured
LN-102909,2023-12-09,North India,Vehicle Loan,341191.0,72,8.92,46,Salaried,Graduate,Single,63207.0,810,6136.61,0.097,1,Active
LN-101420,2023-12-10,South India,Personal Loan,103352.0,36,16.48,43,Self-Employed,Graduate,Married,45320.0,573,3658.09,0.081,2,Restructured
LN-101553,2023-12-10,West India,Personal Loan,349431.0,24,18.35,35,Self-Employed,High School,Divorced,39345.0,680,17504.18,0.445,0,Fully Paid
LN-103507,2023-12-10,North India,Home Loan,1640409.0,240,10.21,50,Salaried,Graduate,Divorced,54310.0,685,16059.21,0.296,1,Active
LN-103900,2023-12-10,South India,Education Loan,1786086.0,36,10.32,57,Salaried,High School,Divorced,39282.0,704,57900.68,1.474,0,Active
LN-100964,2023-12-11,East India,Personal Loan,229622.0,24,11.88,43,Salaried,Post-Graduate,Married,111256.0,725,10796.24,0.097,0,Fully Paid
LN-102052,2023-12-11,East India,Vehicle Loan,1125580.0,36,11.06,33,Self-Employed,Post-Graduate,Divorced,56418.0,617,36882.04,0.654,3,Written Off
LN-103081,2023-12-11,South India,Personal Loan,162266.0,48,13.65,33,Self-Employed,High School,Divorced,25819.0,684,4405.72,0.171,0,Active
LN-106042,2023-12-11,North India,Personal Loan,358493.0,24,9.11,48,Salaried,Graduate,Married,40487.0,718,16395.76,0.405,0,Active
LN-106831,2023-12-11,East India,Education Loan,1321152.0,120,17.1,36,Business Owner,Professional Degree,Single,96648.0,697,23045.1,0.238,1,Active
LN-100382,2023-12-12,West India,Home Loan,4162143.0,240,10.06,43,Self-Employed,Professional Degree,Divorced,98411.0,690,40331.18,0.41,0,Active
LN-102354,2023-12-12,East India,Personal Loan,91024.0,36,8.11,46,Retired,Post-Graduate,Divorced,51319.0,659,2856.98,0.056,0,Active
LN-103956,2023-12-12,West India,Vehicle Loan,1003043.0,48,17.85,32,Self-Employed,Post-Graduate,Married,65238.0,791,29385.83,0.45,1,Active
LN-104736,2023-12-12,Central India,Home Loan,2501278.0,180,12.58,43,Business Owner,Post-Graduate,Single,159588.0,773,30959.14,0.194,1,Active
LN-106237,2023-12-12,West India,Gold Loan,551030.0,24,14.65,27,Retired,Professional Degree,Single,87925.0,766,26626.06,0.303,0,Fully Paid
LN-101114,2023-12-13,South India,Personal Loan,50666.0,24,17.77,46,Self-Employed,Post-Graduate,Married,66429.0,632,2523.83,0.038,0,Fully Paid
LN-101204,2023-12-13,East India,Vehicle Loan,717902.0,60,15.21,32,Salaried,Post-Graduate,Divorced,105292.0,718,17158.08,0.163,1,Active
LN-106124,2023-12-13,North India,Education Loan,688850.0,120,13.2,43,Salaried,Graduate,Single,52943.0,740,10366.69,0.196,0,Active
LN-106412,2023-12-13,Central India,Personal Loan,371181.0,12,15.36,39,Self-Employed,High School,Single,21084.0,603,33565.26,1.592,1,Active
LN-100052,2023-12-14,Central India,Vehicle Loan,1012971.0,48,9.65,52,Salaried,Post-Graduate,Divorced,110814.0,779,25521.63,0.23,1,Active
LN-100850,2023-12-14,North India,Home Loan,2716621.0,120,14.25,35,Salaried,Graduate,Divorced,45200.0,781,42589.31,0.942,1,Active
LN-100963,2023-12-14,North India,Home Loan,2183248.0,240,17.35,25,Self-Employed,Graduate,Divorced,53366.0,681,32606.26,0.611,12,Written Off
LN-101110,2023-12-14,West India,Home Loan,4013949.0,240,16.47,29,Salaried,Post-Graduate,Married,49491.0,652,57264.39,1.157,0,Active
LN-102818,2023-12-14,Central India,Home Loan,5378841.0,120,15.68,52,Unemployed,Post-Graduate,Married,20060.0,600,89032.93,4.438,3,Defaulted
LN-103722,2023-12-14,North India,Home Loan,3386745.0,120,7.85,39,Salaried,Post-Graduate,Single,62799.0,696,40822.62,0.65,4,Restructured
LN-103972,2023-12-14,Central India,Agriculture Loan,250219.0,36,18.21,21,Self-Employed,Graduate,Married,69514.0,671,9072.4,0.131,1,Active
LN-104033,2023-12-14,Central India,Business Loan,798497.0,84,9.66,35,Salaried,Graduate,Divorced,70309.0,714,13116.14,0.187,0,Active
LN-105813,2023-12-14,West India,Personal Loan,129122.0,36,14.59,21,Unemployed,Graduate,Divorced,18019.0,442,4450.18,0.247,12,Defaulted
LN-101060,2023-12-15,West India,Business Loan,2644365.0,84,9.35,25,Self-Employed,Post-Graduate,Married,105994.0,698,43016.6,0.406,1,Active
LN-101793,2023-12-15,South India,Personal Loan,187550.0,12,9.39,52,Self-Employed,High School,Divorced,38324.0,683,16435.46,0.429,0,Fully Paid
LN-104902,2023-12-16,West India,Gold Loan,318240.0,12,14.34,29,Business Owner,Post-Graduate,Divorced,125686.0,660,28624.79,0.228,0,Fully Paid
LN-100056,2023-12-17,East India,Business Loan,1651012.0,60,13.99,39,Salaried,Graduate,Single,55701.0,702,38407.6,0.69,1,Active
LN-101849,2023-12-17,East India,Vehicle Loan,776342.0,36,9.99,21,Salaried,Graduate,Divorced,36867.0,681,25046.73,0.679,1,Active
LN-104098,2023-12-17,East India,Gold Loan,136389.0,24,8.46,54,Salaried,High School,Married,27516.0,640,6197.16,0.225,0,Fully Paid
LN-100233,2023-12-18,East India,Gold Loan,603435.0,24,10.12,46,Self-Employed,Graduate,Single,45472.0,657,27878.9,0.613,1,Active
LN-100840,2023-12-18,West India,Education Loan,1534258.0,120,9.36,38,Self-Employed,Professional Degree,Divorced,106547.0,782,19735.51,0.185,1,Active
LN-103909,2023-12-18,East India,Home Loan,5196167.0,300,11.56,23,Self-Employed,Post-Graduate,Single,55445.0,682,53045.54,0.957,7,Written Off
LN-105206,2023-12-18,West India,Agriculture Loan,833236.0,12,9.88,38,Self-Employed,Post-Graduate,Single,60181.0,609,73208.19,1.216,0,Fully Paid
LN-101122,2023-12-19,North India,Business Loan,4042696.0,24,16.12,41,Business Owner,Graduate,Single,45383.0,743,198174.85,4.367,0,Fully Paid
LN-101517,2023-12-19,West India,Education Loan,773062.0,60,18.21,32,Self-Employed,High School,Married,31234.0,531,19719.11,0.631,7,Written Off
LN-104058,2023-12-19,East India,Business Loan,3412338.0,84,8.26,33,Salaried,High School,Married,21952.0,689,53628.53,2.443,0,Active
LN-104385,2023-12-19,East India,Education Loan,791004.0,36,7.56,50,Business Owner,Graduate,Single,90374.0,747,24626.95,0.273,0,Active
LN-106332,2023-12-19,South India,Home Loan,1678171.0,120,10.67,35,Business Owner,Post-Graduate,Married,120234.0,757,22804.44,0.19,1,Active
LN-100668,2023-12-20,West India,Home Loan,5441846.0,300,12.23,44,Salaried,Post-Graduate,Single,102196.0,668,58241.84,0.57,1,Active
LN-102181,2023-12-20,South India,Home Loan,5909084.0,300,17.8,51,Self-Employed,Post-Graduate,Single,99368.0,625,88721.98,0.893,5,Defaulted
LN-102319,2023-12-20,Central India,Vehicle Loan,1068207.0,72,10.58,57,Self-Employed,High School,Divorced,25643.0,795,20103.29,0.784,9,Defaulted
LN-104249,2023-12-20,East India,Education Loan,382298.0,84,14.81,22,Salaried,Below High School,Divorced,14434.0,863,7336.42,0.508,0,Active
LN-105175,2023-12-20,East India,Agriculture Loan,773900.0,24,15.37,35,Salaried,Post-Graduate,Single,74930.0,694,37660.01,0.503,0,Fully Paid
LN-105221,2023-12-21,South India,Personal Loan,349538.0,12,16.78,39,Salaried,Post-Graduate,Divorced,67341.0,798,31843.04,0.473,0,Fully Paid
LN-105584,2023-12-21,South India,Business Loan,4230550.0,36,10.69,25,Self-Employed,Graduate,Divorced,31717.0,654,137882.54,4.347,1,Active
LN-106279,2023-12-21,East India,Home Loan,4637173.0,180,18.13,57,Salaried,Professional Degree,Divorced,101970.0,598,75112.14,0.737,7,Defaulted
LN-106928,2023-12-21,West India,Personal Loan,303388.0,12,10.32,27,Self-Employed,Graduate,Single,33897.0,604,26717.8,0.788,4,Restructured
LN-100845,2023-12-22,East India,Personal Loan,324409.0,12,17.88,36,Salaried,High School,Married,25284.0,610,29723.29,1.176,0,Fully Paid
LN-101034,2023-12-23,South India,Personal Loan,51585.0,24,13.96,37,Salaried,Professional Degree,Married,119812.0,646,2475.77,0.021,0,Fully Paid
LN-101099,2023-12-23,West India,Home Loan,2612059.0,120,14.53,45,Self-Employed,Post-Graduate,Divorced,62827.0,724,41393.01,0.659,9,Written Off
LN-106923,2023-12-23,East India,Home Loan,4287012.0,180,18.44,29,Salaried,Post-Graduate,Divorced,88061.0,597,70400.35,0.799,3,Active
LN-104639,2023-12-24,Central India,Personal Loan,386851.0,12,15.56,24,Self-Employed,High School,Single,38619.0,655,35018.82,0.907,0,Active
LN-101770,2023-12-25,Central India,Personal Loan,221287.0,48,14.06,37,Salaried,Graduate,Divorced,42014.0,637,6053.66,0.144,1,Active
LN-101171,2023-12-26,East India,Vehicle Loan,266283.0,48,10.4,21,Salaried,Post-Graduate,Married,104964.0,683,6804.89,0.065,1,Active
LN-102954,2023-12-26,North India,Business Loan,1877854.0,24,15.27,32,Salaried,Graduate,Single,51475.0,670,91291.92,1.774,0,Fully Paid
LN-105518,2023-12-26,South India,Home Loan,3496204.0,180,15.66,55,Salaried,Below High School,Married,19288.0,711,50522.41,2.619,10,Written Off
LN-106244,2023-12-26,South India,Personal Loan,360006.0,48,13.13,45,Salaried,High School,Married,19636.0,775,9681.3,0.493,0,Active
LN-103581,2023-12-27,East India,Education Loan,1853873.0,84,16.02,44,Business Owner,Graduate,Married,81175.0,753,36842.86,0.454,1,Active
LN-105854,2023-12-27,Central India,Gold Loan,590804.0,12,16.01,44,Salaried,Professional Degree,Married,87734.0,739,53606.95,0.611,3,Restructured
LN-100604,2023-12-28,South India,Home Loan,2996990.0,240,9.84,45,Salaried,High School,Single,23901.0,666,28604.62,1.197,1,Active
LN-100652,2023-12-28,Central India,Education Loan,890902.0,60,8.84,36,Self-Employed,Below High School,Single,27619.0,671,18424.56,0.667,0,Active
LN-103409,2023-12-28,North India,Personal Loan,225584.0,48,11.38,46,Self-Employed,High School,Married,33316.0,705,5872.05,0.176,1,Active
LN-100659,2023-12-29,North India,Vehicle Loan,607406.0,72,14.91,35,Self-Employed,High School,Divorced,30524.0,601,12813.94,0.42,1,Active
LN-100689,2023-12-29,West India,Vehicle Loan,1008272.0,60,8.33,65,Unemployed,Graduate,Single,15914.0,555,20603.73,1.295,1,Active
LN-104391,2023-12-29,South India,Home Loan,2769860.0,300,15.22,41,Salaried,Graduate,Married,53408.0,756,35950.67,0.673,0,Active
LN-105173,2023-12-30,East India,Personal Loan,281649.0,24,14.9,44,Business Owner,Post-Graduate,Married,117638.0,762,13642.84,0.116,0,Fully Paid
LN-105312,2023-12-30,South India,Personal Loan,246996.0,48,11.33,55,Business Owner,Graduate,Divorced,105045.0,709,6423.4,0.061,1,Active
LN-100987,2023-12-31,East India,Business Loan,3008575.0,60,17.92,35,Retired,Professional Degree,Single,141826.0,657,76267.16,0.538,3,Written Off
LN-102347,2023-12-31,Central India,Personal Loan,139082.0,48,7.74,30,Self-Employed,Below High School,Single,12824.0,712,3378.45,0.263,0,Active
LN-104604,2023-12-31,West India,Agriculture Loan,592720.0,24,18.11,41,Salaried,Graduate,Single,51810.0,758,29622.53,0.572,0,Fully Paid
LN-100415,2024-01-01,East India,Home Loan,5101658.0,300,16.59,29,Salaried,Post-Graduate,Divorced,70425.0,721,71696.15,1.018,0,Active
LN-102014,2024-01-01,Central India,Home Loan,5717630.0,300,12.24,25,Self-Employed,Graduate,Divorced,66980.0,709,61235.89,0.914,3,Defaulted
LN-102532,2024-01-01,North India,Business Loan,3625494.0,36,11.05,50,Self-Employed,Post-Graduate,Married,111412.0,776,118779.89,1.066,11,Defaulted
LN-104351,2024-01-01,South India,Personal Loan,271502.0,12,18.32,34,Self-Employed,Professional Degree,Married,115501.0,714,24932.67,0.216,0,Fully Paid
LN-106698,2024-01-01,East India,Education Loan,1406195.0,36,14.53,22,Business Owner,Post-Graduate,Married,81716.0,740,48423.18,0.593,0,Active
LN-101838,2024-01-02,South India,Agriculture Loan,702605.0,24,8.95,36,Business Owner,Graduate,Married,79472.0,772,32082.21,0.404,1,Active
LN-106354,2024-01-02,Central India,Home Loan,5605298.0,180,18.36,42,Business Owner,Graduate,Divorced,104765.0,696,91724.48,0.876,0,Active
LN-102450,2024-01-03,Central India,Business Loan,2243578.0,60,17.96,32,Salaried,High School,Married,37460.0,711,56923.33,1.52,1,Active
LN-103786,2024-01-03,Central India,Business Loan,3272191.0,24,16.23,21,Self-Employed,Below High School,Single,20832.0,721,160576.48,7.708,0,Fully Paid
LN-103973,2024-01-03,East India,Home Loan,4665557.0,120,14.7,33,Self-Employed,Post-Graduate,Married,55013.0,819,74416.91,1.353,12,Written Off
LN-100888,2024-01-04,Central India,Agriculture Loan,388781.0,12,15.65,45,Business Owner,High School,Married,31212.0,603,35210.07,1.128,3,Active
LN-102010,2024-01-04,North India,Vehicle Loan,433645.0,36,17.3,32,Business Owner,Graduate,Married,107491.0,760,15525.45,0.144,0,Active
LN-102367,2024-01-04,Central India,Personal Loan,237202.0,36,13.21,35,Salaried,High School,Divorced,33583.0,755,8016.29,0.239,1,Active
LN-103589,2024-01-04,East India,Vehicle Loan,1072048.0,72,16.49,31,Business Owner,Graduate,Married,101508.0,713,23544.87,0.232,1,Active
LN-104717,2024-01-04,South India,Home Loan,4962808.0,240,17.43,36,Salaried,Graduate,Single,58559.0,613,74421.68,1.271,4,Restructured
LN-106190,2024-01-04,South India,Business Loan,4611550.0,24,8.0,42,Salaried,High School,Married,33916.0,695,208567.92,6.15,1,Active
LN-106972,2024-01-04,West India,Personal Loan,437403.0,36,15.34,48,Salaried,Professional Degree,Married,79480.0,672,15235.65,0.192,0,Active
LN-101002,2024-01-05,East India,Vehicle Loan,596825.0,72,13.91,27,Salaried,Professional Degree,Divorced,129959.0,713,12269.28,0.094,1,Active
LN-103649,2024-01-05,South India,Business Loan,3462220.0,36,11.04,33,Business Owner,Graduate,Divorced,51248.0,688,113414.24,2.213,3,Defaulted
LN-104544,2024-01-05,South India,Business Loan,4439242.0,36,8.55,27,Salaried,Graduate,Married,66816.0,688,140238.81,2.099,1,Active
LN-105139,2024-01-05,East India,Education Loan,340191.0,84,10.76,36,Self-Employed,High School,Married,29258.0,563,5782.06,0.198,0,Active
LN-105258,2024-01-05,South India,Personal Loan,169928.0,12,14.21,21,Salaried,Graduate,Divorced,53440.0,550,15274.14,0.286,1,Active
LN-100408,2024-01-06,South India,Home Loan,5753153.0,120,16.72,30,Salaried,Graduate,Married,60900.0,735,98970.03,1.625,5,Defaulted
LN-101745,2024-01-06,East India,Vehicle Loan,421727.0,48,8.59,42,Self-Employed,Post-Graduate,Single,64923.0,524,10412.78,0.16,5,Restructured
LN-100200,2024-01-07,West India,Gold Loan,402409.0,6,9.36,41,Self-Employed,Graduate,Single,50196.0,663,68910.98,1.373,0,Fully Paid
LN-100449,2024-01-07,East India,Agriculture Loan,775720.0,12,17.59,48,Business Owner,Graduate,Married,59332.0,575,70966.73,1.196,3,Active
LN-103839,2024-01-07,South India,Vehicle Loan,685613.0,36,11.5,24,Salaried,High School,Married,36312.0,586,22608.78,0.623,0,Active
LN-104145,2024-01-07,Central India,Home Loan,4586517.0,300,15.05,54,Retired,Professional Degree,Married,148022.0,731,58923.5,0.398,7,Written Off
LN-104182,2024-01-07,Central India,Education Loan,314700.0,36,17.4,52,Business Owner,Post-Graduate,Divorced,143576.0,793,11282.66,0.079,1,Active
LN-104714,2024-01-07,Central India,Education Loan,984732.0,36,18.05,30,Self-Employed,Professional Degree,Single,144790.0,572,35625.13,0.246,2,Active
LN-105600,2024-01-07,East India,Education Loan,1737939.0,36,10.37,38,Salaried,High School,Married,22871.0,740,56380.79,2.465,1,Active
LN-106460,2024-01-07,West India,Personal Loan,66908.0,24,12.49,35,Retired,Professional Degree,Divorced,92967.0,693,3164.92,0.034,0,Fully Paid
LN-100111,2024-01-08,Central India,Personal Loan,94457.0,48,8.82,21,Business Owner,Post-Graduate,Single,109012.0,666,2342.5,0.021,0,Active
LN-101358,2024-01-09,West India,Business Loan,2236658.0,24,16.88,49,Salaried,Graduate,Single,55286.0,703,110456.51,1.998,1,Active
LN-102607,2024-01-09,Central India,Personal Loan,425292.0,48,11.7,32,Business Owner,Professional Degree,Divorced,115292.0,649,11137.03,0.097,1,Active
LN-106801,2024-01-10,West India,Vehicle Loan,670054.0,72,10.45,48,Business Owner,High School,Divorced,56307.0,738,12565.9,0.223,6,Defaulted
LN-101192,2024-01-11,West India,Education Loan,744895.0,84,13.39,50,Salaried,High School,Single,32672.0,692,13709.54,0.42,1,Active
LN-101885,2024-01-11,East India,Vehicle Loan,373469.0,72,10.78,42,Business Owner,Graduate,Divorced,87513.0,675,7066.63,0.081,1,Active
LN-103573,2024-01-11,West India,Education Loan,1912338.0,84,16.75,28,Salaried,Post-Graduate,Single,92038.0,768,38804.37,0.422,0,Active
LN-105327,2024-01-11,North India,Agriculture Loan,699550.0,12,17.06,41,Unemployed,Graduate,Single,19210.0,532,63822.21,3.322,8,Defaulted
LN-105443,2024-01-11,South India,Home Loan,2785501.0,300,12.68,31,Salaried,High School,Divorced,18945.0,671,30746.59,1.623,11,Written Off
LN-102254,2024-01-12,East India,Personal Loan,282990.0,48,16.52,62,Salaried,Below High School,Single,14251.0,798,8095.58,0.568,1,Active
LN-106949,2024-01-12,South India,Personal Loan,146086.0,48,13.62,50,Retired,Graduate,Married,62187.0,581,3964.22,0.064,1,Active
LN-100642,2024-01-13,West India,Personal Loan,105501.0,12,13.25,42,Self-Employed,Graduate,Single,37602.0,663,9435.44,0.251,0,Fully Paid
LN-106507,2024-01-13,West India,Home Loan,2223613.0,120,10.01,39,Salaried,High School,Single,28898.0,630,29397.52,1.017,5,Restructured
LN-100448,2024-01-14,East India,Business Loan,4807627.0,84,12.24,30,Self-Employed,Professional Degree,Married,131595.0,598,85486.04,0.65,3,Defaulted
LN-101177,2024-01-14,North India,Personal Loan,195653.0,36,12.19,41,Retired,High School,Single,18113.0,634,6516.25,0.36,0,Active
LN-102855,2024-01-14,North India,Vehicle Loan,469664.0,36,18.26,44,Self-Employed,Post-Graduate,Divorced,103877.0,682,17040.8,0.164,0,Active
LN-103968,2024-01-14,West India,Home Loan,3032184.0,240,12.25,39,Salaried,Graduate,Divorced,68765.0,734,33916.94,0.493,1,Active
LN-106646,2024-01-14,West India,Business Loan,4060886.0,24,16.07,47,Salaried,High School,Single,30562.0,666,198969.46,6.51,0,Fully Paid
LN-100190,2024-01-15,East India,Home Loan,1880638.0,300,15.78,47,Retired,Graduate,Single,34052.0,656,25231.36,0.741,4,Defaulted
LN-100546,2024-01-15,East India,Vehicle Loan,924911.0,48,16.12,46,Salaried,Professional Degree,Divorced,99207.0,681,26269.12,0.265,1,Active
LN-101225,2024-01-15,South India,Home Loan,4186884.0,240,14.85,24,Salaried,Graduate,Single,66993.0,817,54668.98,0.816,1,Active
LN-102712,2024-01-15,West India,Vehicle Loan,461838.0,72,9.9,44,Salaried,Post-Graduate,Single,80726.0,665,8532.66,0.106,0,Active
LN-102970,2024-01-15,South India,Personal Loan,471259.0,24,16.92,29,Unemployed,High School,Single,10183.0,651,23282.0,2.286,0,Fully Paid
LN-103726,2024-01-15,South India,Business Loan,3472802.0,24,10.67,34,Retired,Below High School,Single,13728.0,746,161328.24,11.752,0,Active
LN-104716,2024-01-15,North India,Home Loan,5951640.0,300,10.57,40,Salaried,Graduate,Married,56047.0,760,56492.11,1.008,0,Active
LN-105227,2024-01-15,West India,Business Loan,2957285.0,84,8.96,33,Salaried,Post-Graduate,Divorced,77798.0,560,47519.98,0.611,0,Active
LN-105531,2024-01-15,West India,Vehicle Loan,349436.0,36,8.79,21,Business Owner,Graduate,Single,110191.0,779,11077.85,0.101,0,Active
LN-105921,2024-01-15,East India,Home Loan,4757068.0,120,11.83,37,Salaried,Post-Graduate,Single,69493.0,830,67783.43,0.975,0,Active
LN-106806,2024-01-15,East India,Business Loan,2247665.0,24,11.02,32,Salaried,Post-Graduate,Divorced,56230.0,711,104779.68,1.863,1,Active
LN-102788,2024-01-16,North India,Home Loan,1501871.0,300,17.49,28,Salaried,Graduate,Married,68935.0,600,22178.63,0.322,1,Active
LN-103592,2024-01-16,South India,Business Loan,4733288.0,60,11.93,31,Business Owner,Post-Graduate,Single,134502.0,608,105122.02,0.782,4,Restructured
LN-106598,2024-01-16,North India,Education Loan,592719.0,36,8.71,44,Salaried,Post-Graduate,Divorced,85404.0,757,18768.41,0.22,0,Active
LN-101021,2024-01-17,East India,Business Loan,3348049.0,24,7.79,33,Self-Employed,Graduate,Single,35780.0,680,151102.72,4.223,0,Fully Paid
LN-101904,2024-01-17,East India,Gold Loan,707043.0,6,11.91,37,Self-Employed,High School,Married,18702.0,763,121967.67,6.522,0,Fully Paid
LN-102541,2024-01-17,Central India,Business Loan,4346170.0,36,12.1,56,Self-Employed,Graduate,Divorced,69294.0,666,144562.71,2.086,1,Active
LN-104303,2024-01-17,South India,Vehicle Loan,954175.0,60,7.73,45,Salaried,Graduate,Single,55360.0,765,19224.17,0.347,0,Active
LN-100831,2024-01-18,North India,Gold Loan,236697.0,12,16.33,50,Salaried,High School,Married,23310.0,642,21512.7,0.923,4,Restructured
LN-101364,2024-01-18,West India,Personal Loan,374518.0,24,18.02,30,Self-Employed,Graduate,Single,48406.0,612,18701.09,0.386,0,Fully Paid
LN-104444,2024-01-18,South India,Home Loan,4036299.0,240,18.06,42,Self-Employed,High School,Married,27013.0,640,62479.11,2.313,2,Active
LN-103745,2024-01-19,East India,Business Loan,3497355.0,24,13.02,30,Self-Employed,Below High School,Single,15109.0,621,166303.49,11.007,0,Fully Paid
LN-105130,2024-01-19,West India,Home Loan,2881046.0,120,15.73,42,Self-Employed,Post-Graduate,Divorced,68377.0,754,47777.65,0.699,1,Active
LN-106356,2024-01-19,East India,Vehicle Loan,780336.0,60,10.73,24,Salaried,High School,Single,29731.0,625,16861.51,0.567,3,Active
LN-100224,2024-01-20,Central India,Vehicle Loan,885419.0,36,12.08,39,Salaried,High School,Single,32001.0,689,29442.42,0.92,10,Defaulted
LN-101682,2024-01-20,West India,Business Loan,3627758.0,60,13.67,46,Salaried,Professional Degree,Divorced,110583.0,694,83792.22,0.758,0,Active
LN-102581,2024-01-20,West India,Personal Loan,122611.0,36,9.71,32,Salaried,Professional Degree,Divorced,150552.0,704,3939.64,0.026,0,Active
LN-104364,2024-01-20,West India,Business Loan,3085404.0,24,13.45,38,Salaried,Professional Degree,Single,141471.0,716,147338.73,1.041,0,Fully Paid
LN-104365,2024-01-20,South India,Education Loan,1845089.0,84,8.21,21,Salaried,Professional Degree,Married,96536.0,686,28951.37,0.3,0,Active
LN-101432,2024-01-21,Central India,Personal Loan,402013.0,48,13.37,32,Self-Employed,High School,Single,36803.0,689,10858.97,0.295,0,Active
LN-102771,2024-01-21,South India,Business Loan,1204171.0,60,14.03,40,Self-Employed,Graduate,Divorced,71236.0,689,28037.69,0.394,0,Active
LN-103061,2024-01-21,East India,Business Loan,1187410.0,84,11.09,57,Salaried,Post-Graduate,Single,86463.0,696,20387.59,0.236,0,Active
LN-101141,2024-01-22,East India,Agriculture Loan,880404.0,36,11.21,21,Self-Employed,Professional Degree,Divorced,92216.0,594,28910.93,0.314,10,Written Off
LN-103071,2024-01-22,East India,Home Loan,4170084.0,180,9.25,47,Salaried,Below High School,Married,16618.0,718,42918.18,2.583,0,Active
LN-103712,2024-01-22,East India,Home Loan,3141373.0,300,14.71,42,Salaried,Post-Graduate,Single,95081.0,606,39530.16,0.416,8,Defaulted
LN-103796,2024-01-22,West India,Personal Loan,303776.0,24,12.19,28,Salaried,Graduate,Single,49094.0,771,14326.76,0.292,0,Fully Paid
LN-104827,2024-01-22,South India,Home Loan,2667647.0,180,16.17,30,Salaried,Post-Graduate,Single,68237.0,817,39496.4,0.579,0,Active
LN-101608,2024-01-23,South India,Personal Loan,379391.0,48,14.72,45,Salaried,Graduate,Divorced,61198.0,755,10504.97,0.172,0,Active
LN-101714,2024-01-23,North India,Vehicle Loan,1106689.0,72,16.28,25,Salaried,Graduate,Single,33176.0,775,24177.05,0.729,1,Active
LN-101778,2024-01-23,Central India,Business Loan,2177082.0,36,18.31,35,Salaried,Below High School,Married,23466.0,661,79045.7,3.369,0,Active
LN-104066,2024-01-23,West India,Vehicle Loan,908665.0,48,11.21,45,Business Owner,Post-Graduate,Married,113162.0,677,23577.7,0.208,0,Active
LN-104711,2024-01-23,East India,Business Loan,4303509.0,60,17.68,43,Salaried,High School,Married,23285.0,710,108533.07,4.661,8,Defaulted
LN-101428,2024-01-24,South India,Gold Loan,394721.0,24,16.33,58,Unemployed,Post-Graduate,Married,21563.0,544,19389.06,0.899,10,Written Off
LN-103719,2024-01-24,East India,Gold Loan,96808.0,24,15.63,21,Salaried,Post-Graduate,Single,92262.0,664,4722.92,0.051,0,Fully Paid
LN-104367,2024-01-24,East India,Vehicle Loan,761909.0,36,10.05,24,Business Owner,Graduate,Single,93127.0,656,24602.55,0.264,0,Active
LN-105523,2024-01-24,North India,Vehicle Loan,968271.0,72,14.38,45,Business Owner,High School,Divorced,54536.0,713,20149.5,0.369,0,Active
LN-102460,2024-01-25,West India,Home Loan,1767632.0,120,7.55,47,Unemployed,High School,Divorced,6077.0,655,21028.26,3.46,0,Active
LN-106208,2024-01-25,South India,Education Loan,1560660.0,120,9.08,49,Self-Employed,Graduate,Single,34338.0,718,19837.41,0.578,1,Active
LN-106823,2024-01-25,Central India,Business Loan,3883892.0,36,11.15,44,Self-Employed,High School,Married,29279.0,716,127429.71,4.352,1,Active
LN-101878,2024-01-26,South India,Personal Loan,192766.0,12,15.47,42,Retired,Below High School,Single,27499.0,703,17441.51,0.634,11,Defaulted
LN-105977,2024-01-26,North India,Gold Loan,657239.0,6,11.46,32,Salaried,Post-Graduate,Divorced,67497.0,791,113230.2,1.678,0,Fully Paid
LN-106052,2024-01-26,North India,Home Loan,4231164.0,300,12.43,58,Salaried,Graduate,Single,38797.0,734,45913.81,1.183,6,Written Off
LN-106610,2024-01-26,North India,Business Loan,3911484.0,84,12.48,41,Self-Employed,Graduate,Divorced,61788.0,607,70056.46,1.134,5,Restructured
LN-100169,2024-01-27,South India,Business Loan,2052492.0,36,9.81,31,Self-Employed,Graduate,Single,42149.0,658,66045.2,1.567,1,Active
LN-100574,2024-01-27,North India,Home Loan,5200260.0,180,15.43,33,Salaried,Graduate,Divorced,41178.0,629,74319.78,1.805,0,Active
LN-104315,2024-01-27,Central India,Vehicle Loan,866168.0,72,13.98,42,Business Owner,Post-Graduate,Divorced,115848.0,654,17838.76,0.154,0,Active
LN-106567,2024-01-27,East India,Education Loan,1372376.0,36,15.45,65,Salaried,Post-Graduate,Divorced,105030.0,729,47876.85,0.456,1,Active
LN-106609,2024-01-27,South India,Home Loan,3315178.0,240,10.25,37,Salaried,Post-Graduate,Divorced,55130.0,792,32543.23,0.59,1,Active
LN-102457,2024-01-28,Central India,Education Loan,1262682.0,36,17.24,37,Self-Employed,High School,Single,26084.0,581,45169.02,1.732,12,Defaulted
LN-104392,2024-01-28,East India,Personal Loan,348353.0,24,10.39,33,Salaried,Professional Degree,Single,101812.0,668,16137.5,0.159,0,Fully Paid
LN-104845,2024-01-28,West India,Gold Loan,612711.0,24,16.01,26,Self-Employed,Graduate,Married,34459.0,685,30003.16,0.871,0,Fully Paid
LN-105985,2024-01-28,North India,Home Loan,3747842.0,180,16.85,38,Salaried,Professional Degree,Divorced,89993.0,667,57281.49,0.637,12,Written Off
LN-106915,2024-01-28,Central India,Gold Loan,670942.0,24,17.64,26,Salaried,Professional Degree,Married,93962.0,657,33379.59,0.355,0,Fully Paid
LN-105185,2024-01-29,East India,Business Loan,4635438.0,60,8.98,28,Business Owner,High School,Married,29090.0,670,96179.08,3.306,6,Restructured
LN-106599,2024-01-29,North India,Business Loan,2338132.0,84,8.46,37,Business Owner,High School,Married,52631.0,685,36980.78,0.703,1,Active
LN-101142,2024-01-30,West India,Vehicle Loan,866741.0,72,11.69,48,Business Owner,Below High School,Divorced,31975.0,672,16805.55,0.526,10,Written Off
LN-101534,2024-01-30,North India,Home Loan,4156944.0,240,17.58,41,Self-Employed,Post-Graduate,Married,65346.0,692,62814.17,0.961,6,Defaulted
LN-106143,2024-01-30,East India,Education Loan,1268222.0,60,11.11,41,Salaried,High School,Divorced,20157.0,765,27643.84,1.371,6,Restructured
LN-106256,2024-01-30,West India,Vehicle Loan,576495.0,60,18.24,37,Retired,Professional Degree,Single,109373.0,662,14714.55,0.135,1,Active
LN-100234,2024-01-31,West India,Education Loan,1150081.0,60,15.77,21,Unemployed,Post-Graduate,Divorced,30947.0,479,27827.38,0.899,3,Restructured
LN-102699,2024-01-31,North India,Business Loan,4608997.0,84,15.12,47,Business Owner,Graduate,Single,88558.0,678,89249.27,1.008,8,Defaulted
LN-104913,2024-01-31,East India,Personal Loan,138235.0,24,16.25,35,Self-Employed,Graduate,Single,39535.0,534,6784.94,0.172,0,Active
LN-105197,2024-01-31,South India,Personal Loan,195955.0,24,11.64,26,Salaried,Graduate,Divorced,35550.0,650,9191.37,0.259,0,Fully Paid
LN-102420,2024-02-01,North India,Home Loan,1964446.0,180,18.2,32,Unemployed,Post-Graduate,Married,30200.0,582,31918.93,1.057,11,Defaulted
LN-102692,2024-02-01,West India,Business Loan,3701934.0,60,11.46,45,Self-Employed,Graduate,Married,63175.0,604,81340.86,1.288,7,Defaulted
LN-106176,2024-02-01,Central India,Gold Loan,549878.0,24,17.53,24,Salaried,Professional Degree,Married,105784.0,739,27327.45,0.258,0,Fully Paid
LN-104422,2024-02-02,Central India,Personal Loan,141167.0,12,14.83,40,Self-Employed,Graduate,Single,58114.0,696,12730.17,0.219,0,Fully Paid
LN-101053,2024-02-03,North India,Personal Loan,120062.0,36,14.26,38,Retired,High School,Single,29685.0,609,4118.61,0.139,0,Active
LN-102600,2024-02-03,Central India,Personal Loan,319237.0,24,17.47,34,Salaried,Post-Graduate,Married,108454.0,638,15855.99,0.146,1,Active
LN-104161,2024-02-03,North India,Home Loan,3261125.0,240,11.59,31,Self-Employed,Post-Graduate,Married,94225.0,714,34980.05,0.371,1,Active
LN-105930,2024-02-03,Central India,Vehicle Loan,725974.0,36,10.41,59,Salaried,Below High School,Married,15739.0,702,23565.13,1.497,0,Active
LN-106508,2024-02-03,South India,Personal Loan,309597.0,48,15.14,21,Self-Employed,Graduate,Single,66958.0,607,8638.3,0.129,2,Active
LN-100026,2024-02-04,Central India,Vehicle Loan,1174127.0,36,12.52,23,Salaried,Graduate,Divorced,41923.0,573,39290.07,0.937,0,Active
LN-102193,2024-02-04,East India,Agriculture Loan,199901.0,12,17.61,26,Self-Employed,Graduate,Divorced,51652.0,636,18289.84,0.354,0,Fully Paid
LN-104771,2024-02-04,North India,Home Loan,4589483.0,120,11.17,54,Salaried,High School,Divorced,24655.0,662,63662.58,2.582,0,Active
LN-105621,2024-02-04,Central India,Home Loan,1954037.0,240,12.62,30,Salaried,Post-Graduate,Divorced,96014.0,707,22366.12,0.233,0,Active
LN-100424,2024-02-05,North India,Home Loan,3795850.0,120,17.51,21,Salaried,High School,Married,19685.0,581,67202.73,3.414,0,Active
LN-100821,2024-02-05,North India,Business Loan,4540274.0,60,12.17,47,Self-Employed,Graduate,Married,55519.0,621,101386.36,1.826,11,Written Off
LN-100656,2024-02-06,North India,Vehicle Loan,234890.0,48,11.98,27,Business Owner,Post-Graduate,Married,167134.0,721,6183.25,0.037,1,Active
LN-105565,2024-02-06,South India,Personal Loan,168532.0,24,14.88,32,Salaried,Graduate,Single,68261.0,623,8161.95,0.12,0,Fully Paid
LN-106311,2024-02-06,West India,Gold Loan,357609.0,6,8.16,39,Salaried,Graduate,Single,61257.0,659,61028.03,0.996,0,Fully Paid
LN-106812,2024-02-06,North India,Personal Loan,395993.0,24,17.13,42,Self-Employed,Post-Graduate,Married,73996.0,784,19603.54,0.265,0,Fully Paid
LN-100874,2024-02-07,North India,Personal Loan,444623.0,48,11.97,53,Self-Employed,High School,Single,26003.0,719,11702.08,0.45,0,Active
LN-101319,2024-02-07,East India,Vehicle Loan,501732.0,60,13.6,39,Business Owner,Below High School,Divorced,40164.0,692,11570.64,0.288,1,Active
LN-101856,2024-02-08,North India,Business Loan,3022821.0,36,11.85,45,Retired,Below High School,Divorced,24612.0,702,100184.49,4.071,1,Active
LN-103256,2024-02-08,West India,Vehicle Loan,584105.0,48,14.02,21,Salaried,Post-Graduate,Divorced,53912.0,608,15967.39,0.296,0,Active
LN-105638,2024-02-08,South India,Business Loan,3056048.0,24,12.18,41,Retired,Below High School,Divorced,15570.0,731,144115.81,9.256,0,Fully Paid
LN-106660,2024-02-08,North India,Education Loan,1350811.0,60,8.27,21,Salaried,Graduate,Married,42678.0,710,27564.46,0.646,1,Active
LN-101066,2024-02-09,South India,Agriculture Loan,883016.0,24,13.23,28,Business Owner,Post-Graduate,Single,88950.0,748,42075.65,0.473,1,Active
LN-103342,2024-02-09,South India,Business Loan,3502797.0,84,8.55,37,Salaried,Professional Degree,Married,143097.0,828,55560.11,0.388,1,Active
LN-103701,2024-02-09,North India,Personal Loan,405229.0,48,10.92,38,Self-Employed,High School,Single,30526.0,610,10457.62,0.343,2,Active
LN-105109,2024-02-09,West India,Home Loan,5349472.0,300,8.3,55,Retired,Professional Degree,Single,80009.0,664,42356.81,0.529,0,Active
LN-106104,2024-02-09,East India,Business Loan,848598.0,36,7.51,49,Salaried,Professional Degree,Divorced,80964.0,686,26400.57,0.326,0,Active
LN-100904,2024-02-10,West India,Home Loan,4473459.0,180,14.92,44,Salaried,Graduate,Divorced,40097.0,652,62365.02,1.555,7,Written Off
LN-102047,2024-02-10,South India,Business Loan,4261823.0,60,12.82,36,Self-Employed,Post-Graduate,Single,70694.0,578,96577.32,1.366,3,Active
LN-106442,2024-02-10,West India,Home Loan,3607467.0,300,13.85,34,Salaried,Graduate,Married,48151.0,687,43011.66,0.893,6,Written Off
LN-102655,2024-02-11,West India,Gold Loan,750636.0,6,13.03,33,Self-Employed,Professional Degree,Single,109754.0,646,129903.34,1.184,0,Fully Paid
LN-103389,2024-02-11,West India,Vehicle Loan,283805.0,36,15.36,41,Salaried,Graduate,Single,41453.0,730,9888.3,0.239,0,Active
LN-104368,2024-02-11,East India,Business Loan,4946828.0,36,8.87,31,Business Owner,Graduate,Single,48159.0,752,157008.68,3.26,0,Active
LN-105235,2024-02-11,North India,Gold Loan,430078.0,12,8.92,44,Salaried,High School,Divorced,27310.0,687,37595.0,1.377,0,Active
LN-103810,2024-02-12,West India,Home Loan,1917889.0,240,18.04,32,Salaried,Professional Degree,Divorced,143254.0,681,29658.05,0.207,0,Active
LN-106188,2024-02-12,West India,Business Loan,1438901.0,24,16.27,43,Salaried,High School,Married,33075.0,666,70638.84,2.136,0,Fully Paid
LN-100804,2024-02-14,West India,Home Loan,4531906.0,300,12.79,42,Self-Employed,Graduate,Married,67654.0,673,50397.15,0.745,0,Active
LN-102323,2024-02-14,East India,Vehicle Loan,569060.0,72,18.46,42,Salaried,Below High School,Married,13048.0,692,13127.42,1.006,1,Active
LN-104801,2024-02-14,South India,Vehicle Loan,835621.0,48,8.88,48,Business Owner,High School,Divorced,28342.0,701,20746.88,0.732,1,Active
LN-105199,2024-02-14,South India,Home Loan,1618406.0,120,10.04,47,Unemployed,Graduate,Married,15161.0,615,21423.22,1.413,2,Active
LN-100071,2024-02-15,North India,Business Loan,3643164.0,84,12.62,43,Business Owner,Post-Graduate,Single,77496.0,801,65525.99,0.846,0,Active
LN-103305,2024-02-15,West India,Personal Loan,474446.0,48,18.34,24,Salaried,Graduate,Divorced,43813.0,691,14021.28,0.32,0,Active
LN-103568,2024-02-15,Central India,Home Loan,3396618.0,120,15.22,36,Self-Employed,Post-Graduate,Married,65704.0,681,55257.83,0.841,1,Active
LN-100099,2024-02-16,North India,Home Loan,2196938.0,180,8.91,25,Self-Employed,High School,Divorced,30283.0,587,22165.34,0.732,4,Defaulted
LN-101076,2024-02-16,Central India,Gold Loan,474429.0,24,13.97,38,Salaried,Post-Graduate,Married,91517.0,801,22771.98,0.249,0,Fully Paid
LN-101990,2024-02-16,East India,Vehicle Loan,970284.0,72,15.58,24,Self-Employed,High School,Single,19998.0,690,20823.52,1.041,1,Active
LN-104318,2024-02-16,East India,Gold Loan,408329.0,24,9.31,39,Self-Employed,Post-Graduate,Married,99415.0,709,18712.54,0.188,0,Fully Paid
LN-102598,2024-02-17,Central India,Vehicle Loan,1168197.0,60,12.82,33,Self-Employed,Professional Degree,Married,95437.0,685,26472.55,0.277,1,Active
LN-100004,2024-02-18,South India,Home Loan,2768381.0,180,12.19,24,Self-Employed,Graduate,Divorced,48618.0,501,33564.37,0.69,8,Defaulted
LN-100572,2024-02-18,South India,Gold Loan,94443.0,12,17.16,48,Salaried,Professional Degree,Married,95597.0,671,8620.82,0.09,0,Fully Paid
LN-102113,2024-02-18,East India,Home Loan,5641825.0,300,9.56,39,Business Owner,Post-Graduate,Divorced,150958.0,757,49527.95,0.328,0,Active
LN-102643,2024-02-19,West India,Business Loan,1143538.0,36,16.38,29,Salaried,Professional Degree,Single,81406.0,791,40418.27,0.497,1,Active
LN-102810,2024-02-19,East India,Personal Loan,100365.0,48,13.19,57,Self-Employed,Below High School,Married,21832.0,623,2702.02,0.124,2,Active
LN-105322,2024-02-19,North India,Vehicle Loan,989189.0,48,7.56,35,Retired,Professional Degree,Single,143582.0,658,23945.21,0.167,1,Active
LN-105948,2024-02-19,East India,Education Loan,1447896.0,60,16.15,28,Retired,Graduate,Married,65181.0,652,35325.52,0.542,4,Written Off
LN-106085,2024-02-19,East India,Vehicle Loan,876949.0,36,17.12,59,Salaried,Post-Graduate,Divorced,87852.0,685,31318.02,0.356,1,Active
LN-102152,2024-02-20,South India,Home Loan,4621594.0,300,12.55,45,Retired,Below High School,Married,28006.0,713,50564.25,1.805,4,Written Off
LN-103699,2024-02-20,Central India,Agriculture Loan,918194.0,24,15.15,46,Salaried,High School,Married,33195.0,585,44585.61,1.343,2,Active
LN-104250,2024-02-20,Central India,Home Loan,5817844.0,120,12.73,40,Business Owner,High School,Married,53082.0,769,85942.62,1.619,1,Active
LN-105684,2024-02-20,East India,Vehicle Loan,1158733.0,72,17.23,56,Salaried,Graduate,Married,52699.0,726,25926.26,0.492,0,Active
LN-106297,2024-02-20,South India,Home Loan,5981085.0,240,10.56,21,Self-Employed,Graduate,Single,57484.0,733,59955.2,1.043,1,Active
LN-102019,2024-02-21,Central India,Personal Loan,255414.0,36,9.85,49,Salaried,Post-Graduate,Divorced,111127.0,741,8223.52,0.074,0,Active
LN-104345,2024-02-21,North India,Business Loan,1173502.0,84,17.89,21,Salaried,Professional Degree,Single,83783.0,816,24588.87,0.293,1,Active
LN-105571,2024-02-21,South India,Education Loan,1430480.0,60,13.75,50,Retired,Below High School,Single,16082.0,702,33099.65,2.058,4,Defaulted
LN-105992,2024-02-21,West India,Vehicle Loan,1136850.0,60,17.81,43,Self-Employed,High School,Divorced,32293.0,591,28751.14,0.89,1,Active
LN-106965,2024-02-21,East India,Gold Loan,648060.0,12,15.46,51,Retired,Below High School,Married,22344.0,643,58633.56,2.624,5,Restructured
LN-102003,2024-02-22,North India,Education Loan,1779316.0,84,15.58,24,Salaried,Professional Degree,Married,100564.0,743,34916.58,0.347,1,Active
LN-102348,2024-02-22,Central India,Vehicle Loan,700383.0,48,15.19,28,Business Owner,High School,Divorced,54868.0,651,19559.71,0.356,1,Active
LN-105468,2024-02-22,West India,Business Loan,4043927.0,24,15.12,43,Unemployed,High School,Single,10100.0,592,196307.1,19.436,5,Restructured
LN-106996,2024-02-22,East India,Home Loan,1932799.0,240,13.81,52,Business Owner,Post-Graduate,Single,82534.0,740,23768.51,0.288,0,Active
LN-103085,2024-02-23,North India,Personal Loan,207720.0,48,16.98,40,Salaried,Post-Graduate,Divorced,90697.0,731,5991.62,0.066,0,Active
LN-103978,2024-02-23,East India,Agriculture Loan,469528.0,12,9.06,51,Salaried,Professional Degree,Single,102123.0,660,41073.98,0.402,0,Fully Paid
LN-104192,2024-02-23,East India,Agriculture Loan,213198.0,24,9.07,38,Salaried,Post-Graduate,Single,89060.0,721,9746.74,0.109,0,Fully Paid
LN-104248,2024-02-23,Central India,Education Loan,1834460.0,84,8.18,36,Retired,Professional Degree,Single,103083.0,606,28757.08,0.279,3,Active
LN-104531,2024-02-23,South India,Personal Loan,440782.0,36,9.74,32,Business Owner,Below High School,Married,39741.0,726,14169.05,0.357,0,Active
LN-106872,2024-02-23,South India,Personal Loan,322090.0,12,11.58,39,Self-Employed,Professional Degree,Single,120184.0,693,28554.06,0.238,0,Fully Paid
LN-104749,2024-02-24,West India,Agriculture Loan,343805.0,12,14.26,56,Salaried,Professional Degree,Married,114816.0,699,30911.34,0.269,0,Fully Paid
LN-105224,2024-02-24,East India,Home Loan,1767122.0,120,8.8,42,Self-Employed,Graduate,Married,42830.0,741,22194.33,0.518,0,Active
LN-105596,2024-02-24,East India,Home Loan,1966832.0,300,17.64,21,Salaried,High School,Single,24680.0,664,29279.94,1.186,8,Defaulted
LN-105800,2024-02-24,South India,Home Loan,3939688.0,120,12.19,46,Business Owner,High School,Single,55982.0,730,56956.64,1.017,1,Active
LN-106362,2024-02-24,East India,Agriculture Loan,958931.0,36,9.76,37,Salaried,High School,Divorced,36782.0,704,30834.07,0.838,1,Active
LN-106409,2024-02-24,East India,Vehicle Loan,752650.0,60,11.13,41,Salaried,Graduate,Married,38933.0,688,16413.27,0.422,0,Active
LN-101378,2024-02-25,Central India,Home Loan,3441984.0,300,7.86,35,Retired,Professional Degree,Single,78410.0,654,26247.36,0.335,0,Active
LN-104489,2024-02-25,Central India,Home Loan,5081207.0,240,13.97,50,Salaried,Graduate,Single,34791.0,692,63075.18,1.813,1,Active
LN-103461,2024-02-26,East India,Business Loan,4644580.0,84,10.64,39,Salaried,Graduate,Single,31915.0,578,78650.1,2.464,3,Active
LN-106454,2024-02-26,East India,Education Loan,1537689.0,60,11.2,25,Salaried,High School,Divorced,21268.0,655,33586.66,1.579,1,Active
LN-106565,2024-02-26,North India,Agriculture Loan,845483.0,36,8.76,40,Self-Employed,Post-Graduate,Married,63848.0,624,26791.79,0.42,9,Defaulted
LN-100337,2024-02-27,North India,Gold Loan,67298.0,12,10.9,23,Self-Employed,Graduate,Single,46589.0,711,5944.77,0.128,0,Fully Paid
LN-101763,2024-02-27,South India,Home Loan,2997776.0,300,15.75,42,Business Owner,Below High School,Married,42031.0,726,40148.9,0.955,1,Active
LN-105050,2024-02-27,North India,Vehicle Loan,558141.0,60,14.42,44,Salaried,Graduate,Divorced,65846.0,747,13108.82,0.199,1,Active
LN-106192,2024-02-27,West India,Personal Loan,286916.0,36,11.85,21,Self-Employed,Graduate,Divorced,69915.0,662,9509.17,0.136,0,Active
LN-105219,2024-02-28,West India,Home Loan,5066839.0,180,13.15,24,Retired,High School,Single,24947.0,648,64608.69,2.59,9,Written Off
LN-105270,2024-02-28,Central India,Vehicle Loan,496226.0,36,16.13,34,Self-Employed,Professional Degree,Single,123635.0,638,17477.7,0.141,3,Active
LN-101038,2024-02-29,West India,Vehicle Loan,572826.0,36,8.86,51,Self-Employed,Post-Graduate,Married,106172.0,780,18178.41,0.171,1,Active
LN-101169,2024-02-29,North India,Personal Loan,402919.0,48,9.5,39,Self-Employed,Graduate,Married,38064.0,685,10122.59,0.266,0,Active
LN-102134,2024-02-29,West India,Agriculture Loan,148508.0,24,9.24,21,Salaried,Professional Degree,Married,83460.0,732,6800.91,0.081,0,Fully Paid
LN-102377,2024-02-29,East India,Home Loan,4235461.0,240,7.58,23,Business Owner,High School,Single,32910.0,596,34328.07,1.043,2,Active
LN-105218,2024-02-29,North India,Education Loan,755392.0,120,17.15,44,Business Owner,Professional Degree,Single,189518.0,710,13200.42,0.07,1,Active
LN-105994,2024-02-29,South India,Personal Loan,311436.0,12,13.09,56,Self-Employed,High School,Single,20867.0,736,27829.77,1.334,0,Fully Paid
LN-104554,2024-03-01,Central India,Vehicle Loan,586897.0,48,11.28,26,Salaried,Graduate,Married,57612.0,582,15248.59,0.265,2,Active
LN-104641,2024-03-01,South India,Education Loan,340620.0,60,15.37,23,Business Owner,Post-Graduate,Divorced,77197.0,586,8169.63,0.106,3,Active
LN-105243,2024-03-01,North India,Gold Loan,148674.0,12,8.08,26,Business Owner,Professional Degree,Divorced,165843.0,810,12938.42,0.078,0,Fully Paid
LN-101172,2024-03-02,West India,Gold Loan,617183.0,12,14.96,21,Salaried,Post-Graduate,Divorced,80879.0,762,55694.25,0.689,0,Fully Paid
LN-104659,2024-03-02,North India,Vehicle Loan,988904.0,48,9.72,48,Salaried,High School,Divorced,32540.0,704,24948.39,0.767,11,Defaulted
LN-105663,2024-03-02,West India,Vehicle Loan,237514.0,72,10.66,27,Salaried,Post-Graduate,Married,84028.0,775,4479.61,0.053,1,Active
LN-105968,2024-03-02,West India,Home Loan,5704476.0,180,16.61,33,Salaried,High School,Single,29887.0,727,86220.26,2.885,0,Active
LN-106719,2024-03-02,West India,Business Loan,1666544.0,36,8.72,39,Self-Employed,Post-Graduate,Divorced,56395.0,715,52778.74,0.936,7,Written Off
LN-102158,2024-03-03,Central India,Education Loan,877127.0,36,8.41,46,Salaried,High School,Married,36397.0,664,27652.18,0.76,9,Written Off
LN-105031,2024-03-03,East India,Business Loan,3401446.0,24,9.69,52,Salaried,Graduate,Single,67545.0,594,156473.24,2.317,0,Fully Paid
LN-105637,2024-03-03,West India,Vehicle Loan,443502.0,48,10.92,32,Salaried,Graduate,Single,37753.0,707,11445.32,0.303,1,Active
LN-105643,2024-03-03,East India,Home Loan,3147145.0,240,13.55,46,Salaried,Graduate,Married,65481.0,670,38111.11,0.582,0,Active
LN-100057,2024-03-04,West India,Education Loan,913452.0,60,8.28,42,Self-Employed,Professional Degree,Single,90101.0,643,18644.16,0.207,3,Active
LN-100429,2024-03-04,South India,Education Loan,1358553.0,36,15.7,54,Salaried,Graduate,Divorced,45118.0,721,47561.72,1.054,0,Active
LN-102009,2024-03-04,West India,Personal Loan,240157.0,48,15.31,44,Salaried,High School,Single,35410.0,808,6721.55,0.19,1,Active
LN-103811,2024-03-04,Central India,Home Loan,5558333.0,300,15.25,26,Salaried,High School,Married,32942.0,770,72272.68,2.194,0,Active
LN-104039,2024-03-04,South India,Personal Loan,383437.0,36,8.5,21,Salaried,Graduate,Single,51241.0,671,12104.16,0.236,0,Active
LN-105824,2024-03-04,Central India,Home Loan,1963536.0,180,9.63,47,Salaried,Professional Degree,Single,99326.0,688,20658.03,0.208,0,Active
LN-102489,2024-03-05,North India,Vehicle Loan,671191.0,36,18.04,35,Business Owner,High School,Single,25496.0,719,24278.63,0.952,4,Restructured
LN-105216,2024-03-05,Central India,Personal Loan,195718.0,24,10.35,44,Salaried,Post-Graduate,Divorced,101770.0,774,9063.04,0.089,0,Fully Paid
LN-105306,2024-03-05,Central India,Agriculture Loan,571579.0,24,12.57,50,Salaried,Graduate,Single,36091.0,765,27058.61,0.75,0,Fully Paid
LN-106573,2024-03-05,West India,Home Loan,4547333.0,120,12.13,21,Business Owner,Graduate,Single,56052.0,691,65583.21,1.17,1,Active
LN-106463,2024-03-06,Central India,Education Loan,1053348.0,36,7.67,70,Salaried,Graduate,Divorced,44775.0,624,32847.98,0.734,1,Active
LN-102887,2024-03-07,East India,Education Loan,1963657.0,120,9.61,34,Business Owner,Graduate,Married,54745.0,582,25527.65,0.466,5,Restructured
LN-105120,2024-03-07,South India,Agriculture Loan,988870.0,24,12.63,49,Self-Employed,Post-Graduate,Married,50394.0,605,46841.01,0.929,3,Active
LN-106291,2024-03-07,South India,Education Loan,1799769.0,60,8.1,42,Unemployed,Graduate,Married,18225.0,576,36579.02,2.007,2,Active
LN-100176,2024-03-08,East India,Business Loan,2408606.0,84,8.26,32,Business Owner,Graduate,Married,78510.0,748,37853.81,0.482,1,Active
LN-100753,2024-03-08,East India,Vehicle Loan,642109.0,72,11.11,63,Salaried,Graduate,Married,32506.0,709,12258.16,0.377,5,Defaulted
LN-102215,2024-03-08,South India,Agriculture Loan,841396.0,24,10.48,23,Salaried,High School,Married,33333.0,649,39012.83,1.17,2,Active
LN-102794,2024-03-08,South India,Gold Loan,294130.0,12,12.35,36,Salaried,Professional Degree,Single,91814.0,807,26181.28,0.285,0,Fully Paid
LN-104862,2024-03-08,North India,Business Loan,2245434.0,60,8.82,27,Salaried,Post-Graduate,Single,86749.0,750,46415.6,0.535,1,Active
LN-103431,2024-03-09,East India,Vehicle Loan,781581.0,36,7.57,38,Salaried,High School,Married,27944.0,683,24337.16,0.871,1,Active
LN-106695,2024-03-09,North India,Vehicle Loan,1130608.0,72,9.58,21,Salaried,Below High School,Single,20286.0,683,20706.79,1.021,0,Active
LN-100463,2024-03-10,East India,Vehicle Loan,251675.0,36,7.55,33,Salaried,Below High School,Divorced,14124.0,703,7834.44,0.555,1,Active
LN-102616,2024-03-10,Central India,Home Loan,2047432.0,300,14.07,27,Salaried,High School,Single,32727.0,739,24755.92,0.756,10,Defaulted
LN-102701,2024-03-10,South India,Personal Loan,201477.0,24,16.67,56,Salaried,Professional Degree,Divorced,137150.0,759,9929.56,0.072,0,Fully Paid
LN-105607,2024-03-10,South India,Education Loan,735432.0,84,9.37,21,Self-Employed,Graduate,Divorced,36695.0,599,11970.98,0.326,3,Active
LN-105847,2024-03-10,West India,Home Loan,2990690.0,120,16.57,56,Self-Employed,Graduate,Married,64383.0,782,51165.47,0.795,0,Active
LN-101779,2024-03-11,Central India,Personal Loan,198464.0,36,16.7,41,Self-Employed,Graduate,Married,66994.0,702,7046.19,0.105,1,Active
LN-100917,2024-03-12,Central India,Personal Loan,481606.0,24,13.31,38,Business Owner,High School,Single,29246.0,798,22966.62,0.785,0,Fully Paid
LN-104435,2024-03-12,North India,Gold Loan,414169.0,6,7.82,30,Salaried,High School,Divorced,29459.0,593,70611.11,2.397,0,Fully Paid
LN-100048,2024-03-13,North India,Vehicle Loan,897789.0,72,11.38,60,Salaried,Post-Graduate,Married,86183.0,740,17263.83,0.2,0,Active
LN-100344,2024-03-13,South India,Education Loan,997920.0,84,10.07,29,Self-Employed,Post-Graduate,Single,98911.0,608,16602.77,0.168,2,Active
LN-102257,2024-03-13,North India,Education Loan,903879.0,60,18.47,34,Business Owner,Graduate,Single,111127.0,740,23184.31,0.209,0,Active
LN-102342,2024-03-13,North India,Vehicle Loan,882146.0,48,13.13,52,Salaried,Graduate,Divorced,64035.0,608,23722.73,0.37,4,Written Off
LN-104860,2024-03-13,Central India,Personal Loan,125752.0,24,11.6,47,Salaried,Graduate,Divorced,38360.0,648,5896.12,0.154,0,Fully Paid
LN-105871,2024-03-14,West India,Personal Loan,299761.0,12,17.86,39,Salaried,High School,Divorced,22665.0,678,27462.12,1.212,1,Active
LN-106889,2024-03-14,East India,Gold Loan,694425.0,6,14.9,35,Self-Employed,Below High School,Divorced,25027.0,686,120818.98,4.828,0,Fully Paid
LN-102846,2024-03-15,East India,Business Loan,2257396.0,24,17.04,40,Business Owner,Below High School,Single,20598.0,691,111654.16,5.421,0,Fully Paid
LN-100946,2024-03-16,North India,Personal Loan,149367.0,24,16.1,29,Salaried,Professional Degree,Married,142173.0,620,7320.61,0.051,0,Fully Paid
LN-106627,2024-03-16,West India,Education Loan,410422.0,60,15.06,26,Retired,Graduate,Married,64825.0,719,9776.84,0.151,0,Active
LN-102777,2024-03-17,North India,Business Loan,2093940.0,36,8.09,42,Business Owner,Post-Graduate,Married,155273.0,744,65703.44,0.423,1,Active
LN-106611,2024-03-17,North India,Home Loan,2268887.0,120,16.8,43,Self-Employed,Post-Graduate,Single,58042.0,695,39145.65,0.674,0,Active
LN-100132,2024-03-18,East India,Home Loan,3440476.0,300,17.89,46,Self-Employed,Post-Graduate,Married,95871.0,753,51904.34,0.541,5,Written Off
LN-100336,2024-03-18,East India,Home Loan,2296958.0,240,11.41,30,Salaried,Graduate,Divorced,34845.0,657,24353.15,0.699,0,Active
LN-102468,2024-03-18,East India,Vehicle Loan,938884.0,48,13.74,37,Self-Employed,Graduate,Married,51355.0,723,25534.11,0.497,0,Active
LN-102854,2024-03-18,South India,Education Loan,406364.0,120,16.92,36,Unemployed,Professional Degree,Married,37336.0,486,7041.92,0.189,0,Active
LN-103164,2024-03-18,Central India,Personal Loan,289881.0,24,15.51,22,Salaried,Professional Degree,Married,66855.0,731,14125.7,0.211,0,Fully Paid
LN-106909,2024-03-18,South India,Education Loan,1765386.0,60,17.5,53,Retired,Graduate,Married,65896.0,687,44350.4,0.673,0,Active
LN-100509,2024-03-19,North India,Home Loan,5572919.0,180,11.34,33,Self-Employed,High School,Married,29758.0,778,64536.5,2.169,9,Written Off
LN-102349,2024-03-19,Central India,Personal Loan,305099.0,24,13.96,21,Retired,High School,Married,34763.0,620,14642.92,0.421,0,Fully Paid
LN-103232,2024-03-19,Central India,Vehicle Loan,765113.0,72,9.3,34,Self-Employed,Graduate,Married,64862.0,727,13905.77,0.214,1,Active
LN-105390,2024-03-19,East India,Home Loan,3823746.0,240,8.75,39,Salaried,Post-Graduate,Divorced,104414.0,617,33790.85,0.324,0,Active
LN-105513,2024-03-19,North India,Vehicle Loan,1153253.0,60,16.92,38,Salaried,Below High School,Single,24202.0,709,28611.72,1.182,2,Restructured
LN-106736,2024-03-19,Central India,Vehicle Loan,744945.0,36,16.26,21,Salaried,Graduate,Divorced,68541.0,663,26285.78,0.384,1,Active
LN-100481,2024-03-20,West India,Personal Loan,64841.0,48,9.79,21,Unemployed,Professional Degree,Married,44965.0,584,1638.0,0.036,0,Active
LN-104773,2024-03-21,Central India,Home Loan,2380585.0,300,7.52,21,Retired,Graduate,Married,41315.0,728,17623.29,0.427,1,Active
LN-105794,2024-03-21,Central India,Vehicle Loan,260127.0,48,16.81,36,Self-Employed,Post-Graduate,Single,54125.0,795,7480.43,0.138,0,Active
LN-100161,2024-03-22,North India,Business Loan,1200097.0,36,11.93,45,Business Owner,Graduate,Divorced,82177.0,636,39820.28,0.485,0,Active
LN-100806,2024-03-22,North India,Business Loan,1296316.0,84,14.83,49,Salaried,Post-Graduate,Divorced,90648.0,634,24891.21,0.275,2,Active
LN-101821,2024-03-22,Central India,Vehicle Loan,867277.0,72,18.34,31,Salaried,Professional Degree,Married,137253.0,763,19947.73,0.145,1,Active
LN-102208,2024-03-22,South India,Personal Loan,449097.0,12,9.52,44,Self-Employed,Graduate,Married,52433.0,689,39382.57,0.751,1,Active
LN-103426,2024-03-22,South India,Home Loan,3642279.0,180,11.35,39,Business Owner,Professional Degree,Divorced,97418.0,749,42202.03,0.433,0,Active
LN-105020,2024-03-22,South India,Personal Loan,440822.0,48,16.66,21,Retired,Professional Degree,Single,129958.0,660,12642.53,0.097,1,Active
LN-105802,2024-03-22,South India,Business Loan,1494612.0,24,15.84,30,Salaried,Below High School,Divorced,18519.0,700,73066.64,3.945,1,Active
LN-106917,2024-03-22,Central India,Business Loan,2396723.0,24,8.4,29,Salaried,Below High School,Divorced,18566.0,795,108835.06,5.862,0,Fully Paid
LN-100204,2024-03-23,West India,Personal Loan,443667.0,36,16.24,39,Salaried,High School,Single,18915.0,702,15650.64,0.827,0,Active
LN-100648,2024-03-23,West India,Vehicle Loan,754773.0,60,12.33,35,Salaried,Post-Graduate,Divorced,102522.0,755,16915.65,0.165,0,Active
LN-100928,2024-03-23,Central India,Gold Loan,744404.0,6,16.0,47,Salaried,High School,Divorced,21676.0,659,129921.04,5.994,0,Fully Paid
LN-104465,2024-03-23,South India,Education Loan,1013119.0,120,11.01,29,Unemployed,High School,Single,5468.0,526,13961.45,2.553,2,Restructured
LN-100694,2024-03-24,Central India,Home Loan,3341690.0,180,18.31,45,Salaried,Graduate,Married,68965.0,788,54562.26,0.791,0,Active
LN-106338,2024-03-24,North India,Education Loan,1108920.0,60,16.98,37,Self-Employed,Post-Graduate,Single,83377.0,610,27547.59,0.33,1,Active
LN-100912,2024-03-25,Central India,Home Loan,3461476.0,240,10.01,29,Business Owner,Graduate,Single,94526.0,781,33426.93,0.354,0,Active
LN-101193,2024-03-25,East India,Gold Loan,442152.0,6,15.05,33,Self-Employed,High School,Married,29690.0,570,76960.37,2.592,3,Active
LN-102644,2024-03-25,West India,Personal Loan,79345.0,48,16.92,21,Salaried,Post-Graduate,Single,71084.0,733,2286.22,0.032,0,Active
LN-105414,2024-03-25,North India,Vehicle Loan,833777.0,72,9.81,38,Retired,Graduate,Divorced,70965.0,693,15366.65,0.217,0,Active
LN-105515,2024-03-25,South India,Gold Loan,586866.0,12,12.23,25,Self-Employed,Professional Degree,Married,100460.0,788,52205.5,0.52,0,Fully Paid
LN-102272,2024-03-26,West India,Gold Loan,398770.0,24,7.73,38,Self-Employed,Graduate,Married,37679.0,610,17986.22,0.477,0,Fully Paid
LN-106009,2024-03-26,Central India,Home Loan,2246780.0,240,8.4,36,Salaried,Graduate,Single,59931.0,671,19356.11,0.323,1,Active
LN-103713,2024-03-27,South India,Vehicle Loan,961842.0,60,11.27,24,Unemployed,Post-Graduate,Married,29404.0,469,21042.52,0.716,6,Defaulted
LN-103983,2024-03-27,South India,Gold Loan,396975.0,12,12.14,57,Retired,Post-Graduate,Divorced,55967.0,557,35296.75,0.631,0,Active
LN-104697,2024-03-27,West India,Vehicle Loan,635436.0,60,11.28,41,Self-Employed,Graduate,Single,37978.0,658,13904.82,0.366,0,Active
LN-105291,2024-03-27,Central India,Home Loan,2822015.0,120,13.91,45,Salaried,Graduate,Married,60137.0,684,43663.84,0.726,1,Active
LN-105655,2024-03-27,North India,Personal Loan,215049.0,36,9.51,51,Business Owner,High School,Married,37355.0,646,6889.66,0.184,2,Active
LN-105736,2024-03-27,North India,Gold Loan,533908.0,6,9.46,25,Self-Employed,Graduate,Single,68482.0,703,91455.97,1.335,1,Active
LN-102536,2024-03-28,North India,Education Loan,606027.0,120,18.16,48,Self-Employed,Post-Graduate,Married,70585.0,713,10982.21,0.156,1,Active
LN-102540,2024-03-28,West India,Vehicle Loan,423240.0,60,13.54,36,Self-Employed,Professional Degree,Single,80818.0,653,9747.41,0.121,0,Active
LN-105724,2024-03-28,West India,Education Loan,1240134.0,36,13.45,43,Self-Employed,Graduate,Married,37444.0,628,42054.32,1.123,2,Active
LN-106479,2024-03-28,South India,Home Loan,2689770.0,120,9.36,31,Salaried,Professional Degree,Married,86229.0,704,34599.12,0.401,0,Active
LN-100188,2024-03-29,North India,Home Loan,5131796.0,120,7.53,29,Business Owner,Graduate,Divorced,98639.0,651,60995.71,0.618,0,Active
LN-100877,2024-03-29,West India,Home Loan,2616855.0,120,13.72,21,Self-Employed,Post-Graduate,Divorced,59239.0,677,40191.58,0.678,12,Defaulted
LN-106594,2024-03-29,East India,Personal Loan,433383.0,12,13.59,35,Self-Employed,High School,Married,34389.0,553,38828.65,1.129,6,Restructured
LN-100409,2024-03-30,East India,Personal Loan,119482.0,24,8.29,27,Salaried,Professional Degree,Single,148623.0,739,5419.66,0.036,0,Fully Paid
LN-102362,2024-03-30,West India,Business Loan,2326555.0,84,11.73,36,Salaried,Graduate,Divorced,64815.0,762,40734.88,0.628,3,Defaulted
LN-102482,2024-03-30,East India,Personal Loan,62463.0,36,16.29,21,Retired,Graduate,Married,54507.0,538,2204.97,0.04,2,Active
LN-104206,2024-03-30,Central India,Vehicle Loan,1034825.0,48,9.95,38,Self-Employed,Professional Degree,Single,128515.0,629,26220.99,0.204,0,Active
LN-104212,2024-03-30,South India,Education Loan,1820043.0,36,12.8,34,Retired,High School,Divorced,31765.0,582,61149.26,1.925,6,Defaulted
LN-104702,2024-03-30,South India,Personal Loan,325078.0,36,8.39,23,Self-Employed,Post-Graduate,Divorced,49251.0,714,10245.35,0.208,0,Active
LN-106002,2024-03-30,North India,Vehicle Loan,312545.0,60,15.88,28,Unemployed,Graduate,Single,13100.0,543,7580.57,0.579,8,Defaulted
LN-101306,2024-03-31,West India,Education Loan,470869.0,120,18.0,46,Unemployed,Professional Degree,Married,46313.0,504,8484.36,0.183,0,Active
LN-103620,2024-03-31,West India,Personal Loan,224750.0,24,8.63,21,Retired,Graduate,Single,54970.0,668,10229.53,0.186,0,Fully Paid
LN-103724,2024-03-31,North India,Vehicle Loan,644424.0,72,10.17,56,Business Owner,Graduate,Divorced,57832.0,743,11993.81,0.207,1,Active
LN-104770,2024-03-31,North India,Business Loan,4633252.0,60,12.11,22,Salaried,Post-Graduate,Single,85830.0,713,103321.86,1.204,0,Active
LN-106306,2024-03-31,South India,Education Loan,1476642.0,120,12.03,42,Business Owner,Graduate,Married,70095.0,651,21211.14,0.303,1,Active
LN-100658,2024-04-01,Central India,Vehicle Loan,813589.0,60,12.65,42,Salaried,Graduate,Divorced,52325.0,658,18366.21,0.351,0,Active
LN-100982,2024-04-01,North India,Agriculture Loan,158537.0,36,18.5,30,Unemployed,Graduate,Divorced,9003.0,421,5771.34,0.641,6,Defaulted
LN-101050,2024-04-01,Central India,Personal Loan,270400.0,48,17.68,39,Salaried,Post-Graduate,Married,100233.0,672,7897.86,0.079,1,Active
LN-101652,2024-04-01,East India,Home Loan,2238248.0,120,10.25,45,Self-Employed,Graduate,Single,39414.0,717,29889.34,0.758,0,Active
LN-102618,2024-04-01,South India,Vehicle Loan,978654.0,60,12.76,52,Business Owner,Post-Graduate,Married,126783.0,826,22147.33,0.175,1,Active
LN-105585,2024-04-01,South India,Business Loan,1456312.0,24,9.24,21,Salaried,Graduate,Divorced,56935.0,624,66691.72,1.171,0,Fully Paid
LN-105632,2024-04-01,Central India,Vehicle Loan,1068689.0,60,13.85,24,Business Owner,Professional Degree,Married,163830.0,680,24783.49,0.151,0,Active
LN-106036,2024-04-01,South India,Personal Loan,132036.0,48,14.81,31,Retired,Post-Graduate,Divorced,103033.0,689,3661.96,0.036,1,Active
LN-102166,2024-04-02,South India,Gold Loan,365478.0,12,8.93,34,Salaried,Below High School,Single,15180.0,690,31949.73,2.105,0,Fully Paid
LN-103455,2024-04-02,North India,Vehicle Loan,985719.0,72,16.5,27,Self-Employed,Below High School,Single,16840.0,586,21654.33,1.286,12,Defaulted
LN-103944,2024-04-02,North India,Business Loan,2465089.0,60,14.98,55,Self-Employed,Graduate,Single,57543.0,667,58618.42,1.019,3,Restructured
LN-104174,2024-04-02,South India,Home Loan,1949867.0,300,17.49,21,Unemployed,Post-Graduate,Married,23601.0,554,28794.34,1.22,1,Active
LN-100944,2024-04-03,North India,Gold Loan,67640.0,12,10.88,39,Self-Employed,High School,Divorced,32113.0,647,5974.35,0.186,0,Fully Paid
LN-103112,2024-04-03,East India,Personal Loan,263782.0,48,14.96,38,Business Owner,Post-Graduate,Divorced,126212.0,725,7335.9,0.058,0,Active
LN-102916,2024-04-04,East India,Gold Loan,57335.0,6,17.84,35,Self-Employed,High School,Divorced,38548.0,706,10059.17,0.261,0,Fully Paid
LN-103812,2024-04-04,East India,Business Loan,2360199.0,24,13.08,40,Salaried,Post-Graduate,Married,97457.0,755,112296.87,1.152,0,Fully Paid
LN-103932,2024-04-04,Central India,Home Loan,2026057.0,180,10.11,58,Business Owner,Graduate,Married,80665.0,732,21908.66,0.272,0,Active
LN-104000,2024-04-04,East India,Home Loan,3670578.0,240,10.94,47,Self-Employed,Graduate,Married,62982.0,687,37737.51,0.599,9,Defaulted
LN-101675,2024-04-05,Central India,Agriculture Loan,674659.0,24,16.95,33,Salaried,Graduate,Married,58614.0,688,33340.46,0.569,0,Fully Paid
LN-103666,2024-04-05,East India,Personal Loan,400969.0,48,17.49,36,Retired,Graduate,Married,33150.0,583,11671.88,0.352,4,Restructured
LN-100782,2024-04-06,West India,Gold Loan,601416.0,24,8.16,41,Self-Employed,Graduate,Married,67121.0,732,27244.33,0.406,0,Fully Paid
LN-102441,2024-04-06,West India,Home Loan,1659816.0,120,14.04,41,Salaried,Below High School,Married,17427.0,663,25811.31,1.481,4,Written Off
LN-103119,2024-04-06,South India,Gold Loan,579589.0,6,15.73,38,Salaried,Graduate,Divorced,62557.0,713,101078.1,1.616,0,Fully Paid
LN-105359,2024-04-06,North India,Education Loan,1425901.0,84,15.39,55,Salaried,Professional Degree,Married,67642.0,797,27828.19,0.411,0,Active
LN-104093,2024-04-07,East India,Gold Loan,141462.0,24,14.38,22,Business Owner,Post-Graduate,Married,132433.0,755,6817.42,0.051,0,Fully Paid
LN-102110,2024-04-08,West India,Personal Loan,413070.0,36,11.68,34,Salaried,Graduate,Married,45657.0,585,13656.79,0.299,2,Restructured
LN-102766,2024-04-08,East India,Agriculture Loan,309420.0,24,7.77,37,Business Owner,Graduate,Married,61754.0,703,13961.79,0.226,0,Fully Paid
LN-100306,2024-04-09,South India,Vehicle Loan,1108964.0,48,16.41,41,Self-Employed,Post-Graduate,Single,105088.0,584,31661.7,0.301,4,Written Off
LN-100558,2024-04-09,West India,Home Loan,1991992.0,240,18.46,36,Salaried,Graduate,Single,60003.0,698,31449.61,0.524,0,Active
LN-100568,2024-04-09,West India,Personal Loan,106726.0,36,16.47,49,Salaried,Below High School,Single,13679.0,698,3776.98,0.276,1,Active
LN-101455,2024-04-09,Central India,Education Loan,1543863.0,120,9.23,29,Self-Employed,Graduate,Single,55757.0,577,19749.69,0.354,0,Active
LN-104254,2024-04-09,South India,Vehicle Loan,479681.0,72,11.52,40,Salaried,Below High School,Single,19703.0,678,9258.55,0.47,1,Active
LN-104858,2024-04-09,West India,Home Loan,4934563.0,180,7.93,40,Salaried,Graduate,Married,35460.0,626,46958.06,1.324,2,Restructured
LN-106544,2024-04-09,East India,Home Loan,3755974.0,240,16.91,31,Salaried,High School,Married,24083.0,613,54835.73,2.277,6,Restructured
LN-106971,2024-04-09,East India,Vehicle Loan,457153.0,36,17.03,37,Salaried,Graduate,Divorced,70583.0,621,16305.58,0.231,2,Active
LN-102190,2024-04-11,East India,Agriculture Loan,422654.0,36,9.21,43,Salaried,Graduate,Divorced,43584.0,676,13481.63,0.309,1,Active
LN-103585,2024-04-11,Central India,Vehicle Loan,852926.0,48,11.22,34,Salaried,Below High School,Divorced,20845.0,724,22135.55,1.062,0,Active
LN-104568,2024-04-11,North India,Home Loan,5983617.0,120,16.29,44,Business Owner,Post-Graduate,Married,109005.0,698,101317.49,0.929,5,Restructured
LN-105164,2024-04-11,West India,Personal Loan,246890.0,24,12.12,57,Self-Employed,Graduate,Divorced,46460.0,672,11635.81,0.25,0,Fully Paid
LN-100981,2024-04-12,West India,Home Loan,4351199.0,180,9.4,21,Self-Employed,Graduate,Divorced,54388.0,646,45174.1,0.831,3,Active
LN-101077,2024-04-12,South India,Business Loan,3550232.0,24,10.16,44,Salaried,High School,Married,18994.0,672,164087.49,8.639,1,Active
LN-104177,2024-04-12,West India,Personal Loan,143294.0,36,13.14,52,Salaried,Professional Degree,Married,67317.0,626,4837.81,0.072,0,Active
LN-105952,2024-04-12,West India,Personal Loan,141734.0,48,14.11,21,Retired,Graduate,Married,51907.0,628,3880.92,0.075,5,Restructured
LN-101346,2024-04-13,Central India,Business Loan,4978334.0,84,7.92,26,Self-Employed,Post-Graduate,Married,62447.0,661,77395.11,1.239,1,Active
LN-103364,2024-04-13,Central India,Home Loan,3118823.0,300,18.38,26,Salaried,High School,Divorced,39667.0,587,48274.94,1.217,0,Active
LN-104175,2024-04-13,North India,Vehicle Loan,991853.0,48,12.17,24,Salaried,High School,Married,19132.0,695,26202.16,1.37,1,Active
LN-104226,2024-04-13,Central India,Business Loan,1082144.0,24,11.77,28,Self-Employed,Post-Graduate,Single,53715.0,685,50824.12,0.946,0,Fully Paid
LN-104692,2024-04-13,Central India,Personal Loan,465639.0,36,8.67,24,Salaried,High School,Divorced,34405.0,726,14735.78,0.428,0,Active
LN-100561,2024-04-14,North India,Home Loan,3935396.0,240,13.27,50,Unemployed,Graduate,Single,13784.0,491,46865.18,3.4,2,Active
LN-103650,2024-04-14,Central India,Gold Loan,100807.0,12,8.71,26,Self-Employed,Graduate,Divorced,67218.0,733,8802.17,0.131,0,Fully Paid
LN-103927,2024-04-14,Central India,Education Loan,1974579.0,84,7.81,44,Self-Employed,Professional Degree,Single,139166.0,586,30589.63,0.22,3,Restructured
LN-100075,2024-04-15,West India,Vehicle Loan,737052.0,60,17.09,35,Self-Employed,Post-Graduate,Married,50095.0,623,18353.33,0.366,2,Active
LN-100454,2024-04-15,Central India,Personal Loan,94591.0,36,11.82,35,Self-Employed,Professional Degree,Married,122684.0,737,3133.65,0.026,1,Active
LN-101074,2024-04-15,North India,Home Loan,3915097.0,120,14.76,47,Salaried,Post-Graduate,Divorced,68255.0,770,62590.03,0.917,0,Active
LN-101666,2024-04-15,East India,Home Loan,5667735.0,120,11.9,39,Retired,High School,Single,24376.0,660,80988.23,3.322,9,Written Off
LN-102588,2024-04-15,East India,Home Loan,3632220.0,180,8.66,34,Self-Employed,High School,Married,36124.0,670,36109.38,1.0,5,Written Off
LN-104610,2024-04-15,Central India,Personal Loan,65795.0,36,12.04,25,Business Owner,High School,Married,54555.0,667,2186.59,0.04,0,Active
LN-101803,2024-04-16,South India,Education Loan,499877.0,84,17.47,21,Self-Employed,Post-Graduate,Married,60776.0,735,10351.62,0.17,8,Defaulted
LN-103165,2024-04-17,Central India,Education Loan,764845.0,60,13.45,37,Salaried,Graduate,Married,51861.0,616,17579.27,0.339,1,Active
LN-103852,2024-04-17,West India,Home Loan,4220670.0,240,17.31,41,Salaried,Post-Graduate,Divorced,101023.0,689,62905.74,0.623,0,Active
LN-106209,2024-04-17,South India,Vehicle Loan,879978.0,48,18.09,28,Retired,Post-Graduate,Married,57640.0,733,25890.76,0.449,9,Defaulted
LN-101245,2024-04-18,West India,Home Loan,4058933.0,300,8.85,21,Salaried,Professional Degree,Divorced,102859.0,664,33646.47,0.327,0,Active
LN-102790,2024-04-18,North India,Home Loan,3422691.0,300,8.64,24,Salaried,Professional Degree,Divorced,103031.0,749,27884.09,0.271,1,Active
LN-102795,2024-04-18,Central India,Vehicle Loan,293315.0,72,14.38,23,Salaried,Graduate,Single,41411.0,660,6103.82,0.147,0,Active
LN-103523,2024-04-18,East India,Home Loan,2397215.0,180,9.07,21,Retired,Professional Degree,Single,140088.0,629,24414.08,0.174,3,Restructured
LN-105445,2024-04-18,West India,Gold Loan,122698.0,12,13.22,25,Salaried,Graduate,Married,65285.0,806,10971.72,0.168,0,Fully Paid
LN-101987,2024-04-19,East India,Business Loan,3199010.0,84,14.92,46,Retired,Professional Degree,Divorced,71636.0,649,61587.02,0.86,6,Restructured
LN-106170,2024-04-19,Central India,Home Loan,4829127.0,300,16.29,45,Self-Employed,Professional Degree,Single,89354.0,755,66723.59,0.747,1,Active
LN-100483,2024-04-20,East India,Home Loan,2175731.0,180,17.03,38,Self-Employed,Graduate,Divorced,57509.0,645,33530.86,0.583,7,Defaulted
LN-100613,2024-04-20,West India,Personal Loan,120365.0,12,16.31,41,Self-Employed,High School,Divorced,33407.0,593,10938.48,0.327,0,Fully Paid
LN-100767,2024-04-20,North India,Business Loan,3296403.0,36,8.79,32,Salaried,Graduate,Married,49172.0,672,104502.85,2.125,0,Active
LN-101340,2024-04-20,West India,Personal Loan,182221.0,48,16.63,26,Salaried,Graduate,Single,51892.0,623,5223.18,0.101,2,Active
LN-101518,2024-04-20,Central India,Personal Loan,425163.0,36,14.64,49,Salaried,Post-Graduate,Single,69526.0,805,14663.57,0.211,0,Active
LN-103752,2024-04-20,West India,Personal Loan,154263.0,24,18.23,28,Salaried,Graduate,Married,60475.0,698,7718.6,0.128,0,Fully Paid
LN-105753,2024-04-20,Central India,Education Loan,971693.0,84,10.25,38,Salaried,Post-Graduate,Married,75326.0,649,16257.05,0.216,4,Restructured
LN-101470,2024-04-21,South India,Business Loan,3650804.0,60,17.22,36,Salaried,Post-Graduate,Married,55944.0,659,91164.31,1.63,8,Defaulted
LN-101588,2024-04-21,East India,Personal Loan,188690.0,24,10.45,27,Business Owner,Post-Graduate,Single,99911.0,710,8746.33,0.088,0,Fully Paid
LN-102104,2024-04-21,South India,Vehicle Loan,781369.0,72,9.91,58,Business Owner,Post-Graduate,Single,80223.0,688,14440.08,0.18,0,Active
LN-104047,2024-04-21,Central India,Business Loan,4990648.0,60,11.55,39,Salaried,Professional Degree,Divorced,138253.0,742,109882.68,0.795,4,Restructured
LN-104855,2024-04-21,West India,Agriculture Loan,169827.0,36,9.13,21,Business Owner,Below High School,Married,24602.0,691,5410.73,0.22,0,Active
LN-106571,2024-04-21,South India,Personal Loan,437440.0,36,9.59,21,Retired,Graduate,Divorced,52109.0,603,14030.9,0.269,2,Active
LN-106642,2024-04-21,Central India,Home Loan,1750386.0,180,8.88,28,Salaried,Post-Graduate,Single,105826.0,685,17628.85,0.167,0,Active
LN-102244,2024-04-22,South India,Personal Loan,285047.0,12,18.12,46,Retired,Graduate,Divorced,48035.0,778,26149.39,0.544,0,Fully Paid
LN-104344,2024-04-22,South India,Home Loan,4776801.0,180,16.37,59,Salaried,Graduate,Married,55201.0,832,71393.04,1.293,8,Defaulted
LN-100872,2024-04-23,East India,Gold Loan,440474.0,12,17.8,47,Salaried,Below High School,Married,14705.0,621,40340.74,2.743,0,Active
LN-104487,2024-04-23,East India,Gold Loan,97187.0,12,13.2,31,Self-Employed,Graduate,Divorced,32589.0,658,8689.6,0.267,0,Fully Paid
LN-104616,2024-04-23,Central India,Personal Loan,239897.0,36,7.82,44,Unemployed,High School,Divorced,11004.0,545,7497.6,0.681,0,Active
LN-104943,2024-04-23,South India,Vehicle Loan,929177.0,60,16.19,21,Salaried,Graduate,Divorced,39856.0,707,22689.69,0.569,10,Defaulted
LN-105392,2024-04-23,West India,Business Loan,4331473.0,36,16.87,34,Salaried,High School,Married,32142.0,585,154148.73,4.796,7,Defaulted
LN-106585,2024-04-23,West India,Gold Loan,84285.0,6,12.49,55,Salaried,Post-Graduate,Single,91109.0,717,14563.65,0.16,0,Fully Paid
LN-102016,2024-04-24,East India,Education Loan,1568721.0,84,16.11,54,Unemployed,Graduate,Single,10288.0,599,31256.4,3.038,2,Restructured
LN-102035,2024-04-24,East India,Personal Loan,305406.0,36,17.74,55,Self-Employed,Professional Degree,Married,126372.0,652,11001.37,0.087,0,Active
LN-103272,2024-04-24,North India,Vehicle Loan,345250.0,36,15.66,24,Salaried,Post-Graduate,Divorced,63608.0,655,12080.09,0.19,0,Active
LN-105673,2024-04-24,North India,Personal Loan,471447.0,12,11.08,51,Business Owner,Graduate,Divorced,65073.0,615,41684.86,0.641,0,Fully Paid
LN-105886,2024-04-24,South India,Home Loan,4371991.0,180,14.58,37,Salaried,High School,Divorced,25607.0,703,59937.07,2.341,10,Written Off
LN-106218,2024-04-24,West India,Gold Loan,294592.0,24,11.69,39,Salaried,High School,Married,18120.0,597,13824.86,0.763,3,Defaulted
LN-106671,2024-04-24,North India,Personal Loan,149880.0,24,14.58,30,Retired,Graduate,Married,53480.0,583,7237.31,0.135,0,Fully Paid
LN-100834,2024-04-25,Central India,Agriculture Loan,775436.0,12,17.94,34,Salaried,Post-Graduate,Married,86500.0,731,71069.83,0.822,1,Active
LN-102008,2024-04-25,Central India,Personal Loan,235960.0,12,9.38,44,Business Owner,Post-Graduate,Married,83120.0,723,20676.65,0.249,0,Fully Paid
LN-105971,2024-04-25,Central India,Personal Loan,125584.0,24,13.44,44,Self-Employed,Below High School,Divorced,21655.0,581,5996.48,0.277,0,Fully Paid
LN-100316,2024-04-26,Central India,Education Loan,1390425.0,120,8.78,23,Retired,Post-Graduate,Single,60771.0,721,17448.19,0.287,0,Active
LN-102372,2024-04-26,South India,Home Loan,2894191.0,180,13.37,63,Business Owner,Graduate,Single,60197.0,746,37325.95,0.62,0,Active
LN-103210,2024-04-26,West India,Vehicle Loan,681327.0,72,13.8,53,Self-Employed,High School,Married,24258.0,633,13966.39,0.576,5,Written Off
LN-100729,2024-04-27,North India,Home Loan,4516390.0,300,16.32,37,Salaried,Graduate,Married,43820.0,740,62509.24,1.427,1,Active
LN-102194,2024-04-27,East India,Vehicle Loan,656026.0,36,13.13,24,Self-Employed,Below High School,Single,16885.0,624,22145.21,1.312,5,Restructured
LN-103067,2024-04-27,East India,Personal Loan,281846.0,36,9.41,43,Salaried,Graduate,Married,59955.0,664,9016.51,0.15,1,Active
LN-100717,2024-04-28,East India,Vehicle Loan,883892.0,72,12.82,39,Self-Employed,Graduate,Single,40427.0,678,17659.48,0.437,9,Defaulted
LN-100942,2024-04-28,West India,Business Loan,2064998.0,36,13.93,46,Self-Employed,Graduate,Married,52126.0,598,70506.55,1.353,2,Active
LN-102143,2024-04-28,South India,Vehicle Loan,933718.0,60,17.62,36,Self-Employed,Graduate,Divorced,57701.0,670,23517.71,0.408,0,Active
LN-103391,2024-04-28,East India,Education Loan,467772.0,60,8.29,21,Salaried,Graduate,Divorced,52791.0,625,9549.78,0.181,2,Active
LN-103300,2024-04-29,West India,Business Loan,4332089.0,60,11.84,33,Self-Employed,Graduate,Married,33761.0,553,96015.03,2.844,7,Defaulted
LN-103705,2024-04-29,South India,Personal Loan,55126.0,48,14.18,31,Self-Employed,Post-Graduate,Single,101858.0,663,1511.38,0.015,1,Active
LN-106067,2024-04-29,West India,Home Loan,5159360.0,300,15.21,29,Self-Employed,Graduate,Married,39238.0,559,66924.42,1.706,1,Active
LN-101030,2024-04-30,East India,Personal Loan,215309.0,24,9.27,53,Retired,Post-Graduate,Divorced,57883.0,719,9863.03,0.17,0,Fully Paid
LN-103892,2024-04-30,East India,Vehicle Loan,1014368.0,60,9.09,21,Retired,High School,Married,22346.0,666,21100.95,0.944,5,Written Off
LN-104339,2024-04-30,Central India,Business Loan,1054349.0,24,13.5,35,Business Owner,High School,Single,26881.0,688,50373.65,1.874,0,Fully Paid
LN-105716,2024-04-30,South India,Personal Loan,125956.0,36,16.91,32,Self-Employed,Professional Degree,Single,150514.0,698,4485.04,0.03,1,Active
LN-106780,2024-04-30,East India,Home Loan,3976819.0,300,16.28,57,Salaried,High School,Married,32228.0,703,54916.01,1.704,0,Active
LN-102007,2024-05-01,South India,Education Loan,1735149.0,84,17.53,49,Retired,Professional Degree,Single,85800.0,632,35992.64,0.419,3,Active
LN-102797,2024-05-01,South India,Home Loan,5616803.0,120,15.68,50,Unemployed,Below High School,Married,3851.0,544,92971.78,24.142,10,Written Off
LN-104110,2024-05-01,West India,Vehicle Loan,923440.0,36,17.03,40,Business Owner,High School,Divorced,39144.0,603,32936.94,0.841,1,Active
LN-104306,2024-05-01,North India,Personal Loan,331883.0,24,12.21,58,Unemployed,Post-Graduate,Divorced,22106.0,597,15655.45,0.708,5,Restructured
LN-106220,2024-05-01,West India,Education Loan,792819.0,120,14.91,57,Self-Employed,Graduate,Single,60892.0,660,12747.28,0.209,0,Active
LN-106441,2024-05-01,North India,Home Loan,2844454.0,300,11.3,44,Self-Employed,Post-Graduate,Single,56391.0,650,28497.94,0.505,0,Active
LN-106728,2024-05-01,North India,Education Loan,685626.0,84,13.43,59,Self-Employed,High School,Married,31661.0,599,12633.72,0.399,0,Active
LN-105381,2024-05-02,East India,Vehicle Loan,459335.0,72,10.3,35,Retired,Professional Degree,Single,128134.0,746,8579.22,0.067,1,Active
LN-105573,2024-05-02,North India,Vehicle Loan,925102.0,60,7.84,39,Business Owner,Below High School,Single,36702.0,647,18686.97,0.509,7,Defaulted
LN-106897,2024-05-02,East India,Vehicle Loan,335218.0,72,17.81,25,Self-Employed,Graduate,Divorced,53747.0,697,7609.62,0.142,1,Active
LN-100177,2024-05-03,West India,Vehicle Loan,965823.0,60,12.78,38,Salaried,Graduate,Single,54544.0,662,21866.82,0.401,10,Written Off
LN-101650,2024-05-03,North India,Home Loan,3045183.0,180,13.24,28,Salaried,Graduate,Single,41563.0,668,39011.08,0.939,5,Defaulted
LN-102595,2024-05-04,South India,Home Loan,5404347.0,300,14.03,33,Salaried,Professional Degree,Single,106292.0,780,65179.52,0.613,0,Active
LN-104396,2024-05-04,Central India,Education Loan,1020346.0,36,11.18,32,Self-Employed,Professional Degree,Divorced,92995.0,671,33491.86,0.36,7,Defaulted
LN-103196,2024-05-05,South India,Personal Loan,184162.0,24,17.8,21,Self-Employed,Graduate,Married,55425.0,644,9176.34,0.166,0,Fully Paid
LN-104559,2024-05-05,West India,Education Loan,629375.0,84,17.51,41,Salaried,Post-Graduate,Divorced,100620.0,764,13047.96,0.13,1,Active
LN-102560,2024-05-07,East India,Gold Loan,421953.0,12,12.51,30,Retired,Post-Graduate,Married,98714.0,786,37590.76,0.381,0,Active
LN-104694,2024-05-07,South India,Education Loan,488686.0,84,18.4,37,Business Owner,High School,Divorced,49318.0,686,10386.01,0.211,1,Active
LN-106068,2024-05-07,North India,Home Loan,3014460.0,180,7.79,31,Self-Employed,Post-Graduate,Married,54751.0,667,28443.49,0.52,1,Active
LN-102392,2024-05-08,Central India,Home Loan,4422095.0,180,15.32,33,Salaried,Below High School,Divorced,23361.0,717,62863.14,2.691,1,Active
LN-104474,2024-05-08,North India,Personal Loan,412895.0,48,8.5,36,Salaried,High School,Single,27997.0,685,10177.16,0.364,0,Active
LN-104579,2024-05-08,East India,Vehicle Loan,343337.0,36,13.64,48,Salaried,Graduate,Married,49558.0,657,11674.5,0.236,1,Active
LN-100629,2024-05-09,Central India,Vehicle Loan,878509.0,72,13.02,55,Salaried,Post-Graduate,Single,53562.0,657,17644.56,0.329,1,Active
LN-103802,2024-05-09,North India,Education Loan,617203.0,120,14.83,51,Salaried,High School,Divorced,22619.0,699,9893.49,0.437,0,Active
LN-104285,2024-05-09,East India,Business Loan,4882652.0,36,9.29,29,Unemployed,Professional Degree,Single,19290.0,450,155926.88,8.083,4,Defaulted
LN-105191,2024-05-09,East India,Personal Loan,476738.0,24,17.2,32,Salaried,Graduate,Divorced,66451.0,783,23616.85,0.355,0,Fully Paid
LN-105633,2024-05-09,West India,Home Loan,5261167.0,180,10.94,40,Salaried,Post-Graduate,Single,88156.0,770,59600.19,0.676,1,Active
LN-101025,2024-05-10,South India,Home Loan,2084162.0,240,13.54,68,Self-Employed,Professional Degree,Married,95424.0,772,25223.65,0.264,0,Active
LN-101640,2024-05-10,West India,Vehicle Loan,810192.0,48,10.29,21,Salaried,Professional Degree,Married,136351.0,746,20661.58,0.152,0,Active
LN-101819,2024-05-10,South India,Vehicle Loan,442930.0,72,17.8,21,Unemployed,Graduate,Married,10894.0,578,10052.24,0.923,10,Defaulted
LN-101994,2024-05-11,Central India,Vehicle Loan,983726.0,72,13.92,38,Self-Employed,Post-Graduate,Married,73378.0,583,20228.29,0.276,0,Active
LN-101097,2024-05-12,South India,Personal Loan,408616.0,24,8.83,29,Salaried,Graduate,Married,34375.0,696,18635.66,0.542,0,Fully Paid
LN-101322,2024-05-12,East India,Home Loan,3217088.0,120,15.37,42,Salaried,Graduate,Divorced,67180.0,788,52634.22,0.783,0,Active
LN-102683,2024-05-12,East India,Vehicle Loan,1155610.0,72,15.4,32,Self-Employed,High School,Married,38675.0,572,24687.11,0.638,1,Active
LN-104437,2024-05-12,Central India,Business Loan,2831225.0,36,13.98,42,Salaried,High School,Divorced,34391.0,702,96737.06,2.813,1,Active
LN-105488,2024-05-12,South India,Home Loan,4764716.0,180,10.98,34,Self-Employed,Graduate,Single,52526.0,623,54095.79,1.03,3,Active
LN-101222,2024-05-13,Central India,Home Loan,5471219.0,300,13.84,55,Salaried,Below High School,Divorced,23471.0,751,65191.31,2.778,1,Active
LN-100772,2024-05-14,North India,Home Loan,3705934.0,120,17.66,40,Salaried,High School,Married,34623.0,654,65966.4,1.905,1,Active
LN-100847,2024-05-14,Central India,Education Loan,1293291.0,84,9.85,37,Self-Employed,Professional Degree,Single,142681.0,693,21370.06,0.15,3,Defaulted
LN-103579,2024-05-14,West India,Home Loan,3916605.0,120,10.42,37,Retired,Professional Degree,Divorced,114391.0,782,52673.42,0.46,1,Active
LN-104452,2024-05-15,South India,Home Loan,2453535.0,180,14.17,35,Salaried,Post-Graduate,Married,81717.0,783,32955.45,0.403,0,Active
LN-105456,2024-05-15,East India,Gold Loan,112898.0,12,15.59,37,Salaried,Graduate,Single,33207.0,613,10221.44,0.308,0,Fully Paid
LN-105927,2024-05-15,Central India,Business Loan,2436388.0,84,14.14,48,Salaried,Graduate,Divorced,61899.0,681,45846.57,0.741,6,Restructured
LN-106512,2024-05-15,West India,Education Loan,1880938.0,60,10.55,33,Retired,Graduate,Married,47967.0,635,40475.3,0.844,12,Written Off
LN-106813,2024-05-15,North India,Business Loan,3552596.0,84,9.86,36,Self-Employed,Professional Degree,Divorced,100019.0,653,58720.63,0.587,1,Active
LN-100218,2024-05-16,Central India,Personal Loan,368405.0,24,9.87,50,Self-Employed,High School,Divorced,26679.0,721,16977.93,0.636,0,Fully Paid
LN-102087,2024-05-16,Central India,Home Loan,2149222.0,120,18.04,28,Salaried,Professional Degree,Single,70936.0,640,38781.16,0.547,12,Defaulted
LN-104520,2024-05-16,South India,Business Loan,2187425.0,24,13.11,21,Retired,Graduate,Divorced,57207.0,770,104107.23,1.82,0,Fully Paid
LN-105688,2024-05-16,Central India,Home Loan,2008416.0,120,16.69,27,Retired,High School,Single,26258.0,643,34512.27,1.314,5,Defaulted
LN-106980,2024-05-16,East India,Education Loan,739622.0,60,14.99,29,Unemployed,Professional Degree,Married,40699.0,511,17591.67,0.432,10,Defaulted
LN-101817,2024-05-17,North India,Vehicle Loan,1127153.0,72,11.73,36,Unemployed,Post-Graduate,Divorced,20339.0,555,21878.12,1.076,10,Defaulted
LN-104352,2024-05-17,West India,Vehicle Loan,610467.0,48,18.07,22,Retired,Graduate,Married,65833.0,730,17954.81,0.273,1,Active
LN-100989,2024-05-18,West India,Agriculture Loan,971219.0,36,13.94,33,Salaried,High School,Single,25111.0,645,33165.67,1.321,3,Active
LN-101393,2024-05-18,North India,Education Loan,305302.0,120,9.56,29,Salaried,Professional Degree,Married,148501.0,658,3960.57,0.027,0,Active
LN-101187,2024-05-19,West India,Vehicle Loan,478500.0,72,14.4,34,Retired,Professional Degree,Married,103230.0,690,9962.63,0.097,1,Active
LN-102293,2024-05-19,East India,Personal Loan,202635.0,48,8.74,33,Salaried,Professional Degree,Divorced,120941.0,745,5017.6,0.041,1,Active
LN-102533,2024-05-19,Central India,Home Loan,1919370.0,240,10.38,51,Self-Employed,Professional Degree,Divorced,74739.0,637,19008.14,0.254,2,Active
LN-103036,2024-05-19,North India,Home Loan,3672343.0,180,9.98,61,Unemployed,High School,Single,5135.0,526,39418.27,7.676,11,Written Off
LN-103160,2024-05-19,Central India,Personal Loan,315868.0,48,18.34,40,Retired,Professional Degree,Single,100681.0,792,9334.84,0.093,1,Active
LN-103922,2024-05-19,North India,Gold Loan,106634.0,6,9.9,46,Salaried,High School,Single,20805.0,728,18289.02,0.879,0,Fully Paid
LN-105106,2024-05-19,Central India,Education Loan,1011835.0,84,8.79,27,Salaried,Post-Graduate,Single,59434.0,812,16171.86,0.272,1,Active
LN-105166,2024-05-20,West India,Vehicle Loan,1104348.0,48,14.6,29,Salaried,Below High School,Divorced,16984.0,672,30511.38,1.796,0,Active
LN-106437,2024-05-20,South India,Vehicle Loan,796033.0,48,8.05,40,Self-Employed,Post-Graduate,Single,83975.0,701,19452.18,0.232,0,Active
LN-100217,2024-05-21,East India,Personal Loan,302790.0,36,15.31,50,Business Owner,Graduate,Divorced,97846.0,742,10542.34,0.108,1,Active
LN-101179,2024-05-21,East India,Home Loan,4043934.0,120,14.8,40,Self-Employed,Graduate,Divorced,56053.0,640,64748.39,1.155,1,Active
LN-104794,2024-05-21,East India,Personal Loan,178358.0,24,15.39,49,Business Owner,Graduate,Married,87531.0,737,8681.07,0.099,0,Fully Paid
LN-105453,2024-05-21,South India,Personal Loan,153826.0,12,11.88,40,Business Owner,Graduate,Divorced,97621.0,654,13658.62,0.14,0,Fully Paid
LN-106368,2024-05-21,Central India,Education Loan,1326805.0,60,18.28,21,Self-Employed,High School,Single,21165.0,611,33894.55,1.601,2,Active
LN-104086,2024-05-22,Central India,Vehicle Loan,241252.0,48,12.65,36,Business Owner,Graduate,Married,84313.0,716,6430.36,0.076,0,Active
LN-105902,2024-05-22,South India,Education Loan,1962831.0,36,13.77,41,Retired,Graduate,Divorced,40121.0,636,66865.85,1.667,2,Active
LN-105344,2024-05-23,West India,Education Loan,1939829.0,84,13.62,33,Business Owner,Post-Graduate,Divorced,106053.0,745,35946.43,0.339,0,Active
LN-100486,2024-05-24,Central India,Personal Loan,452152.0,24,7.57,35,Salaried,High School,Divorced,20727.0,765,20361.05,0.982,1,Active
LN-101462,2024-05-24,Central India,Home Loan,3439165.0,120,18.01,52,Salaried,Graduate,Single,50288.0,646,61990.81,1.233,2,Restructured
LN-104090,2024-05-24,South India,Business Loan,3916785.0,84,18.01,31,Self-Employed,Professional Degree,Married,126076.0,698,82345.31,0.653,0,Active
LN-104236,2024-05-24,East India,Vehicle Loan,799082.0,60,17.5,45,Self-Employed,Graduate,Married,39839.0,623,20074.71,0.504,8,Written Off
LN-105019,2024-05-24,Central India,Gold Loan,741022.0,6,16.03,35,Retired,High School,Divorced,35040.0,665,129341.82,3.691,1,Active
LN-105790,2024-05-24,North India,Personal Loan,341475.0,12,8.39,34,Salaried,Graduate,Single,62592.0,727,29765.98,0.476,12,Defaulted
LN-106770,2024-05-24,West India,Business Loan,2110423.0,24,9.31,34,Salaried,Graduate,Single,54341.0,687,96714.58,1.78,0,Fully Paid
LN-103896,2024-05-25,East India,Home Loan,2058718.0,120,16.66,37,Business Owner,Professional Degree,Single,179539.0,716,35337.73,0.197,0,Active
LN-105284,2024-05-25,Central India,Personal Loan,58212.0,12,8.27,45,Unemployed,Below High School,Divorced,8330.0,616,5071.04,0.609,10,Defaulted
LN-106204,2024-05-25,East India,Home Loan,4246376.0,300,15.99,64,Self-Employed,Post-Graduate,Married,111795.0,682,57670.2,0.516,4,Written Off
LN-102760,2024-05-26,South India,Business Loan,1254002.0,36,8.62,28,Salaried,Graduate,Single,65744.0,685,39655.52,0.603,10,Defaulted
LN-103935,2024-05-27,South India,Business Loan,1887049.0,60,18.38,49,Business Owner,Post-Graduate,Married,75339.0,751,48309.58,0.641,0,Active
LN-105091,2024-05-27,West India,Vehicle Loan,633982.0,48,10.03,49,Unemployed,Post-Graduate,Married,21071.0,561,16088.56,0.764,6,Written Off
LN-105458,2024-05-27,West India,Personal Loan,336533.0,24,8.5,31,Salaried,High School,Single,18194.0,718,15297.33,0.841,0,Fully Paid
LN-106202,2024-05-27,East India,Education Loan,803877.0,120,17.31,40,Retired,Graduate,Married,34788.0,710,14129.5,0.406,6,Defaulted
LN-106881,2024-05-27,West India,Home Loan,5490010.0,180,17.11,52,Salaried,Post-Graduate,Divorced,68179.0,653,84919.86,1.246,1,Active
LN-106989,2024-05-27,North India,Gold Loan,627634.0,6,10.51,41,Unemployed,Below High School,Divorced,4354.0,493,107835.57,24.767,6,Defaulted
LN-102313,2024-05-28,South India,Personal Loan,285370.0,24,9.42,25,Salaried,Professional Degree,Divorced,128327.0,764,13092.12,0.102,0,Fully Paid
LN-102877,2024-05-28,Central India,Vehicle Loan,549826.0,60,9.85,29,Salaried,Post-Graduate,Divorced,52003.0,676,11641.64,0.224,0,Active
LN-104675,2024-05-28,North India,Personal Loan,92840.0,48,14.46,33,Self-Employed,Graduate,Single,44031.0,679,2558.46,0.058,1,Active
LN-100278,2024-05-29,Central India,Home Loan,5932612.0,180,13.62,32,Self-Employed,Graduate,Divorced,41899.0,692,77498.23,1.85,1,Active
LN-103728,2024-05-29,West India,Personal Loan,180904.0,36,9.57,35,Salaried,Professional Degree,Divorced,115278.0,716,5800.81,0.05,0,Active
LN-103947,2024-05-29,Central India,Home Loan,1942318.0,300,11.25,41,Salaried,Graduate,Single,42942.0,747,19388.99,0.452,1,Active
LN-105035,2024-05-29,Central India,Personal Loan,190601.0,24,17.46,31,Salaried,Professional Degree,Married,151244.0,726,9465.93,0.063,0,Fully Paid
LN-105068,2024-05-29,West India,Business Loan,2782687.0,24,11.82,31,Salaried,Graduate,Divorced,44353.0,721,130756.95,2.948,3,Written Off
LN-106518,2024-05-29,North India,Personal Loan,67516.0,12,14.44,27,Retired,High School,Divorced,18466.0,701,6076.05,0.329,0,Fully Paid
LN-106986,2024-05-29,North India,Personal Loan,446882.0,24,17.45,23,Self-Employed,Professional Degree,Married,71197.0,710,22191.61,0.312,0,Fully Paid
LN-100015,2024-05-30,South India,Vehicle Loan,1146709.0,48,13.17,27,Business Owner,Graduate,Divorced,50509.0,737,30860.17,0.611,12,Defaulted
LN-100274,2024-05-30,Central India,Vehicle Loan,511124.0,72,10.46,30,Unemployed,Post-Graduate,Divorced,18343.0,558,9587.99,0.523,4,Restructured
LN-105088,2024-05-30,East India,Home Loan,2595107.0,180,10.88,42,Self-Employed,Graduate,Single,47240.0,577,29300.65,0.62,2,Active
LN-105915,2024-05-30,North India,Education Loan,1727912.0,120,17.25,44,Salaried,Graduate,Single,64147.0,691,30304.99,0.472,1,Active
LN-101914,2024-05-31,Central India,Gold Loan,459332.0,12,14.2,58,Salaried,Below High School,Divorced,17713.0,669,41285.33,2.331,0,Fully Paid
LN-104898,2024-05-31,South India,Gold Loan,342335.0,12,14.51,43,Business Owner,Professional Degree,Divorced,235200.0,708,30819.48,0.131,0,Fully Paid
LN-106558,2024-05-31,South India,Personal Loan,440972.0,48,16.01,29,Self-Employed,Graduate,Divorced,55259.0,624,12499.53,0.226,5,Defaulted
LN-101043,2024-06-01,West India,Home Loan,3188333.0,120,13.02,27,Self-Employed,Graduate,Married,42145.0,594,47642.85,1.13,2,Active
LN-105393,2024-06-01,South India,Vehicle Loan,633858.0,72,12.36,41,Retired,Post-Graduate,Married,53727.0,619,12511.03,0.233,1,Active
LN-105969,2024-06-01,North India,Home Loan,3230353.0,240,8.95,37,Self-Employed,Graduate,Single,33879.0,612,28960.53,0.855,1,Active
LN-106998,2024-06-01,North India,Personal Loan,151706.0,48,12.62,21,Business Owner,High School,Married,40579.0,607,4041.34,0.1,7,Defaulted
LN-104307,2024-06-02,South India,Home Loan,1950151.0,240,16.36,41,Salaried,Graduate,Married,56963.0,670,27659.65,0.486,1,Active
LN-105479,2024-06-02,South India,Personal Loan,254004.0,48,12.02,27,Retired,Graduate,Divorced,40415.0,676,6691.39,0.166,0,Active
LN-100749,2024-06-03,North India,Vehicle Loan,1032279.0,36,15.45,39,Self-Employed,Professional Degree,Married,85131.0,737,36012.19,0.423,1,Active
LN-101497,2024-06-03,South India,Vehicle Loan,800510.0,36,8.37,44,Salaried,Post-Graduate,Single,94526.0,708,25221.94,0.267,1,Active
LN-103415,2024-06-03,East India,Business Loan,1202823.0,60,9.37,31,Salaried,High School,Married,24050.0,724,25185.17,1.047,0,Active
LN-100494,2024-06-04,Central India,Business Loan,2262640.0,84,8.26,48,Salaried,High School,Divorced,25483.0,735,35559.8,1.395,1,Active
LN-103185,2024-06-04,Central India,Gold Loan,394359.0,6,7.76,28,Salaried,Professional Degree,Divorced,76877.0,669,67222.1,0.874,0,Fully Paid
LN-103351,2024-06-04,South India,Vehicle Loan,1195750.0,60,17.89,38,Business Owner,Professional Degree,Divorced,214981.0,644,30292.68,0.141,3,Restructured
LN-103378,2024-06-04,Central India,Business Loan,4355500.0,36,17.64,21,Business Owner,Professional Degree,Single,149948.0,783,156676.3,1.045,10,Defaulted
LN-106546,2024-06-04,North India,Vehicle Loan,678597.0,60,15.47,21,Salaried,Post-Graduate,Married,106687.0,619,16311.67,0.153,1,Active
LN-106954,2024-06-04,West India,Education Loan,1478317.0,36,9.77,38,Salaried,Graduate,Married,70296.0,697,47541.66,0.676,4,Defaulted
LN-105065,2024-06-05,West India,Vehicle Loan,969648.0,36,12.02,34,Business Owner,Post-Graduate,Married,132971.0,632,32215.45,0.242,1,Active
LN-100582,2024-06-06,Central India,Home Loan,5853890.0,120,14.29,37,Salaried,Professional Degree,Divorced,86522.0,847,91914.75,1.062,1,Active
LN-102317,2024-06-06,North India,Education Loan,1626716.0,84,13.36,22,Salaried,Graduate,Married,58262.0,719,29912.46,0.513,0,Active
LN-103101,2024-06-06,East India,Personal Loan,376421.0,48,9.71,52,Salaried,Graduate,Divorced,71956.0,695,9494.67,0.132,1,Active
LN-103178,2024-06-06,East India,Education Loan,1729810.0,84,10.61,44,Salaried,High School,Married,36689.0,701,29265.04,0.798,0,Active
LN-106767,2024-06-06,North India,Home Loan,5485796.0,240,12.07,44,Self-Employed,Professional Degree,Married,136975.0,703,60671.27,0.443,0,Active
LN-104969,2024-06-07,South India,Agriculture Loan,800550.0,12,16.28,41,Salaried,High School,Married,33038.0,829,72740.7,2.202,0,Fully Paid
LN-101815,2024-06-08,North India,Vehicle Loan,319964.0,48,15.71,58,Unemployed,High School,Divorced,6434.0,530,9020.42,1.402,9,Written Off
LN-102496,2024-06-08,South India,Education Loan,816478.0,36,7.62,39,Salaried,Graduate,Married,33209.0,591,25442.56,0.766,0,Active
LN-102183,2024-06-09,South India,Business Loan,3185512.0,24,14.28,42,Salaried,Below High School,Divorced,18076.0,590,153367.32,8.485,0,Fully Paid
LN-106418,2024-06-09,East India,Home Loan,1938173.0,300,10.52,34,Salaried,Post-Graduate,Single,84454.0,612,18327.57,0.217,1,Active
LN-102251,2024-06-10,East India,Gold Loan,504422.0,24,18.21,38,Business Owner,Graduate,Single,99327.0,757,25234.03,0.254,0,Fully Paid
LN-103506,2024-06-10,West India,Home Loan,3233906.0,180,14.84,54,Self-Employed,Graduate,Divorced,55276.0,725,44907.46,0.812,5,Written Off
LN-104712,2024-06-10,West India,Education Loan,1129207.0,36,11.88,40,Salaried,High School,Single,39509.0,689,37441.14,0.948,0,Active
LN-102159,2024-06-11,West India,Home Loan,3752221.0,120,15.51,29,Salaried,Graduate,Married,53271.0,676,61713.65,1.158,0,Active
LN-104187,2024-06-11,Central India,Personal Loan,329300.0,24,15.13,44,Salaried,Graduate,Single,45669.0,582,15987.0,0.35,0,Fully Paid
LN-104445,2024-06-11,East India,Vehicle Loan,1089407.0,48,12.2,45,Salaried,Professional Degree,Married,71425.0,686,28795.36,0.403,0,Active
LN-105873,2024-06-11,South India,Business Loan,2427383.0,60,16.15,32,Salaried,Below High School,Divorced,26453.0,610,59222.87,2.239,12,Defaulted
LN-100813,2024-06-12,North India,Personal Loan,366332.0,24,12.09,50,Business Owner,Post-Graduate,Married,121056.0,829,17259.92,0.143,0,Fully Paid
LN-101046,2024-06-12,South India,Vehicle Loan,586913.0,36,11.36,33,Salaried,High School,Single,38583.0,635,19314.99,0.501,11,Defaulted
LN-101381,2024-06-13,South India,Education Loan,657247.0,84,16.51,40,Salaried,Graduate,Married,67030.0,655,13245.91,0.198,1,Active
LN-102096,2024-06-13,East India,Vehicle Loan,692141.0,48,14.68,48,Salaried,Post-Graduate,Married,98376.0,653,19150.72,0.195,1,Active
LN-103901,2024-06-13,North India,Home Loan,1702567.0,240,16.09,21,Business Owner,Professional Degree,Divorced,130300.0,712,23802.1,0.183,0,Active
LN-104472,2024-06-13,West India,Home Loan,2712200.0,300,12.86,45,Salaried,High School,Divorced,35688.0,752,30303.59,0.849,0,Active
LN-104738,2024-06-13,South India,Agriculture Loan,157597.0,12,16.25,66,Business Owner,Professional Degree,Single,171026.0,715,14317.56,0.084,0,Fully Paid
LN-104867,2024-06-13,West India,Home Loan,2211849.0,300,14.07,52,Unemployed,High School,Divorced,10914.0,433,26743.92,2.45,3,Written Off
LN-100453,2024-06-14,Central India,Personal Loan,419156.0,48,16.16,28,Retired,Post-Graduate,Divorced,55165.0,700,11913.37,0.216,0,Active
LN-100649,2024-06-14,Central India,Personal Loan,251927.0,12,7.64,54,Business Owner,Professional Degree,Married,190553.0,740,21872.82,0.115,0,Fully Paid
LN-101073,2024-06-14,West India,Personal Loan,250636.0,12,12.24,48,Self-Employed,Post-Graduate,Divorced,77193.0,636,22296.85,0.289,0,Fully Paid
LN-104910,2024-06-15,East India,Education Loan,1388562.0,120,14.43,44,Salaried,Below High School,Single,15018.0,729,21920.15,1.46,11,Defaulted
LN-105124,2024-06-15,North India,Vehicle Loan,352709.0,36,10.73,39,Salaried,Graduate,Married,37708.0,776,11502.19,0.305,1,Active
LN-105586,2024-06-15,West India,Home Loan,3034616.0,240,8.48,47,Self-Employed,Graduate,Divorced,43735.0,595,26296.7,0.601,1,Active
LN-106355,2024-06-15,South India,Education Loan,1576171.0,120,12.02,38,Salaried,Professional Degree,Divorced,87674.0,631,22631.7,0.258,3,Active
LN-102969,2024-06-16,North India,Vehicle Loan,1131009.0,48,15.67,23,Salaried,Graduate,Single,67634.0,728,31862.28,0.471,0,Active
LN-104696,2024-06-16,South India,Business Loan,4751659.0,36,15.23,45,Salaried,Graduate,Married,47635.0,704,165253.51,3.469,0,Active
LN-106178,2024-06-16,South India,Agriculture Loan,256588.0,24,12.07,35,Salaried,Graduate,Single,38832.0,731,12086.88,0.311,0,Active
LN-101215,2024-06-17,South India,Vehicle Loan,780081.0,36,13.15,48,Self-Employed,Graduate,Married,56335.0,639,26340.41,0.468,2,Active
LN-101342,2024-06-17,North India,Vehicle Loan,684702.0,36,8.56,45,Business Owner,Professional Degree,Married,197014.0,712,21633.4,0.11,0,Active
LN-101555,2024-06-18,East India,Education Loan,593806.0,60,12.86,54,Salaried,Professional Degree,Married,107882.0,741,13468.39,0.125,0,Active
LN-103021,2024-06-18,East India,Business Loan,4528050.0,84,11.34,32,Salaried,High School,Married,34520.0,779,78343.09,2.269,2,Restructured
LN-106261,2024-06-18,West India,Home Loan,1915274.0,180,10.95,32,Retired,Graduate,Divorced,61427.0,667,21708.85,0.353,1,Active
LN-104208,2024-06-19,Central India,Gold Loan,646359.0,24,11.76,54,Salaried,Professional Degree,Divorced,121876.0,743,30353.97,0.249,0,Fully Paid
LN-104401,2024-06-19,South India,Vehicle Loan,357992.0,36,11.68,21,Self-Employed,Graduate,Single,36835.0,645,11835.82,0.321,3,Active
LN-105974,2024-06-19,East India,Business Loan,2409160.0,36,15.54,41,Salaried,Graduate,Divorced,43176.0,693,84152.81,1.949,0,Active
LN-101223,2024-06-20,North India,Agriculture Loan,421778.0,36,12.38,32,Business Owner,Graduate,Single,104528.0,625,14085.74,0.135,2,Active
LN-101631,2024-06-20,West India,Business Loan,3530183.0,84,10.41,39,Business Owner,Professional Degree,Single,176309.0,708,59355.78,0.337,1,Active
LN-104034,2024-06-20,West India,Personal Loan,179537.0,48,12.85,49,Salaried,High School,Single,30544.0,567,4803.17,0.157,2,Active
LN-100387,2024-06-21,North India,Business Loan,2649777.0,36,16.18,33,Self-Employed,Graduate,Single,34789.0,705,93393.94,2.685,1,Active
LN-103624,2024-06-21,North India,Vehicle Loan,285487.0,72,17.5,38,Salaried,Professional Degree,Single,144019.0,730,6430.89,0.045,0,Active
LN-104596,2024-06-21,West India,Business Loan,4266654.0,36,12.04,47,Salaried,Post-Graduate,Single,88347.0,672,141795.5,1.605,8,Written Off
LN-101160,2024-06-22,East India,Personal Loan,171004.0,24,16.13,26,Salaried,Post-Graduate,Married,111892.0,740,8383.51,0.075,0,Fully Paid
LN-104708,2024-06-22,Central India,Education Loan,1897565.0,36,18.28,29,Self-Employed,Graduate,Single,45148.0,632,68868.35,1.525,1,Active
LN-105286,2024-06-22,West India,Business Loan,3474320.0,36,12.8,33,Salaried,Below High School,Divorced,27364.0,724,116729.16,4.266,0,Active
LN-100051,2024-06-23,Central India,Gold Loan,498881.0,12,16.95,61,Self-Employed,Graduate,Divorced,38895.0,590,45488.48,1.17,1,Active
LN-100587,2024-06-23,East India,Home Loan,4290163.0,300,12.6,21,Salaried,Post-Graduate,Divorced,108708.0,710,47098.4,0.433,1,Active
LN-104455,2024-06-24,West India,Personal Loan,143711.0,36,8.56,57,Salaried,Below High School,Single,28468.0,718,4540.6,0.159,1,Active
LN-100140,2024-06-25,East India,Agriculture Loan,234040.0,36,7.94,46,Self-Employed,Post-Graduate,Divorced,105767.0,710,7327.49,0.069,0,Active
LN-103937,2024-06-25,East India,Gold Loan,153514.0,24,18.46,44,Salaried,Graduate,Married,69819.0,742,7698.21,0.11,0,Fully Paid
LN-104538,2024-06-26,West India,Business Loan,4589726.0,24,16.83,41,Business Owner,Graduate,Single,111666.0,699,226551.71,2.029,0,Active
LN-100326,2024-06-27,East India,Education Loan,616522.0,120,11.22,42,Salaried,High School,Single,32491.0,662,8569.55,0.264,0,Active
LN-101921,2024-06-27,South India,Vehicle Loan,438692.0,60,9.48,44,Unemployed,High School,Married,8451.0,539,9209.06,1.09,12,Defaulted
LN-103740,2024-06-27,South India,Home Loan,4564243.0,120,18.08,65,Salaried,Post-Graduate,Single,104734.0,679,82476.12,0.787,10,Defaulted
LN-105875,2024-06-27,Central India,Personal Loan,118747.0,12,14.77,31,Unemployed,Graduate,Single,15254.0,515,10705.02,0.702,3,Active
LN-106764,2024-06-27,East India,Personal Loan,378507.0,12,18.4,36,Self-Employed,Post-Graduate,Divorced,100515.0,686,34773.61,0.346,0,Fully Paid
LN-106868,2024-06-27,North India,Home Loan,4645970.0,240,17.86,43,Retired,Below High School,Divorced,22100.0,637,71201.62,3.222,6,Defaulted
LN-100705,2024-06-28,North India,Personal Loan,298894.0,48,12.7,39,Salaried,High School,Single,33846.0,608,7974.14,0.236,0,Active
LN-102770,2024-06-28,Central India,Home Loan,2484367.0,180,12.45,42,Retired,Graduate,Divorced,62589.0,590,30539.58,0.488,2,Active
LN-103385,2024-06-28,North India,Personal Loan,425235.0,12,10.72,27,Salaried,Graduate,Divorced,69188.0,613,37527.46,0.542,0,Fully Paid
LN-103486,2024-06-28,Central India,Education Loan,1283884.0,84,16.75,47,Self-Employed,Graduate,Single,41913.0,666,26052.04,0.622,1,Active
LN-103803,2024-06-28,Central India,Business Loan,3689215.0,36,7.71,42,Business Owner,Professional Degree,Single,189871.0,663,115113.67,0.606,0,Active
LN-100682,2024-06-29,West India,Personal Loan,161705.0,36,15.94,21,Self-Employed,Graduate,Divorced,67941.0,594,5680.28,0.084,2,Active
LN-101138,2024-06-29,South India,Gold Loan,382217.0,24,15.55,35,Salaried,Post-Graduate,Single,71428.0,666,18632.46,0.261,0,Active
LN-101208,2024-06-29,East India,Personal Loan,274257.0,24,18.41,43,Self-Employed,Below High School,Married,13465.0,692,13746.43,1.021,0,Fully Paid
LN-102761,2024-06-29,East India,Vehicle Loan,651365.0,60,12.72,35,Salaried,Post-Graduate,Single,89978.0,782,14727.36,0.164,0,Active
LN-100644,2024-06-30,West India,Personal Loan,328332.0,36,13.03,45,Business Owner,Graduate,Single,45300.0,681,11067.55,0.244,0,Active
LN-102082,2024-06-30,South India,Business Loan,2986392.0,24,10.67,45,Unemployed,Post-Graduate,Single,32645.0,667,138732.17,4.25,6,Defaulted
LN-103670,2024-06-30,South India,Home Loan,2147026.0,180,11.05,50,Salaried,Post-Graduate,Divorced,67152.0,733,24470.48,0.364,1,Active
LN-100035,2024-07-01,West India,Vehicle Loan,235433.0,72,13.34,21,Salaried,Graduate,Divorced,64748.0,702,4768.46,0.074,0,Active
LN-102160,2024-07-01,Central India,Home Loan,2206635.0,240,11.07,21,Salaried,Professional Degree,Single,90831.0,590,22881.85,0.252,6,Defaulted
LN-102802,2024-07-01,North India,Gold Loan,542527.0,24,9.73,27,Business Owner,Post-Graduate,Divorced,138614.0,698,24967.31,0.18,0,Fully Paid
LN-105575,2024-07-01,Central India,Agriculture Loan,993522.0,24,16.28,30,Salaried,Post-Graduate,Married,52541.0,582,48778.95,0.928,0,Fully Paid
LN-100348,2024-07-02,East India,Vehicle Loan,1018062.0,60,13.3,40,Salaried,Graduate,Single,68681.0,719,23320.69,0.34,1,Active
LN-101502,2024-07-02,North India,Vehicle Loan,723112.0,60,9.83,51,Unemployed,High School,Single,11862.0,523,15303.58,1.29,9,Written Off
LN-101638,2024-07-02,East India,Vehicle Loan,534894.0,48,12.84,48,Salaried,Graduate,Single,54273.0,705,14307.43,0.264,0,Active
LN-101809,2024-07-02,East India,Vehicle Loan,801586.0,60,15.36,21,Salaried,High School,Divorced,20465.0,657,19221.48,0.939,0,Active
LN-102408,2024-07-02,North India,Home Loan,5435765.0,120,16.5,27,Business Owner,Graduate,Married,106588.0,777,92757.14,0.87,4,Restructured
LN-104194,2024-07-02,East India,Home Loan,4071486.0,240,15.97,30,Self-Employed,High School,Single,38193.0,706,56553.17,1.481,0,Active
LN-105094,2024-07-02,Central India,Education Loan,1859001.0,36,17.74,39,Salaried,High School,Married,36400.0,783,66965.12,1.84,11,Defaulted
LN-101955,2024-07-03,West India,Home Loan,3027458.0,300,11.57,44,Salaried,Professional Degree,Divorced,73108.0,816,30928.25,0.423,0,Active
LN-106350,2024-07-04,West India,Home Loan,3732592.0,180,16.96,40,Salaried,Below High School,Divorced,21806.0,656,57338.97,2.63,0,Active
LN-103457,2024-07-05,South India,Business Loan,3627171.0,84,17.89,48,Unemployed,Graduate,Single,15769.0,536,76001.61,4.82,12,Defaulted
LN-100092,2024-07-06,Central India,Personal Loan,263932.0,36,11.4,27,Salaried,Professional Degree,Divorced,97372.0,709,8690.88,0.089,1,Active
LN-100885,2024-07-06,North India,Business Loan,3498298.0,60,12.68,58,Salaried,Below High School,Single,22437.0,700,79025.14,3.522,4,Restructured
LN-103628,2024-07-06,Central India,Gold Loan,696498.0,24,8.53,51,Business Owner,Post-Graduate,Married,173442.0,636,31669.35,0.183,0,Fully Paid
LN-102751,2024-07-07,East India,Gold Loan,282078.0,6,15.89,37,Self-Employed,Graduate,Married,52086.0,569,49215.74,0.945,3,Written Off
LN-105829,2024-07-08,North India,Vehicle Loan,910951.0,72,10.94,32,Retired,Graduate,Divorced,62924.0,585,17311.13,0.275,1,Active
LN-102161,2024-07-09,South India,Personal Loan,476892.0,48,12.38,48,Unemployed,Post-Graduate,Divorced,21628.0,372,12647.56,0.585,5,Defaulted
LN-103304,2024-07-09,Central India,Gold Loan,394284.0,24,13.58,30,Salaried,Graduate,Married,45694.0,767,18852.57,0.413,0,Fully Paid
LN-104130,2024-07-09,North India,Business Loan,660336.0,60,7.62,50,Self-Employed,Graduate,Married,35706.0,637,13269.47,0.372,2,Active
LN-104824,2024-07-09,Central India,Gold Loan,569867.0,6,7.91,40,Salaried,High School,Single,39727.0,669,97181.05,2.446,0,Fully Paid
LN-106125,2024-07-09,South India,Education Loan,650314.0,120,11.32,28,Salaried,Post-Graduate,Married,106963.0,801,9076.28,0.085,1,Active
LN-106686,2024-07-10,Central India,Home Loan,4032352.0,300,9.19,35,Salaried,Graduate,Married,34213.0,758,34365.53,1.004,12,Written Off
LN-100404,2024-07-11,North India,Business Loan,2277877.0,36,7.73,37,Salaried,Graduate,Divorced,51391.0,743,71097.0,1.383,3,Written Off
LN-101524,2024-07-11,Central India,Personal Loan,384820.0,36,13.11,25,Salaried,High School,Single,39774.0,609,12986.5,0.327,1,Active
LN-102661,2024-07-11,South India,Education Loan,1753581.0,120,15.84,23,Business Owner,Graduate,Married,97900.0,780,29200.17,0.298,0,Active
LN-105700,2024-07-11,East India,Business Loan,1080531.0,84,10.98,56,Salaried,High School,Single,22049.0,669,18489.96,0.839,12,Defaulted
LN-106131,2024-07-11,East India,Education Loan,1614510.0,84,13.45,33,Retired,Professional Degree,Single,91800.0,652,29767.53,0.324,1,Active
LN-106652,2024-07-11,Central India,Home Loan,4508663.0,240,16.34,38,Self-Employed,Post-Graduate,Divorced,62272.0,674,63879.9,1.026,1,Active
LN-100084,2024-07-12,South India,Business Loan,741478.0,36,10.28,33,Retired,Graduate,Married,45812.0,751,24023.0,0.524,1,Active
LN-101959,2024-07-12,South India,Agriculture Loan,841368.0,12,8.26,26,Retired,Post-Graduate,Divorced,86821.0,716,73290.46,0.844,0,Fully Paid
LN-103344,2024-07-12,Central India,Home Loan,4673889.0,120,14.93,29,Business Owner,Graduate,Divorced,108027.0,684,75205.94,0.696,8,Defaulted
LN-105154,2024-07-12,North India,Agriculture Loan,677858.0,24,10.51,36,Salaried,Post-Graduate,Divorced,87094.0,705,31439.51,0.361,0,Active
LN-100462,2024-07-13,Central India,Vehicle Loan,356716.0,72,12.3,53,Salaried,High School,Divorced,28040.0,861,7029.64,0.251,1,Active
LN-102530,2024-07-13,North India,Home Loan,5791081.0,240,16.87,32,Salaried,Post-Graduate,Divorced,54870.0,724,84371.58,1.538,6,Written Off
LN-102925,2024-07-13,South India,Home Loan,2015447.0,300,17.99,21,Business Owner,Below High School,Divorced,26431.0,663,30566.88,1.156,1,Active
LN-104181,2024-07-13,East India,Business Loan,3018006.0,36,11.17,58,Salaried,Graduate,Divorced,52111.0,724,99048.79,1.901,7,Defaulted
LN-105377,2024-07-13,South India,Home Loan,3214776.0,300,16.53,27,Salaried,Professional Degree,Single,113472.0,755,45026.55,0.397,1,Active
LN-102128,2024-07-14,West India,Personal Loan,438505.0,48,14.12,49,Retired,Professional Degree,Married,83408.0,609,12009.21,0.144,4,Written Off
LN-102542,2024-07-14,East India,Home Loan,2599838.0,120,8.77,30,Salaried,Below High School,Married,24673.0,711,32610.91,1.322,8,Defaulted
LN-103601,2024-07-14,South India,Home Loan,3706315.0,120,18.35,21,Retired,Graduate,Single,49465.0,677,67619.7,1.367,1,Active
LN-103665,2024-07-14,Central India,Home Loan,3308632.0,240,11.29,33,Salaried,High School,Divorced,35228.0,734,34806.7,0.988,3,Defaulted
LN-103691,2024-07-14,Central India,Home Loan,4892418.0,180,9.25,47,Business Owner,High School,Single,59462.0,639,50352.39,0.847,5,Defaulted
LN-104233,2024-07-15,West India,Home Loan,3653368.0,240,16.87,21,Salaried,Professional Degree,Single,146349.0,695,53226.75,0.364,1,Active
LN-105683,2024-07-15,West India,Business Loan,2156244.0,36,17.16,36,Salaried,Graduate,Single,36735.0,545,77047.79,2.097,10,Defaulted
LN-101483,2024-07-16,South India,Vehicle Loan,893319.0,48,8.04,27,Business Owner,Graduate,Married,79815.0,605,21825.3,0.273,2,Active
LN-101950,2024-07-16,West India,Education Loan,662597.0,120,16.9,39,Retired,High School,Married,36106.0,730,11473.83,0.318,1,Active
LN-102099,2024-07-16,West India,Business Loan,4146074.0,60,11.19,28,Self-Employed,Graduate,Single,51686.0,667,90539.05,1.752,1,Active
LN-104104,2024-07-16,East India,Home Loan,2642579.0,240,12.72,43,Self-Employed,Post-Graduate,Divorced,105833.0,677,30434.22,0.288,1,Active
LN-104406,2024-07-16,East India,Home Loan,2380906.0,120,7.56,37,Salaried,Graduate,Single,52697.0,719,28336.39,0.538,1,Active
LN-106148,2024-07-16,North India,Agriculture Loan,749212.0,24,11.9,47,Unemployed,Post-Graduate,Married,29354.0,632,35233.03,1.2,7,Defaulted
LN-101451,2024-07-18,West India,Personal Loan,360195.0,12,15.89,47,Self-Employed,Post-Graduate,Single,79432.0,679,32662.05,0.411,0,Fully Paid
LN-101621,2024-07-18,North India,Business Loan,3968703.0,24,18.27,21,Business Owner,Graduate,Single,47896.0,667,198652.07,4.148,6,Written Off
LN-101686,2024-07-18,West India,Personal Loan,356205.0,12,11.01,21,Salaried,High School,Single,21761.0,656,31483.65,1.447,0,Fully Paid
LN-105408,2024-07-18,North India,Home Loan,2830198.0,120,11.79,25,Business Owner,Graduate,Single,90180.0,733,40262.28,0.446,11,Defaulted
LN-102237,2024-07-19,Central India,Gold Loan,441142.0,12,14.46,41,Salaried,Graduate,Single,41866.0,703,39704.41,0.948,0,Fully Paid
LN-104647,2024-07-19,Central India,Home Loan,5281231.0,300,13.68,35,Salaried,Professional Degree,Married,68463.0,764,62283.27,0.91,0,Active
LN-105366,2024-07-19,South India,Personal Loan,304195.0,12,16.61,29,Self-Employed,Post-Graduate,Divorced,50507.0,619,27687.76,0.548,6,Restructured
LN-106047,2024-07-19,West India,Vehicle Loan,557672.0,72,17.67,32,Salaried,Post-Graduate,Divorced,95817.0,694,12615.45,0.132,0,Active
LN-106084,2024-07-19,North India,Personal Loan,349433.0,36,9.97,38,Self-Employed,Below High School,Divorced,14334.0,593,11270.3,0.786,2,Active
LN-103816,2024-07-20,East India,Personal Loan,304181.0,12,15.19,22,Salaried,High School,Divorced,29544.0,648,27482.14,0.93,0,Fully Paid
LN-105686,2024-07-20,North India,Gold Loan,392429.0,12,8.16,51,Business Owner,Post-Graduate,Married,168952.0,681,34165.82,0.202,0,Fully Paid
LN-105726,2024-07-20,South India,Business Loan,3165314.0,24,15.69,41,Salaried,Graduate,Divorced,39356.0,724,154515.18,3.926,0,Active
LN-106089,2024-07-20,South India,Personal Loan,96154.0,24,8.95,42,Unemployed,Graduate,Married,17524.0,609,4390.57,0.251,3,Written Off
LN-100247,2024-07-21,South India,Business Loan,1167876.0,24,7.93,34,Self-Employed,Post-Graduate,Married,86839.0,736,52782.59,0.608,0,Active
LN-102246,2024-07-21,Central India,Education Loan,680962.0,36,11.08,43,Business Owner,High School,Single,34068.0,734,22319.63,0.655,1,Active
LN-103048,2024-07-21,North India,Vehicle Loan,1130025.0,72,16.23,45,Salaried,Post-Graduate,Divorced,50404.0,535,24655.64,0.489,3,Active
LN-106712,2024-07-21,North India,Home Loan,5956028.0,300,14.11,43,Salaried,Graduate,Divorced,40525.0,781,72198.12,1.782,1,Active
LN-101736,2024-07-22,Central India,Vehicle Loan,1018089.0,48,18.12,24,Salaried,High School,Married,19833.0,679,29970.24,1.511,0,Active
LN-102929,2024-07-22,West India,Vehicle Loan,904633.0,72,8.59,46,Salaried,Post-Graduate,Single,72450.0,768,16123.02,0.223,1,Active
LN-104259,2024-07-22,North India,Home Loan,4675778.0,180,12.17,34,Retired,Professional Degree,Divorced,80362.0,680,56629.6,0.705,1,Active
LN-104852,2024-07-22,Central India,Business Loan,1411716.0,24,15.23,48,Salaried,Professional Degree,Divorced,146085.0,708,68603.74,0.47,1,Active
LN-106264,2024-07-22,West India,Vehicle Loan,437298.0,48,17.42,42,Salaried,Graduate,Married,51468.0,611,12713.47,0.247,2,Active
LN-101453,2024-07-23,Central India,Agriculture Loan,887043.0,36,9.69,42,Self-Employed,High School,Divorced,31795.0,677,28493.45,0.896,1,Active
LN-103168,2024-07-23,East India,Business Loan,2630204.0,36,14.36,54,Salaried,Post-Graduate,Single,75883.0,822,90354.71,1.191,1,Active
LN-103706,2024-07-23,Central India,Education Loan,1931494.0,60,11.31,50,Unemployed,High School,Single,8084.0,490,42294.58,5.232,2,Restructured
LN-103917,2024-07-23,East India,Business Loan,3522868.0,84,14.76,21,Business Owner,Post-Graduate,Divorced,73348.0,679,67506.43,0.92,0,Active
LN-106240,2024-07-23,North India,Home Loan,2568273.0,240,13.79,30,Salaried,Graduate,Married,35131.0,725,31546.05,0.898,10,Defaulted
LN-103613,2024-07-24,South India,Home Loan,2757753.0,180,14.16,30,Salaried,Post-Graduate,Married,56659.0,643,37023.06,0.653,6,Defaulted
LN-103913,2024-07-24,East India,Personal Loan,154536.0,48,14.72,21,Salaried,Graduate,Married,57048.0,637,4278.95,0.075,0,Active
LN-104826,2024-07-24,East India,Home Loan,4483025.0,120,15.0,38,Self-Employed,Below High School,Divorced,15930.0,637,72326.86,4.54,9,Written Off
LN-106326,2024-07-24,Central India,Personal Loan,356822.0,36,9.43,36,Salaried,Graduate,Single,66845.0,721,11418.39,0.171,0,Active
LN-100003,2024-07-25,East India,Vehicle Loan,912577.0,48,11.31,34,Unemployed,Professional Degree,Married,37254.0,475,23723.65,0.637,3,Defaulted
LN-100751,2024-07-25,Central India,Business Loan,2409233.0,60,8.0,27,Salaried,Graduate,Single,38254.0,663,48850.56,1.277,6,Restructured
LN-101617,2024-07-25,West India,Business Loan,4193064.0,36,14.52,47,Retired,High School,Single,27189.0,611,144370.26,5.31,3,Active
LN-102994,2024-07-25,North India,Agriculture Loan,510842.0,36,7.79,41,Retired,Graduate,Married,42453.0,690,15958.49,0.376,8,Written Off
LN-103283,2024-07-25,North India,Vehicle Loan,557221.0,72,13.82,57,Salaried,Graduate,Married,55069.0,666,11428.31,0.208,0,Active
LN-103447,2024-07-25,West India,Education Loan,1867768.0,84,10.6,21,Business Owner,High School,Divorced,37912.0,638,31589.27,0.833,12,Defaulted
LN-104463,2024-07-25,East India,Home Loan,4081368.0,180,10.61,35,Salaried,Graduate,Married,42173.0,647,45394.12,1.076,1,Active
LN-106410,2024-07-25,Central India,Education Loan,975519.0,84,9.29,30,Salaried,Post-Graduate,Married,50781.0,725,15839.15,0.312,0,Active
LN-106529,2024-07-26,South India,Vehicle Loan,561167.0,36,16.62,38,Business Owner,Graduate,Divorced,89147.0,702,19901.17,0.223,11,Defaulted
LN-100055,2024-07-27,West India,Home Loan,4658045.0,180,10.31,44,Retired,Post-Graduate,Married,75509.0,789,50942.67,0.675,1,Active
LN-100966,2024-07-27,South India,Vehicle Loan,332413.0,48,17.14,28,Salaried,Graduate,Divorced,46251.0,717,9615.89,0.208,0,Active
LN-101031,2024-07-27,West India,Agriculture Loan,963225.0,36,8.28,37,Business Owner,Below High School,Divorced,21099.0,570,30308.54,1.436,3,Active
LN-102749,2024-07-27,West India,Personal Loan,299414.0,12,9.23,36,Self-Employed,High School,Married,34578.0,639,26216.14,0.758,2,Restructured
LN-106017,2024-07-27,South India,Home Loan,5680799.0,180,17.41,49,Self-Employed,Professional Degree,Divorced,139765.0,744,89083.72,0.637,0,Active
LN-100447,2024-07-28,West India,Vehicle Loan,452590.0,72,15.99,36,Salaried,Graduate,Married,58619.0,666,9815.02,0.167,1,Active
LN-100818,2024-07-28,South India,Home Loan,5183743.0,180,15.41,35,Salaried,Graduate,Single,68605.0,646,74012.18,1.079,3,Active
LN-103131,2024-07-28,East India,Personal Loan,160855.0,48,10.64,51,Salaried,High School,Divorced,31024.0,703,4129.32,0.133,0,Active
LN-103134,2024-07-28,Central India,Personal Loan,105440.0,24,8.85,24,Unemployed,Graduate,Divorced,15491.0,615,4809.75,0.31,10,Written Off
LN-103406,2024-07-28,Central India,Personal Loan,393170.0,12,12.74,50,Unemployed,High School,Divorced,6693.0,622,35068.93,5.24,11,Defaulted
LN-101093,2024-07-29,Central India,Home Loan,4514721.0,300,12.62,21,Unemployed,High School,Married,6775.0,504,49631.16,7.326,3,Active
LN-101157,2024-07-29,West India,Vehicle Loan,585455.0,72,8.65,36,Salaried,Professional Degree,Divorced,74205.0,769,10451.73,0.141,0,Active
LN-102084,2024-07-29,North India,Education Loan,1893767.0,36,8.68,41,Self-Employed,Post-Graduate,Divorced,59836.0,722,59939.64,1.002,5,Written Off
LN-104594,2024-07-29,Central India,Business Loan,3672095.0,36,13.37,28,Business Owner,Graduate,Married,73694.0,791,124382.83,1.688,1,Active
LN-101051,2024-07-30,North India,Vehicle Loan,466614.0,72,14.21,52,Self-Employed,High School,Married,32959.0,785,9667.48,0.293,1,Active
LN-101659,2024-07-30,East India,Business Loan,962791.0,36,11.82,54,Salaried,Below High School,Single,18904.0,692,31895.73,1.687,1,Active
LN-103325,2024-07-30,West India,Education Loan,688698.0,36,17.93,21,Self-Employed,Graduate,Married,64949.0,608,24873.91,0.383,3,Active
LN-106390,2024-07-30,South India,Vehicle Loan,405284.0,36,15.86,51,Business Owner,Graduate,Married,98336.0,800,14220.59,0.145,0,Active
LN-106924,2024-07-30,Central India,Personal Loan,318060.0,36,11.15,21,Retired,Graduate,Married,61203.0,700,10435.48,0.171,1,Active
LN-100153,2024-07-31,West India,Agriculture Loan,462087.0,12,15.67,23,Salaried,Graduate,Married,59975.0,626,41853.42,0.698,0,Fully Paid
LN-104281,2024-07-31,West India,Home Loan,3135517.0,180,8.69,40,Salaried,Post-Graduate,Married,70806.0,808,31226.88,0.441,1,Active
LN-105839,2024-07-31,North India,Business Loan,819202.0,24,14.58,33,Salaried,Post-Graduate,Married,79902.0,681,39557.08,0.495,0,Active
LN-101456,2024-08-01,Central India,Home Loan,4035171.0,300,8.5,28,Self-Employed,High School,Single,26186.0,566,32492.29,1.241,6,Written Off
LN-101609,2024-08-01,West India,Gold Loan,679235.0,6,11.95,30,Salaried,Post-Graduate,Single,101236.0,633,117184.11,1.158,8,Defaulted
LN-102196,2024-08-01,West India,Vehicle Loan,425850.0,60,17.4,35,Self-Employed,Graduate,Married,54808.0,730,10675.28,0.195,0,Active
LN-104684,2024-08-01,North India,Agriculture Loan,884846.0,24,14.95,46,Self-Employed,Post-Graduate,Divorced,94785.0,623,42882.2,0.452,1,Active
LN-105844,2024-08-01,South India,Vehicle Loan,788897.0,60,15.23,21,Self-Employed,Post-Graduate,Married,111577.0,575,18863.18,0.169,3,Active
LN-100213,2024-08-02,Central India,Business Loan,1111635.0,60,10.07,34,Salaried,Graduate,Divorced,51734.0,742,23657.26,0.457,1,Active
LN-100576,2024-08-02,East India,Education Loan,1766356.0,60,16.23,43,Self-Employed,Graduate,Divorced,62638.0,636,43170.5,0.689,6,Restructured
LN-101029,2024-08-02,Central India,Personal Loan,268255.0,24,8.96,45,Salaried,Professional Degree,Single,112469.0,719,12250.24,0.109,1,Active
LN-101799,2024-08-02,Central India,Business Loan,3875357.0,36,17.43,42,Salaried,Post-Graduate,Single,51627.0,635,138997.81,2.692,0,Active
LN-103475,2024-08-02,Central India,Home Loan,2686920.0,240,10.33,45,Self-Employed,Graduate,Married,71743.0,595,26519.54,0.37,3,Restructured
LN-103784,2024-08-02,Central India,Vehicle Loan,1139689.0,36,17.61,40,Self-Employed,Professional Degree,Single,126373.0,725,40979.86,0.324,0,Active
LN-105749,2024-08-02,East India,Home Loan,2450360.0,240,18.46,31,Salaried,Graduate,Single,46063.0,728,38686.34,0.84,3,Restructured
LN-106003,2024-08-02,Central India,Personal Loan,142626.0,36,7.9,39,Salaried,High School,Single,38649.0,663,4462.8,0.115,1,Active
LN-100789,2024-08-03,North India,Education Loan,1153535.0,84,13.64,44,Salaried,Post-Graduate,Divorced,100130.0,755,21388.51,0.214,0,Active
LN-101087,2024-08-03,East India,Home Loan,2277527.0,180,15.62,22,Salaried,High School,Single,17512.0,639,32848.62,1.876,0,Active
LN-102944,2024-08-03,East India,Personal Loan,450910.0,48,10.25,30,Self-Employed,Graduate,Married,61745.0,766,11490.46,0.186,0,Active
LN-106950,2024-08-03,West India,Home Loan,5562789.0,240,10.85,41,Business Owner,Graduate,Single,110649.0,682,56851.68,0.514,1,Active
LN-101107,2024-08-04,West India,Home Loan,1692210.0,240,16.78,21,Salaried,High School,Single,28227.0,710,24538.64,0.869,1,Active
LN-102976,2024-08-04,North India,Education Loan,1510899.0,60,15.04,57,Salaried,Professional Degree,Married,75045.0,801,35975.91,0.479,1,Active
LN-104938,2024-08-04,South India,Vehicle Loan,208144.0,36,11.37,21,Self-Employed,Below High School,Divorced,23835.0,609,6850.9,0.287,2,Active
LN-101341,2024-08-05,West India,Personal Loan,50452.0,24,9.83,37,Salaried,Graduate,Married,46720.0,712,2324.15,0.05,1,Active
LN-101567,2024-08-05,Central India,Home Loan,3223923.0,240,11.6,29,Salaried,Graduate,Single,36083.0,831,34603.28,0.959,1,Active
LN-101808,2024-08-05,Central India,Home Loan,3678321.0,120,14.74,27,Salaried,Professional Degree,Married,132416.0,767,58759.88,0.444,1,Active
LN-105739,2024-08-05,North India,Agriculture Loan,255059.0,12,11.14,45,Business Owner,High School,Single,50678.0,707,22559.2,0.445,0,Fully Paid
LN-106711,2024-08-05,North India,Business Loan,3673782.0,36,15.21,33,Retired,Professional Degree,Divorced,100901.0,729,127730.99,1.266,1,Active
LN-103003,2024-08-06,South India,Personal Loan,477991.0,12,15.45,27,Salaried,Professional Degree,Divorced,131425.0,678,43244.22,0.329,0,Fully Paid
LN-103346,2024-08-06,Central India,Business Loan,4593487.0,24,14.58,33,Self-Employed,Graduate,Single,51601.0,659,221807.26,4.299,1,Active
LN-106150,2024-08-06,East India,Vehicle Loan,508546.0,36,13.74,45,Self-Employed,High School,Single,28435.0,716,17316.75,0.609,0,Active
LN-106668,2024-08-06,East India,Business Loan,1295587.0,84,12.59,41,Unemployed,High School,Married,9132.0,560,23281.45,2.549,6,Written Off
LN-100263,2024-08-07,Central India,Business Loan,4634599.0,60,14.31,39,Business Owner,Graduate,Single,93743.0,699,108585.31,1.158,5,Restructured
LN-100618,2024-08-07,South India,Personal Loan,337853.0,48,12.64,30,Salaried,Post-Graduate,Single,104811.0,767,9003.5,0.086,1,Active
LN-103303,2024-08-07,East India,Gold Loan,613940.0,12,9.55,46,Salaried,Graduate,Divorced,40178.0,764,53846.67,1.34,0,Fully Paid
LN-106160,2024-08-07,North India,Personal Loan,299927.0,12,17.96,39,Retired,Graduate,Divorced,33674.0,672,27491.6,0.816,0,Fully Paid
LN-105334,2024-08-08,East India,Education Loan,1914766.0,36,13.06,28,Salaried,High School,Divorced,37718.0,900,64571.38,1.712,9,Defaulted
LN-105245,2024-08-09,West India,Gold Loan,69123.0,24,16.83,31,Salaried,Below High School,Divorced,13287.0,720,3411.95,0.257,0,Active
LN-100275,2024-08-10,East India,Vehicle Loan,463191.0,60,12.68,21,Self-Employed,Professional Degree,Single,68648.0,757,10463.3,0.152,0,Active
LN-104744,2024-08-10,East India,Home Loan,5023123.0,180,11.36,41,Salaried,High School,Single,35693.0,718,58233.29,1.632,0,Active
LN-105431,2024-08-10,Central India,Personal Loan,137982.0,12,7.81,48,Business Owner,High School,Married,28458.0,757,11990.72,0.421,0,Fully Paid
LN-100605,2024-08-11,North India,Education Loan,1295088.0,120,15.42,40,Self-Employed,Below High School,Divorced,18602.0,660,21228.64,1.141,0,Active
LN-100927,2024-08-11,East India,Personal Loan,350111.0,36,9.44,47,Salaried,Graduate,Single,42808.0,641,11205.27,0.262,3,Active
LN-101839,2024-08-11,South India,Personal Loan,283496.0,24,9.42,39,Business Owner,Post-Graduate,Married,81632.0,820,13006.14,0.159,1,Active
LN-102125,2024-08-11,Central India,Home Loan,5629113.0,180,9.92,36,Retired,Professional Degree,Divorced,126764.0,721,60215.54,0.475,1,Active
LN-102435,2024-08-11,South India,Agriculture Loan,899542.0,36,10.74,33,Retired,Professional Degree,Single,79101.0,632,29339.22,0.371,3,Active
LN-102798,2024-08-11,North India,Home Loan,2170959.0,120,8.52,39,Salaried,High School,Divorced,35093.0,732,26940.01,0.768,1,Active
LN-103955,2024-08-11,West India,Business Loan,1269989.0,24,13.49,41,Salaried,Professional Degree,Divorced,78490.0,709,60670.3,0.773,11,Defaulted
LN-106488,2024-08-11,West India,Home Loan,5368488.0,240,12.8,38,Salaried,Graduate,Married,70585.0,719,62132.57,0.88,9,Written Off
LN-106822,2024-08-11,Central India,Gold Loan,465429.0,6,8.33,37,Self-Employed,Graduate,Divorced,52558.0,675,79467.03,1.512,0,Fully Paid
LN-101243,2024-08-12,West India,Education Loan,490525.0,84,14.98,38,Retired,Post-Graduate,Divorced,105696.0,689,9460.04,0.09,1,Active
LN-101469,2024-08-12,Central India,Business Loan,3669182.0,60,12.8,25,Salaried,Graduate,Divorced,43616.0,581,83109.99,1.905,2,Active
LN-105328,2024-08-12,East India,Home Loan,3084957.0,180,16.77,34,Retired,Graduate,Married,47287.0,723,46975.66,0.993,8,Defaulted
LN-106351,2024-08-12,East India,Personal Loan,265155.0,48,12.78,37,Self-Employed,Graduate,Single,70359.0,602,7084.53,0.101,12,Defaulted
LN-102772,2024-08-13,South India,Personal Loan,200017.0,24,14.01,33,Self-Employed,Professional Degree,Divorced,90251.0,670,9604.34,0.106,0,Active
LN-100501,2024-08-14,North India,Personal Loan,323843.0,48,11.99,43,Business Owner,Graduate,Single,64531.0,754,8526.44,0.132,0,Active
LN-102587,2024-08-14,East India,Education Loan,1300626.0,36,15.5,29,Salaried,High School,Married,35029.0,677,45405.74,1.296,0,Active
LN-104479,2024-08-14,West India,Education Loan,801046.0,36,17.49,28,Self-Employed,Professional Degree,Single,71022.0,601,28755.2,0.405,2,Active
LN-104483,2024-08-14,North India,Agriculture Loan,125666.0,36,11.62,41,Self-Employed,Graduate,Divorced,71430.0,691,4151.14,0.058,5,Defaulted
LN-104552,2024-08-14,Central India,Personal Loan,206496.0,48,17.68,37,Self-Employed,Post-Graduate,Single,51791.0,605,6031.35,0.116,0,Active
LN-100220,2024-08-15,North India,Business Loan,4941400.0,24,9.14,40,Salaried,High School,Divorced,30943.0,616,226064.13,7.306,0,Active
LN-102753,2024-08-15,East India,Personal Loan,387132.0,24,12.25,46,Salaried,Graduate,Married,38317.0,688,18268.88,0.477,3,Defaulted
LN-103544,2024-08-15,East India,Vehicle Loan,893581.0,60,10.19,53,Salaried,High School,Married,26384.0,723,19069.6,0.723,1,Active
LN-105833,2024-08-15,South India,Gold Loan,571092.0,12,9.1,38,Business Owner,High School,Divorced,31174.0,682,49969.33,1.603,0,Fully Paid
LN-100179,2024-08-17,North India,Business Loan,4206575.0,60,13.91,44,Salaried,Graduate,Married,62048.0,683,97683.48,1.574,0,Active
LN-101901,2024-08-17,West India,Home Loan,4859731.0,180,16.76,35,Salaried,Professional Degree,Married,95721.0,740,73966.42,0.773,1,Active
LN-102627,2024-08-17,North India,Vehicle Loan,320700.0,36,10.5,30,Salaried,High School,Divorced,31184.0,721,10423.53,0.334,1,Active
LN-106880,2024-08-17,Central India,Home Loan,3888056.0,180,15.56,49,Self-Employed,High School,Single,19302.0,731,55915.67,2.897,0,Active
LN-101070,2024-08-18,East India,Home Loan,2220026.0,300,13.99,59,Self-Employed,Post-Graduate,Married,109542.0,687,26706.82,0.244,1,Active
LN-101102,2024-08-18,Central India,Home Loan,5629414.0,120,14.61,46,Self-Employed,Graduate,Married,38272.0,577,89482.36,2.338,8,Written Off
LN-101457,2024-08-18,West India,Business Loan,2399162.0,60,16.63,22,Retired,Post-Graduate,Single,62880.0,546,59149.09,0.941,4,Restructured
LN-101774,2024-08-18,South India,Business Loan,1957124.0,24,17.09,47,Salaried,Professional Degree,Married,69843.0,703,96849.3,1.387,7,Defaulted
LN-102174,2024-08-18,Central India,Gold Loan,137821.0,6,16.22,41,Self-Employed,Post-Graduate,Divorced,54789.0,743,24069.0,0.439,0,Fully Paid
LN-106625,2024-08-18,West India,Personal Loan,188765.0,36,17.18,46,Business Owner,Graduate,Single,59257.0,740,6746.91,0.114,0,Active
LN-100219,2024-08-19,Central India,Personal Loan,442157.0,48,11.25,44,Salaried,Graduate,Divorced,41217.0,652,11481.53,0.279,0,Active
LN-106462,2024-08-19,South India,Business Loan,3318600.0,84,13.83,39,Unemployed,Graduate,Divorced,11377.0,496,61879.37,5.439,7,Defaulted
LN-101369,2024-08-20,West India,Personal Loan,163491.0,36,8.02,37,Salaried,Professional Degree,Single,145867.0,670,5124.72,0.035,0,Active
LN-106060,2024-08-20,North India,Home Loan,5355651.0,120,13.17,51,Salaried,Graduate,Single,46245.0,700,80503.53,1.741,0,Active
LN-100478,2024-08-21,West India,Personal Loan,105600.0,12,15.61,31,Business Owner,Post-Graduate,Divorced,70278.0,712,9561.7,0.136,0,Fully Paid
LN-101310,2024-08-21,West India,Vehicle Loan,704894.0,48,12.99,38,Retired,Post-Graduate,Single,50013.0,567,18907.04,0.378,2,Restructured
LN-101748,2024-08-22,North India,Personal Loan,399588.0,48,17.34,31,Business Owner,Graduate,Single,100579.0,689,11600.54,0.115,1,Active
LN-103238,2024-08-22,West India,Home Loan,3248163.0,240,8.95,42,Salaried,Post-Graduate,Divorced,84177.0,716,29120.2,0.346,0,Active
LN-104834,2024-08-22,South India,Home Loan,2249379.0,300,9.61,29,Self-Employed,Professional Degree,Married,138268.0,631,19825.02,0.143,2,Active
LN-105907,2024-08-22,Central India,Personal Loan,301458.0,24,10.54,21,Salaried,Post-Graduate,Single,99140.0,679,13986.01,0.141,0,Active
LN-106716,2024-08-22,Central India,Education Loan,569542.0,36,14.61,52,Self-Employed,Graduate,Single,38476.0,726,19634.76,0.51,1,Active
LN-100125,2024-08-23,South India,Vehicle Loan,1190686.0,48,16.64,31,Unemployed,Graduate,Divorced,9496.0,547,34135.93,3.595,5,Defaulted
LN-105424,2024-08-23,Central India,Business Loan,3543037.0,36,11.83,41,Business Owner,High School,Single,51356.0,728,117392.06,2.286,1,Active
LN-106670,2024-08-23,West India,Business Loan,1898313.0,60,8.72,31,Salaried,Graduate,Divorced,36345.0,774,39148.39,1.077,3,Restructured
LN-100210,2024-08-24,Central India,Personal Loan,387230.0,24,7.69,21,Self-Employed,Professional Degree,Married,147345.0,762,17458.67,0.118,1,Active
LN-100579,2024-08-24,East India,Gold Loan,641509.0,24,8.95,39,Retired,High School,Married,25610.0,671,29292.46,1.144,0,Active
LN-101042,2024-08-24,East India,Personal Loan,425033.0,36,10.65,27,Salaried,Graduate,Married,54255.0,648,13844.69,0.255,3,Active
LN-101963,2024-08-24,East India,Education Loan,957857.0,120,7.62,25,Salaried,Graduate,Married,37057.0,682,11430.01,0.308,0,Active
LN-102274,2024-08-24,North India,Gold Loan,643363.0,6,14.39,25,Salaried,Professional Degree,Single,87092.0,812,111772.28,1.283,0,Active
LN-101607,2024-08-25,South India,Personal Loan,242115.0,36,17.49,22,Salaried,High School,Single,27605.0,618,8691.22,0.315,0,Active
LN-103841,2024-08-25,North India,Gold Loan,55441.0,6,17.32,42,Business Owner,Graduate,Single,106474.0,724,9712.52,0.091,0,Fully Paid
LN-106657,2024-08-25,West India,Agriculture Loan,158868.0,24,14.88,25,Business Owner,Post-Graduate,Single,156500.0,785,7693.92,0.049,0,Active
LN-102129,2024-08-26,South India,Education Loan,1324308.0,120,14.94,29,Salaried,High School,Divorced,35430.0,668,21317.08,0.602,1,Active
LN-102216,2024-08-26,South India,Personal Loan,477020.0,36,13.03,56,Self-Employed,Graduate,Single,65059.0,586,16079.58,0.247,3,Active
LN-104987,2024-08-26,Central India,Home Loan,5562363.0,240,13.43,43,Self-Employed,Graduate,Single,44255.0,637,66878.6,1.511,1,Active
LN-105503,2024-08-26,Central India,Vehicle Loan,262154.0,36,7.51,28,Self-Employed,High School,Divorced,31472.0,703,8155.82,0.259,3,Restructured
LN-106242,2024-08-26,Central India,Agriculture Loan,234404.0,24,16.32,39,Self-Employed,Graduate,Single,53122.0,681,11513.02,0.217,1,Active
LN-101805,2024-08-27,South India,Vehicle Loan,371009.0,48,16.87,45,Business Owner,Graduate,Divorced,67312.0,709,10680.54,0.159,1,Active
LN-103859,2024-08-27,West India,Agriculture Loan,360740.0,24,9.62,44,Self-Employed,Post-Graduate,Single,104920.0,752,16583.12,0.158,1,Active
LN-101415,2024-08-28,West India,Business Loan,883370.0,84,12.1,43,Self-Employed,Post-Graduate,Single,100343.0,778,15641.18,0.156,0,Active
LN-102670,2024-08-28,South India,Business Loan,1555339.0,36,7.9,26,Salaried,Post-Graduate,Married,74461.0,791,48666.95,0.654,0,Active
LN-100439,2024-08-29,East India,Business Loan,4792908.0,84,17.77,49,Self-Employed,Graduate,Divorced,53723.0,725,100091.47,1.863,11,Written Off
LN-100879,2024-08-29,West India,Gold Loan,646836.0,6,8.56,51,Salaried,Post-Graduate,Divorced,65709.0,599,110513.5,1.682,0,Fully Paid
LN-101765,2024-08-29,Central India,Vehicle Loan,792859.0,72,8.73,21,Salaried,Professional Degree,Single,130185.0,708,14185.7,0.109,0,Active
LN-103869,2024-08-29,South India,Education Loan,1077275.0,60,16.96,22,Self-Employed,Graduate,Divorced,60178.0,643,26749.89,0.445,0,Active
LN-104109,2024-08-29,Central India,Business Loan,3815451.0,24,17.01,55,Retired,Graduate,Divorced,70198.0,630,188662.87,2.688,1,Active
LN-105498,2024-08-29,South India,Home Loan,5055230.0,180,8.05,30,Salaried,High School,Single,18996.0,801,48456.44,2.551,1,Active
LN-106940,2024-08-29,South India,Personal Loan,224067.0,12,13.48,31,Business Owner,Graduate,Married,61226.0,678,20063.55,0.328,0,Active
LN-100130,2024-08-30,North India,Vehicle Loan,246083.0,36,8.72,35,Self-Employed,Graduate,Divorced,67996.0,639,7793.34,0.115,2,Active
LN-100645,2024-08-30,East India,Personal Loan,129617.0,36,8.71,43,Salaried,Graduate,Divorced,42391.0,754,4104.31,0.097,1,Active
LN-100732,2024-08-30,South India,Home Loan,5762365.0,120,14.9,49,Salaried,Graduate,Divorced,54187.0,715,92614.53,1.709,1,Active
LN-105849,2024-08-30,East India,Home Loan,2177767.0,120,12.58,57,Retired,Graduate,Divorced,32185.0,531,31979.14,0.994,5,Written Off
LN-100515,2024-08-31,South India,Gold Loan,706626.0,6,12.78,51,Unemployed,Post-Graduate,Single,26897.0,641,122199.67,4.543,0,Fully Paid
LN-100676,2024-08-31,South India,Gold Loan,719064.0,12,13.71,45,Unemployed,Graduate,Single,18491.0,573,64464.61,3.486,6,Written Off
LN-105640,2024-08-31,West India,Home Loan,4707350.0,120,10.22,33,Salaried,Graduate,Single,37683.0,736,62782.87,1.666,0,Active
LN-101057,2024-09-01,West India,Business Loan,3514492.0,36,10.06,50,Unemployed,Graduate,Single,20812.0,464,113501.8,5.454,10,Defaulted
LN-101504,2024-09-01,West India,Personal Loan,212332.0,24,8.66,32,Salaried,Professional Degree,Single,124886.0,728,9667.24,0.077,0,Active
LN-105363,2024-09-01,Central India,Home Loan,1925816.0,300,16.31,33,Salaried,Graduate,Single,52670.0,674,26639.15,0.506,1,Active
LN-100849,2024-09-02,East India,Vehicle Loan,718260.0,72,12.91,45,Self-Employed,Professional Degree,Married,99836.0,660,14384.33,0.144,0,Active
LN-100897,2024-09-02,West India,Business Loan,536920.0,24,17.05,33,Salaried,Graduate,Single,37751.0,719,26559.44,0.704,0,Active
LN-102991,2024-09-02,Central India,Personal Loan,269262.0,48,9.4,26,Salaried,Graduate,Married,63078.0,660,6751.85,0.107,1,Active
LN-104974,2024-09-02,West India,Business Loan,2336916.0,24,17.61,27,Self-Employed,High School,Married,20551.0,596,116228.54,5.656,5,Restructured
LN-105830,2024-09-02,East India,Home Loan,4025705.0,300,10.69,30,Business Owner,Graduate,Divorced,70773.0,768,38557.56,0.545,1,Active
LN-106032,2024-09-02,East India,Agriculture Loan,474347.0,36,13.91,47,Self-Employed,Below High School,Married,16424.0,776,16191.33,0.986,4,Restructured
LN-101339,2024-09-03,East India,Home Loan,2027262.0,240,17.88,21,Salaried,High School,Single,39958.0,585,31099.88,0.778,8,Written Off
LN-103100,2024-09-03,North India,Agriculture Loan,682324.0,24,13.01,23,Business Owner,High School,Married,52958.0,627,32442.13,0.613,1,Active
LN-104425,2024-09-03,Central India,Vehicle Loan,726064.0,72,17.93,44,Business Owner,High School,Divorced,37792.0,688,16531.2,0.437,0,Active
LN-106172,2024-09-03,South India,Home Loan,1752603.0,180,14.74,30,Self-Employed,Post-Graduate,Divorced,85739.0,614,24217.86,0.282,0,Active
LN-101452,2024-09-04,Central India,Gold Loan,783495.0,24,12.07,31,Self-Employed,Post-Graduate,Married,70226.0,672,36907.45,0.526,0,Active
LN-103094,2024-09-04,Central India,Personal Loan,56820.0,36,7.98,67,Salaried,Post-Graduate,Married,90994.0,744,1780.01,0.02,1,Active
LN-106566,2024-09-04,West India,Vehicle Loan,349931.0,36,18.28,31,Salaried,Graduate,Single,66830.0,735,12700.05,0.19,10,Defaulted
LN-100046,2024-09-05,North India,Business Loan,1436207.0,24,14.62,21,Retired,High School,Divorced,18939.0,609,69377.85,3.663,1,Active
LN-101003,2024-09-05,West India,Home Loan,4507946.0,300,17.02,50,Self-Employed,High School,Divorced,26218.0,741,64886.59,2.475,0,Active
LN-101788,2024-09-05,East India,Education Loan,272161.0,36,11.35,31,Salaried,Professional Degree,Divorced,69914.0,715,8955.38,0.128,1,Active
LN-104055,2024-09-05,Central India,Personal Loan,290707.0,36,8.49,47,Salaried,Post-Graduate,Single,70689.0,681,9175.56,0.13,1,Active
LN-105348,2024-09-05,North India,Education Loan,1490673.0,36,9.0,57,Salaried,Professional Degree,Divorced,105929.0,749,47403.0,0.447,1,Active
LN-102453,2024-09-06,North India,Vehicle Loan,543424.0,60,11.04,50,Business Owner,High School,Single,62325.0,677,11826.2,0.19,1,Active
LN-100426,2024-09-07,Central India,Home Loan,4649139.0,300,18.21,62,Salaried,Graduate,Divorced,62535.0,753,71328.7,1.141,1,Active
LN-104909,2024-09-07,Central India,Business Loan,2630015.0,60,10.9,54,Business Owner,High School,Single,52429.0,710,57051.83,1.088,0,Active
LN-105821,2024-09-07,South India,Education Loan,819277.0,36,9.74,55,Business Owner,Graduate,Married,108751.0,729,26335.87,0.242,0,Active
LN-105978,2024-09-07,East India,Home Loan,5932049.0,180,17.91,31,Retired,Professional Degree,Divorced,121211.0,657,95147.09,0.785,0,Active
LN-106603,2024-09-07,Central India,Home Loan,4926366.0,180,13.97,53,Business Owner,Graduate,Married,91672.0,675,65507.19,0.715,1,Active
LN-100029,2024-09-08,East India,Vehicle Loan,242293.0,60,8.54,28,Salaried,Post-Graduate,Single,61206.0,648,4975.68,0.081,0,Active
LN-100369,2024-09-08,South India,Business Loan,1554542.0,24,10.17,34,Salaried,Post-Graduate,Single,93796.0,701,71856.26,0.766,2,Restructured
LN-102847,2024-09-08,North India,Personal Loan,371132.0,48,12.97,26,Business Owner,Post-Graduate,Married,79211.0,752,9951.02,0.126,0,Active
LN-101229,2024-09-09,West India,Business Loan,4659330.0,84,15.45,30,Salaried,High School,Single,25034.0,607,91090.33,3.639,12,Defaulted
LN-105441,2024-09-09,North India,Agriculture Loan,362722.0,12,14.56,22,Salaried,Graduate,Divorced,42913.0,754,32663.41,0.761,0,Active
LN-106901,2024-09-09,South India,Gold Loan,425887.0,12,9.38,56,Salaried,Graduate,Single,39162.0,776,37319.54,0.953,0,Fully Paid
LN-100608,2024-09-10,South India,Personal Loan,152644.0,36,11.27,59,Unemployed,Graduate,Married,19676.0,673,5016.91,0.255,0,Active
LN-101447,2024-09-10,South India,Business Loan,3308340.0,36,10.82,34,Self-Employed,Graduate,Married,55568.0,703,108029.02,1.944,0,Active
LN-103053,2024-09-10,West India,Vehicle Loan,1125557.0,60,17.14,62,Salaried,Post-Graduate,Divorced,87899.0,745,28057.79,0.319,0,Active
LN-103235,2024-09-10,East India,Business Loan,3371129.0,36,11.05,43,Salaried,Below High School,Single,17985.0,686,110446.28,6.141,0,Active
LN-104020,2024-09-10,West India,Agriculture Loan,763952.0,36,14.47,38,Salaried,Post-Graduate,Single,55517.0,714,26284.8,0.473,1,Active
LN-106361,2024-09-10,West India,Vehicle Loan,899922.0,72,14.76,56,Salaried,Graduate,Single,47998.0,854,18911.77,0.394,0,Active
LN-102383,2024-09-11,North India,Home Loan,2672623.0,180,11.1,28,Salaried,Post-Graduate,Married,58083.0,735,30544.99,0.526,5,Restructured
LN-106974,2024-09-11,West India,Agriculture Loan,361286.0,36,14.85,35,Retired,Professional Degree,Divorced,76060.0,673,12497.58,0.164,0,Active
LN-100047,2024-09-12,North India,Vehicle Loan,979712.0,60,8.4,30,Self-Employed,Graduate,Divorced,48053.0,663,20053.11,0.417,1,Active
LN-103334,2024-09-12,South India,Home Loan,3119001.0,120,9.33,40,Salaried,Post-Graduate,Single,107620.0,693,40069.37,0.372,0,Active
LN-104818,2024-09-12,Central India,Vehicle Loan,578366.0,48,7.89,32,Self-Employed,Graduate,Single,55064.0,655,14089.76,0.256,0,Active
LN-103546,2024-09-13,South India,Personal Loan,123045.0,36,9.41,31,Salaried,Professional Degree,Married,104760.0,732,3936.32,0.038,1,Active
LN-105903,2024-09-13,West India,Agriculture Loan,934345.0,12,9.9,34,Business Owner,Graduate,Single,91342.0,809,82100.32,0.899,0,Fully Paid
LN-100094,2024-09-14,West India,Business Loan,3432538.0,84,9.93,21,Self-Employed,Graduate,Divorced,50449.0,688,56860.12,1.127,5,Defaulted
LN-100299,2024-09-14,North India,Personal Loan,162996.0,48,8.16,21,Self-Employed,Graduate,Single,52794.0,554,3991.46,0.076,2,Active
LN-101556,2024-09-15,East India,Gold Loan,119146.0,24,17.57,64,Salaried,Graduate,Married,64619.0,762,5923.53,0.092,0,Active
LN-102828,2024-09-15,South India,Education Loan,476665.0,120,9.51,54,Salaried,Graduate,Divorced,66637.0,777,6170.54,0.093,1,Active
LN-103622,2024-09-16,Central India,Business Loan,507326.0,24,11.73,34,Salaried,Post-Graduate,Divorced,83813.0,648,23817.68,0.284,2,Active
LN-104164,2024-09-17,Central India,Home Loan,3820865.0,120,17.62,62,Self-Employed,Post-Graduate,Single,107663.0,713,67914.35,0.631,11,Defaulted
LN-105781,2024-09-17,South India,Education Loan,1363407.0,60,11.61,38,Salaried,Post-Graduate,Married,49645.0,686,30060.22,0.606,1,Active
LN-100240,2024-09-18,South India,Personal Loan,210550.0,48,12.1,23,Unemployed,Below High School,Married,7481.0,438,5554.93,0.743,0,Active
LN-102026,2024-09-18,East India,Personal Loan,71304.0,12,12.24,21,Self-Employed,High School,Single,39856.0,419,6343.28,0.159,1,Active
LN-103103,2024-09-18,Central India,Vehicle Loan,1119714.0,60,10.29,51,Self-Employed,Graduate,Single,67803.0,680,23950.7,0.353,1,Active
LN-103819,2024-09-19,North India,Gold Loan,627595.0,24,8.48,21,Salaried,Graduate,Divorced,53572.0,733,28522.01,0.532,1,Active
LN-103990,2024-09-19,West India,Business Loan,2478218.0,60,14.15,31,Salaried,Post-Graduate,Married,98467.0,709,57856.7,0.588,5,Defaulted
LN-105076,2024-09-19,East India,Education Loan,1179581.0,36,17.38,43,Unemployed,Below High School,Single,7425.0,604,42278.7,5.694,6,Defaulted
LN-105302,2024-09-19,Central India,Home Loan,5914552.0,120,8.45,32,Retired,Graduate,Single,67305.0,645,73173.91,1.087,12,Defaulted
LN-106407,2024-09-19,South India,Business Loan,4390607.0,84,8.32,41,Retired,Graduate,Divorced,68554.0,654,69135.02,1.008,0,Active
LN-106606,2024-09-19,West India,Business Loan,4347052.0,36,16.51,21,Salaried,Professional Degree,Married,135118.0,740,153926.24,1.139,0,Active
LN-100060,2024-09-20,South India,Personal Loan,468905.0,36,14.99,21,Self-Employed,High School,Married,33956.0,573,16252.45,0.479,4,Restructured
LN-102053,2024-09-20,Central India,Vehicle Loan,425011.0,60,14.29,37,Salaried,Post-Graduate,Single,105036.0,726,9953.28,0.095,1,Active
LN-104551,2024-09-20,South India,Personal Loan,151282.0,12,17.81,26,Self-Employed,Graduate,Married,45477.0,607,13855.86,0.305,0,Fully Paid
LN-106286,2024-09-20,North India,Gold Loan,392070.0,6,8.43,40,Salaried,High School,Single,21596.0,729,66961.04,3.101,6,Written Off
LN-104535,2024-09-21,South India,Business Loan,1168811.0,36,7.57,40,Salaried,Graduate,Divorced,55742.0,611,36394.88,0.653,0,Active
LN-104630,2024-09-21,North India,Home Loan,5608680.0,180,12.38,46,Business Owner,Post-Graduate,Divorced,133558.0,714,68690.81,0.514,11,Defaulted
LN-104999,2024-09-21,West India,Home Loan,4173550.0,120,8.15,54,Salaried,High School,Divorced,21313.0,757,50968.08,2.391,0,Active
LN-105553,2024-09-21,South India,Home Loan,5834227.0,120,12.97,36,Self-Employed,Graduate,Married,34594.0,792,87008.07,2.515,0,Active
LN-101036,2024-09-22,North India,Business Loan,1479094.0,84,13.19,49,Salaried,Post-Graduate,Married,84605.0,775,27060.64,0.32,1,Active
LN-101925,2024-09-22,South India,Business Loan,3280460.0,60,16.95,23,Self-Employed,High School,Single,32397.0,644,81439.71,2.514,10,Defaulted
LN-103776,2024-09-22,West India,Vehicle Loan,469936.0,72,16.7,38,Business Owner,Professional Degree,Divorced,178960.0,840,10375.75,0.058,1,Active
LN-104812,2024-09-22,Central India,Home Loan,4948985.0,180,10.48,39,Retired,Professional Degree,Single,104860.0,699,54644.68,0.521,0,Active
LN-105336,2024-09-22,West India,Business Loan,519412.0,24,12.91,28,Business Owner,Graduate,Married,55818.0,722,24671.84,0.442,0,Active
LN-101052,2024-09-23,North India,Vehicle Loan,566164.0,48,14.79,26,Business Owner,Graduate,Married,45999.0,728,15696.57,0.341,0,Active
LN-103308,2024-09-23,North India,Home Loan,4995537.0,240,12.39,26,Salaried,Professional Degree,Married,92386.0,662,56369.41,0.61,1,Active
LN-104476,2024-09-23,East India,Home Loan,5948948.0,240,16.78,30,Unemployed,Graduate,Single,17382.0,598,86265.34,4.963,6,Restructured
LN-105817,2024-09-23,Central India,Home Loan,4656092.0,300,10.01,48,Salaried,High School,Single,17656.0,676,42342.77,2.398,1,Active
LN-102477,2024-09-24,South India,Vehicle Loan,1115604.0,36,16.41,21,Salaried,Professional Degree,Married,118903.0,779,39447.52,0.332,1,Active
LN-106659,2024-09-24,South India,Personal Loan,112993.0,12,15.71,21,Self-Employed,Post-Graduate,Married,72716.0,664,10236.45,0.141,0,Fully Paid
LN-103479,2024-09-25,South India,Home Loan,4860577.0,120,8.06,44,Business Owner,Post-Graduate,Divorced,150533.0,780,59126.42,0.393,0,Active
LN-103557,2024-09-25,South India,Personal Loan,105834.0,48,17.59,40,Salaried,Graduate,Divorced,52221.0,694,3086.25,0.059,0,Active
LN-102592,2024-09-26,Central India,Agriculture Loan,504514.0,12,12.9,50,Self-Employed,Professional Degree,Divorced,129214.0,639,45038.15,0.349,2,Active
LN-103848,2024-09-26,East India,Home Loan,4257056.0,180,11.94,41,Salaried,Graduate,Single,61293.0,712,50927.61,0.831,1,Active
LN-103895,2024-09-26,North India,Home Loan,2401963.0,300,10.73,36,Salaried,High School,Divorced,35694.0,741,23074.6,0.646,0,Active
LN-105741,2024-09-26,West India,Agriculture Loan,556803.0,36,17.3,46,Salaried,Post-Graduate,Divorced,105631.0,696,19934.78,0.189,0,Active
LN-106282,2024-09-26,North India,Vehicle Loan,380279.0,48,14.68,51,Self-Employed,Professional Degree,Single,93427.0,694,10521.87,0.113,0,Active
LN-100229,2024-09-27,Central India,Business Loan,2915124.0,24,18.22,39,Unemployed,High School,Single,6306.0,466,145845.01,23.128,11,Defaulted
LN-101254,2024-09-27,South India,Home Loan,5681522.0,120,10.74,32,Self-Employed,Post-Graduate,Divorced,63069.0,656,77429.14,1.228,0,Active
LN-105982,2024-09-27,North India,Business Loan,2132975.0,24,7.73,29,Self-Employed,Graduate,Single,50907.0,625,96206.24,1.89,9,Defaulted
LN-106590,2024-09-27,Central India,Gold Loan,447598.0,24,8.49,29,Business Owner,High School,Single,44528.0,643,20343.82,0.457,3,Active
LN-100304,2024-09-28,North India,Home Loan,1576344.0,120,15.05,44,Salaried,Graduate,Divorced,45096.0,732,25480.23,0.565,7,Defaulted
LN-102179,2024-09-28,East India,Home Loan,5191292.0,240,16.24,46,Retired,Post-Graduate,Divorced,61196.0,662,73160.5,1.196,1,Active
LN-103428,2024-09-28,Central India,Education Loan,335233.0,84,17.95,32,Self-Employed,High School,Divorced,33636.0,718,7036.05,0.209,0,Active
LN-104213,2024-09-28,West India,Personal Loan,102605.0,12,14.47,45,Self-Employed,Post-Graduate,Single,49469.0,741,9235.31,0.187,0,Fully Paid
LN-102748,2024-09-29,North India,Personal Loan,290436.0,12,16.46,37,Salaried,Professional Degree,Single,87368.0,782,26414.77,0.302,0,Fully Paid
LN-106061,2024-09-29,North India,Personal Loan,199926.0,24,8.05,32,Business Owner,Professional Degree,Divorced,210923.0,716,9046.67,0.043,0,Active
LN-101579,2024-09-30,North India,Home Loan,3650853.0,120,17.28,41,Self-Employed,Professional Degree,Divorced,88956.0,762,64100.19,0.721,0,Active
LN-102784,2024-09-30,Central India,Home Loan,2406842.0,120,18.02,38,Retired,Professional Degree,Married,150125.0,618,43398.73,0.289,1,Active
LN-106643,2024-09-30,West India,Business Loan,3540826.0,84,9.93,42,Salaried,Graduate,Divorced,62375.0,830,58653.92,0.94,0,Active
LN-103181,2024-10-01,North India,Personal Loan,406970.0,24,11.82,33,Salaried,High School,Single,37090.0,796,19123.3,0.516,0,Active
LN-103307,2024-10-01,West India,Agriculture Loan,673393.0,12,17.74,42,Self-Employed,Graduate,Single,57935.0,626,61653.37,1.064,0,Fully Paid
LN-104203,2024-10-01,East India,Business Loan,1914610.0,84,12.58,23,Salaried,Graduate,Single,59282.0,624,34394.83,0.58,7,Defaulted
LN-105426,2024-10-01,Central India,Education Loan,1788733.0,120,16.01,43,Salaried,Post-Graduate,Divorced,64932.0,685,29974.77,0.462,0,Active
LN-103997,2024-10-02,North India,Gold Loan,762521.0,6,9.27,32,Self-Employed,Post-Graduate,Married,56362.0,628,130544.98,2.316,0,Fully Paid
LN-106926,2024-10-02,West India,Personal Loan,409911.0,36,11.24,25,Salaried,High School,Single,23835.0,693,13466.6,0.565,5,Written Off
LN-101399,2024-10-03,Central India,Personal Loan,331502.0,24,14.55,51,Self-Employed,Graduate,Divorced,59152.0,670,16002.64,0.271,1,Active
LN-106415,2024-10-03,West India,Business Loan,533677.0,24,17.34,38,Salaried,High School,Single,28422.0,735,26473.47,0.931,7,Defaulted
LN-101634,2024-10-04,West India,Vehicle Loan,862188.0,36,12.73,36,Unemployed,Graduate,Married,9174.0,576,28938.52,3.154,3,Written Off
LN-105223,2024-10-04,East India,Business Loan,4920851.0,84,9.28,30,Salaried,Post-Graduate,Single,49285.0,783,79872.99,1.621,1,Active
LN-105233,2024-10-04,South India,Home Loan,4793920.0,300,12.06,43,Retired,Post-Graduate,Married,82050.0,665,50703.39,0.618,1,Active
LN-106976,2024-10-04,Central India,Home Loan,2912940.0,120,13.62,52,Salaried,Post-Graduate,Divorced,75246.0,665,44565.01,0.592,1,Active
LN-101232,2024-10-05,North India,Home Loan,5528564.0,180,8.57,29,Self-Employed,Graduate,Married,50071.0,694,54669.04,1.092,1,Active
LN-103679,2024-10-05,North India,Home Loan,5544641.0,240,14.7,38,Salaried,High School,Divorced,19990.0,569,71785.22,3.591,2,Active
LN-104357,2024-10-05,East India,Agriculture Loan,746894.0,24,7.84,26,Salaried,Post-Graduate,Divorced,64317.0,838,33725.52,0.524,0,Active
LN-104765,2024-10-05,South India,Home Loan,2333276.0,240,17.03,40,Salaried,Post-Graduate,Divorced,110198.0,733,34277.75,0.311,0,Active
LN-105391,2024-10-05,Central India,Gold Loan,133627.0,6,10.62,45,Self-Employed,High School,Divorced,25886.0,645,22966.08,0.887,2,Active
LN-100631,2024-10-06,West India,Vehicle Loan,292689.0,60,8.33,57,Self-Employed,Graduate,Divorced,64929.0,731,5981.01,0.092,0,Active
LN-102660,2024-10-06,East India,Gold Loan,327031.0,12,8.09,49,Salaried,Graduate,Single,36192.0,665,28461.52,0.786,0,Fully Paid
LN-103768,2024-10-06,South India,Vehicle Loan,544306.0,60,9.68,33,Salaried,Post-Graduate,Married,78361.0,674,11479.38,0.146,0,Active
LN-104875,2024-10-06,Central India,Home Loan,5534389.0,240,9.1,35,Business Owner,High School,Divorced,28209.0,683,50150.83,1.778,4,Restructured
LN-106189,2024-10-06,North India,Business Loan,3096050.0,24,18.42,40,Business Owner,High School,Married,43856.0,635,155196.54,3.539,0,Active
LN-102396,2024-10-07,North India,Education Loan,1800979.0,60,14.69,22,Salaried,Professional Degree,Married,112846.0,539,42552.66,0.377,4,Written Off
LN-102858,2024-10-07,West India,Personal Loan,224844.0,24,8.53,30,Salaried,Graduate,Single,48829.0,758,10223.52,0.209,1,Active
LN-106203,2024-10-07,Central India,Gold Loan,530654.0,12,10.2,29,Salaried,Post-Graduate,Divorced,100066.0,686,46702.29,0.467,0,Fully Paid
LN-105609,2024-10-08,Central India,Home Loan,2337678.0,300,14.3,52,Self-Employed,Professional Degree,Married,93400.0,667,28677.91,0.307,0,Active
LN-101299,2024-10-09,North India,Business Loan,1074933.0,84,9.32,21,Salaried,High School,Divorced,38519.0,728,17469.76,0.454,1,Active
LN-103108,2024-10-09,Central India,Personal Loan,119151.0,48,12.21,21,Self-Employed,Graduate,Divorced,62327.0,645,3150.0,0.051,1,Active
LN-103833,2024-10-09,East India,Personal Loan,352297.0,24,17.06,58,Retired,Post-Graduate,Single,88121.0,765,17428.52,0.198,0,Active
LN-104056,2024-10-09,South India,Personal Loan,339771.0,24,16.58,57,Salaried,High School,Single,36779.0,690,16730.56,0.455,0,Active
LN-101259,2024-10-10,Central India,Business Loan,1451329.0,60,11.52,34,Business Owner,Post-Graduate,Married,126542.0,628,31933.08,0.252,1,Active
LN-101332,2024-10-10,East India,Vehicle Loan,489985.0,60,8.1,50,Self-Employed,Post-Graduate,Divorced,107880.0,680,9958.6,0.092,1,Active
LN-101857,2024-10-10,East India,Vehicle Loan,428076.0,48,17.15,31,Self-Employed,Post-Graduate,Divorced,50310.0,830,12385.4,0.246,0,Active
LN-102552,2024-10-10,North India,Personal Loan,142076.0,48,16.88,46,Business Owner,Post-Graduate,Single,93465.0,655,4090.79,0.044,1,Active
LN-103635,2024-10-10,North India,Vehicle Loan,483797.0,48,14.87,48,Salaried,Post-Graduate,Married,56469.0,765,13432.57,0.238,0,Active
LN-104994,2024-10-10,North India,Business Loan,3302455.0,84,8.38,32,Business Owner,Graduate,Divorced,72754.0,752,52100.22,0.716,0,Active
LN-101519,2024-10-11,East India,Vehicle Loan,1056714.0,36,16.96,21,Retired,Graduate,Single,40594.0,530,37653.7,0.928,7,Defaulted
LN-101752,2024-10-11,North India,Business Loan,1315234.0,36,10.99,43,Business Owner,Graduate,Single,106093.0,710,43052.85,0.406,1,Active
LN-101837,2024-10-11,South India,Home Loan,3154869.0,300,17.42,36,Salaried,Post-Graduate,Single,78445.0,664,46413.2,0.592,2,Restructured
LN-101930,2024-10-11,South India,Home Loan,1939181.0,120,12.59,43,Salaried,High School,Married,36562.0,673,28487.0,0.779,5,Defaulted
LN-102112,2024-10-11,South India,Vehicle Loan,418997.0,36,9.52,35,Self-Employed,High School,Divorced,34511.0,598,13425.63,0.389,0,Active
LN-102344,2024-10-11,North India,Home Loan,1657912.0,300,15.22,40,Retired,Professional Degree,Divorced,77121.0,699,21518.43,0.279,1,Active
LN-105125,2024-10-11,Central India,Education Loan,489777.0,36,16.62,41,Business Owner,High School,Married,50803.0,680,17369.4,0.342,1,Active
LN-105583,2024-10-11,Central India,Agriculture Loan,589210.0,36,13.41,39,Salaried,Post-Graduate,Single,103357.0,816,19969.37,0.193,1,Active
LN-100022,2024-10-12,Central India,Vehicle Loan,357060.0,60,10.72,56,Salaried,Professional Degree,Married,122025.0,664,7713.58,0.063,0,Active
LN-101103,2024-10-12,West India,Home Loan,4948738.0,120,18.47,46,Salaried,Post-Graduate,Divorced,50314.0,742,90671.75,1.802,1,Active
LN-103485,2024-10-12,West India,Business Loan,3373645.0,36,8.5,52,Salaried,Post-Graduate,Divorced,104969.0,752,106497.66,1.015,0,Active
LN-105987,2024-10-12,East India,Vehicle Loan,383601.0,72,8.0,21,Self-Employed,Graduate,Divorced,41959.0,715,6725.77,0.16,0,Active
LN-106680,2024-10-12,Central India,Business Loan,3459474.0,36,18.05,21,Retired,Graduate,Single,33704.0,531,125155.06,3.713,2,Active
LN-100798,2024-10-13,West India,Home Loan,2041450.0,120,12.57,39,Salaried,High School,Single,37541.0,779,29965.47,0.798,8,Defaulted
LN-102498,2024-10-13,West India,Education Loan,781798.0,36,16.06,47,Salaried,Professional Degree,Single,122959.0,837,27508.86,0.224,0,Active
LN-103936,2024-10-13,North India,Personal Loan,308484.0,36,15.1,21,Unemployed,Post-Graduate,Married,21803.0,579,10708.81,0.491,1,Active
LN-104838,2024-10-13,East India,Personal Loan,169749.0,36,12.69,40,Self-Employed,Professional Degree,Married,121340.0,728,5694.2,0.047,0,Active
LN-104904,2024-10-13,West India,Business Loan,2421531.0,36,16.77,31,Self-Employed,Graduate,Single,67951.0,645,86057.25,1.266,2,Active
LN-105644,2024-10-13,Central India,Vehicle Loan,296627.0,48,8.1,27,Self-Employed,High School,Married,25458.0,521,7255.46,0.285,0,Active
LN-100255,2024-10-14,Central India,Home Loan,3850216.0,180,17.56,36,Self-Employed,High School,Married,21793.0,627,60789.73,2.789,1,Active
LN-100319,2024-10-14,North India,Vehicle Loan,683551.0,48,10.26,42,Business Owner,Professional Degree,Divorced,194421.0,657,17422.09,0.09,6,Defaulted
LN-101353,2024-10-14,North India,Vehicle Loan,659852.0,36,13.21,54,Self-Employed,Graduate,Divorced,37949.0,632,22299.82,0.588,1,Active
LN-101465,2024-10-14,North India,Home Loan,5970875.0,240,12.68,21,Self-Employed,High School,Married,29952.0,614,68596.65,2.29,3,Active
LN-104258,2024-10-14,South India,Gold Loan,191174.0,24,13.16,34,Salaried,Post-Graduate,Divorced,73752.0,700,9103.13,0.123,0,Active
LN-105444,2024-10-14,Central India,Vehicle Loan,820785.0,36,9.93,55,Salaried,Graduate,Single,70893.0,760,26457.46,0.373,1,Active
LN-104153,2024-10-15,East India,Home Loan,5746690.0,300,10.54,35,Salaried,Graduate,Divorced,69467.0,652,54423.45,0.783,9,Written Off
LN-104606,2024-10-15,South India,Business Loan,3352372.0,60,12.08,35,Salaried,Post-Graduate,Married,82726.0,776,74707.26,0.903,0,Active
LN-104700,2024-10-15,Central India,Home Loan,2771612.0,180,18.47,46,Self-Employed,High School,Single,27915.0,676,45575.0,1.633,1,Active
LN-105433,2024-10-15,Central India,Personal Loan,362840.0,48,15.67,38,Unemployed,Post-Graduate,Single,23589.0,489,10221.77,0.433,5,Written Off
LN-106165,2024-10-15,East India,Personal Loan,176400.0,48,7.87,23,Self-Employed,Post-Graduate,Single,51987.0,621,4295.68,0.083,8,Defaulted
LN-100794,2024-10-16,East India,Agriculture Loan,291274.0,24,8.5,36,Self-Employed,Professional Degree,Married,68933.0,612,13240.06,0.192,2,Active
LN-101641,2024-10-16,North India,Gold Loan,338331.0,12,10.53,38,Retired,Post-Graduate,Divorced,53996.0,749,29828.13,0.552,10,Defaulted
LN-103002,2024-10-16,West India,Home Loan,2248033.0,240,9.54,44,Salaried,Graduate,Divorced,60772.0,780,21013.37,0.346,1,Active
LN-104366,2024-10-16,West India,Home Loan,5184851.0,180,17.95,21,Business Owner,Post-Graduate,Single,94982.0,546,83311.48,0.877,3,Written Off
LN-105032,2024-10-16,South India,Vehicle Loan,986928.0,72,13.74,36,Salaried,High School,Married,36190.0,794,20199.23,0.558,0,Active
LN-100465,2024-10-17,East India,Business Loan,4904853.0,24,10.99,24,Salaried,Professional Degree,Single,78578.0,706,228581.82,2.909,0,Active
LN-100920,2024-10-17,Central India,Vehicle Loan,838613.0,72,10.45,33,Unemployed,Professional Degree,Married,34740.0,612,15726.99,0.453,12,Written Off
LN-103746,2024-10-17,North India,Gold Loan,124763.0,6,18.38,49,Business Owner,Professional Degree,Married,168561.0,735,21922.67,0.13,0,Fully Paid
LN-106580,2024-10-17,South India,Agriculture Loan,203258.0,24,17.98,21,Business Owner,High School,Single,58018.0,652,10145.51,0.175,1,Active
LN-101678,2024-10-18,West India,Vehicle Loan,237131.0,60,17.77,40,Self-Employed,Post-Graduate,Single,87942.0,611,5991.94,0.068,1,Active
LN-106194,2024-10-18,Central India,Business Loan,580298.0,84,7.6,39,Self-Employed,Post-Graduate,Divorced,85136.0,767,8929.44,0.105,1,Active
LN-100386,2024-10-19,West India,Business Loan,1823387.0,84,9.04,25,Salaried,Professional Degree,Divorced,140446.0,697,29373.64,0.209,1,Active
LN-102403,2024-10-19,Central India,Home Loan,4349225.0,180,15.46,58,Business Owner,Post-Graduate,Divorced,95554.0,713,62247.27,0.651,5,Defaulted
LN-102879,2024-10-20,East India,Personal Loan,217650.0,36,7.55,58,Salaried,Professional Degree,Single,103366.0,752,6775.27,0.066,0,Active
LN-103543,2024-10-20,West India,Business Loan,4258542.0,24,10.51,47,Salaried,Graduate,Single,41401.0,655,197514.04,4.771,1,Active
LN-104536,2024-10-20,East India,Vehicle Loan,564498.0,72,12.56,35,Salaried,Graduate,Divorced,71419.0,745,11201.12,0.157,0,Active
LN-105962,2024-10-20,South India,Gold Loan,668971.0,24,12.94,28,Self-Employed,Graduate,Divorced,55563.0,612,31785.25,0.572,2,Active
LN-103341,2024-10-21,West India,Business Loan,2435827.0,84,14.44,55,Salaried,Post-Graduate,Married,78259.0,819,46241.53,0.591,1,Active
LN-105435,2024-10-21,East India,Education Loan,1656259.0,120,18.18,39,Self-Employed,Post-Graduate,Divorced,84156.0,600,30035.53,0.357,6,Written Off
LN-105957,2024-10-21,Central India,Agriculture Loan,103308.0,12,12.12,35,Unemployed,Graduate,Married,11790.0,530,9184.59,0.779,3,Restructured
LN-103199,2024-10-22,South India,Education Loan,1958139.0,60,17.49,56,Salaried,Graduate,Single,66125.0,690,49182.2,0.744,1,Active
LN-104941,2024-10-22,North India,Vehicle Loan,369854.0,36,10.69,49,Salaried,Professional Degree,Single,108095.0,819,12054.32,0.112,1,Active
LN-100680,2024-10-23,North India,Personal Loan,89327.0,36,15.4,21,Salaried,High School,Divorced,23475.0,640,3114.08,0.133,3,Active
LN-100700,2024-10-23,Central India,Vehicle Loan,706429.0,48,12.74,21,Salaried,Post-Graduate,Married,56702.0,674,18860.69,0.333,0,Active
LN-101300,2024-10-23,Central India,Personal Loan,226861.0,36,8.56,43,Salaried,Post-Graduate,Married,72273.0,668,7167.75,0.099,1,Active
LN-105767,2024-10-23,South India,Personal Loan,297946.0,12,17.08,45,Unemployed,Post-Graduate,Single,31627.0,603,27185.4,0.86,3,Written Off
LN-101525,2024-10-24,East India,Home Loan,3096168.0,300,10.03,67,Salaried,Graduate,Married,34283.0,638,28200.41,0.823,5,Defaulted
LN-103030,2024-10-24,Central India,Personal Loan,225005.0,48,15.37,38,Salaried,Graduate,Married,70364.0,726,6304.34,0.09,1,Active
LN-104443,2024-10-24,North India,Vehicle Loan,651830.0,48,17.89,34,Salaried,Graduate,Divorced,66181.0,670,19110.06,0.289,0,Active
LN-102980,2024-10-25,North India,Home Loan,5279113.0,240,18.0,49,Retired,Graduate,Single,34508.0,670,81473.16,2.361,12,Written Off
LN-105877,2024-10-25,North India,Business Loan,509454.0,36,12.89,41,Salaried,Post-Graduate,Single,58652.0,680,17138.54,0.292,0,Active
LN-101009,2024-10-26,North India,Education Loan,681990.0,60,11.17,36,Self-Employed,Post-Graduate,Divorced,68150.0,628,14886.0,0.218,1,Active
LN-101833,2024-10-26,Central India,Home Loan,2936103.0,180,17.28,37,Salaried,Professional Degree,Married,87020.0,715,45770.68,0.526,11,Defaulted
LN-106144,2024-10-26,West India,Home Loan,5795293.0,300,13.54,39,Self-Employed,Graduate,Single,59900.0,685,67728.61,1.131,0,Active
LN-101152,2024-10-27,North India,Home Loan,5854271.0,180,15.24,23,Self-Employed,Post-Graduate,Married,70155.0,564,82900.09,1.182,3,Active
LN-106180,2024-10-27,Central India,Business Loan,4027902.0,36,12.32,27,Business Owner,High School,Divorced,41865.0,671,134400.44,3.21,0,Active
LN-103497,2024-10-28,North India,Vehicle Loan,1065473.0,48,7.54,45,Business Owner,Graduate,Married,50576.0,663,25781.86,0.51,0,Active
LN-105209,2024-10-28,North India,Education Loan,446297.0,120,15.11,42,Salaried,High School,Single,19103.0,679,7230.42,0.378,0,Active
LN-105996,2024-10-28,North India,Business Loan,2911265.0,24,15.53,29,Salaried,Post-Graduate,Divorced,96656.0,682,141891.67,1.468,0,Active
LN-104666,2024-10-29,East India,Vehicle Loan,886393.0,36,11.46,50,Retired,Graduate,Divorced,57334.0,605,29212.84,0.51,2,Active
LN-104743,2024-10-29,North India,Home Loan,4164159.0,120,10.16,47,Salaried,Post-Graduate,Married,106109.0,555,55399.28,0.522,3,Active
LN-105652,2024-10-29,North India,Personal Loan,311069.0,12,18.15,63,Business Owner,Graduate,Married,50505.0,651,28541.01,0.565,0,Fully Paid
LN-105826,2024-10-29,North India,Home Loan,4924668.0,240,14.43,45,Business Owner,High School,Married,30400.0,669,62783.2,2.065,1,Active
LN-100841,2024-10-30,East India,Vehicle Loan,1155173.0,72,11.38,44,Salaried,Graduate,Married,59084.0,640,22213.14,0.376,8,Defaulted
LN-103580,2024-10-30,North India,Vehicle Loan,720339.0,36,14.09,46,Self-Employed,Professional Degree,Divorced,112879.0,776,24650.98,0.218,1,Active
LN-105938,2024-10-30,North India,Education Loan,1521819.0,36,8.67,27,Unemployed,High School,Single,7848.0,575,48160.05,6.137,5,Restructured
LN-100158,2024-10-31,North India,Personal Loan,68703.0,36,14.74,39,Self-Employed,Graduate,Married,55041.0,593,2372.87,0.043,10,Written Off
LN-100209,2024-10-31,West India,Agriculture Loan,617627.0,12,15.54,35,Business Owner,Graduate,Divorced,92082.0,766,55903.47,0.607,0,Fully Paid
LN-103373,2024-10-31,North India,Vehicle Loan,407030.0,72,9.09,24,Business Owner,Graduate,Single,52771.0,743,7355.13,0.139,1,Active
LN-104572,2024-10-31,North India,Education Loan,607199.0,84,15.71,52,Salaried,Post-Graduate,Divorced,57922.0,660,11960.15,0.206,0,Active
LN-102843,2024-11-01,North India,Vehicle Loan,1173424.0,48,8.96,48,Unemployed,High School,Single,10172.0,594,29178.42,2.869,7,Written Off
LN-103324,2024-11-01,South India,Home Loan,4217423.0,120,10.37,44,Business Owner,Graduate,Single,95790.0,666,56601.24,0.591,12,Defaulted
LN-100503,2024-11-02,Central India,Vehicle Loan,445327.0,72,11.48,21,Retired,Graduate,Single,33314.0,613,8586.28,0.258,2,Active
LN-100727,2024-11-02,East India,Home Loan,4888523.0,300,14.81,53,Self-Employed,Post-Graduate,Married,109701.0,652,61893.92,0.564,0,Active
LN-104065,2024-11-02,North India,Home Loan,5558766.0,120,17.65,31,Retired,Graduate,Divorced,43716.0,654,98911.6,2.263,1,Active
LN-104460,2024-11-02,North India,Personal Loan,307593.0,24,9.38,50,Salaried,Post-Graduate,Divorced,65158.0,745,14106.0,0.216,0,Active
LN-106794,2024-11-02,East India,Home Loan,2064990.0,180,11.93,70,Self-Employed,Graduate,Single,50115.0,631,24690.43,0.493,0,Active
LN-100185,2024-11-03,North India,Business Loan,1678628.0,84,14.84,35,Retired,Graduate,Divorced,50254.0,629,32241.57,0.642,5,Defaulted
LN-101294,2024-11-03,West India,Business Loan,2070276.0,36,16.8,45,Self-Employed,Graduate,Single,65744.0,675,73605.08,1.12,7,Written Off
LN-106689,2024-11-03,East India,Business Loan,1409925.0,24,8.18,59,Retired,Below High School,Married,28078.0,638,63882.9,2.275,3,Defaulted
LN-106792,2024-11-03,Central India,Personal Loan,63258.0,12,17.3,38,Salaried,Graduate,Married,67955.0,669,5778.44,0.085,0,Fully Paid
LN-100660,2024-11-04,East India,Home Loan,3637327.0,300,16.54,42,Business Owner,High School,Married,48017.0,570,50973.57,1.062,3,Written Off
LN-102380,2024-11-04,South India,Home Loan,4277948.0,300,7.84,35,Salaried,Graduate,Single,59369.0,676,32565.76,0.549,1,Active
LN-103778,2024-11-04,South India,Business Loan,3398611.0,60,18.15,30,Salaried,Professional Degree,Divorced,139182.0,735,86579.95,0.622,0,Active
LN-104704,2024-11-04,West India,Home Loan,1642515.0,240,12.87,31,Salaried,Graduate,Divorced,56232.0,620,19091.39,0.34,4,Restructured
LN-105084,2024-11-04,West India,Business Loan,2798505.0,60,10.15,38,Unemployed,Post-Graduate,Single,25266.0,636,59666.72,2.362,9,Defaulted
LN-101239,2024-11-05,West India,Vehicle Loan,1151196.0,60,11.93,33,Retired,Graduate,Single,67310.0,629,25567.02,0.38,2,Active
LN-103625,2024-11-05,Central India,Agriculture Loan,872319.0,12,15.44,29,Salaried,Graduate,Single,45814.0,606,78915.27,1.723,1,Active
LN-102376,2024-11-06,West India,Vehicle Loan,545607.0,72,11.44,47,Business Owner,Post-Graduate,Married,98040.0,667,10508.5,0.107,0,Active
LN-104532,2024-11-06,East India,Personal Loan,110819.0,12,18.24,33,Salaried,Graduate,Married,56680.0,769,10172.55,0.179,0,Fully Paid
LN-104706,2024-11-06,North India,Agriculture Loan,338889.0,36,17.22,50,Business Owner,Post-Graduate,Married,70890.0,780,12119.45,0.171,1,Active
LN-104857,2024-11-06,North India,Personal Loan,98200.0,48,11.41,46,Salaried,Graduate,Married,45352.0,637,2557.63,0.056,3,Active
LN-102648,2024-11-07,Central India,Home Loan,4227510.0,120,12.81,30,Self-Employed,High School,Divorced,33695.0,661,62648.39,1.859,1,Active
LN-105917,2024-11-08,East India,Personal Loan,201800.0,36,18.02,55,Salaried,Post-Graduate,Married,92686.0,750,7297.58,0.079,0,Active
LN-100351,2024-11-09,Central India,Home Loan,5153712.0,120,14.19,21,Unemployed,Professional Degree,Married,46708.0,472,80609.66,1.726,5,Restructured
LN-102612,2024-11-09,North India,Home Loan,3202444.0,180,17.11,21,Self-Employed,Professional Degree,Single,131756.0,680,49535.63,0.376,1,Active
LN-100467,2024-11-10,South India,Home Loan,1955184.0,240,12.33,24,Self-Employed,Graduate,Divorced,70746.0,718,21979.76,0.311,1,Active
LN-105693,2024-11-10,East India,Business Loan,3057891.0,36,14.85,31,Self-Employed,High School,Divorced,26821.0,609,105778.31,3.944,0,Active
LN-106175,2024-11-10,East India,Business Loan,2689023.0,24,7.81,35,Self-Employed,High School,Single,37170.0,639,121384.34,3.266,0,Active
LN-103384,2024-11-11,South India,Gold Loan,754192.0,6,16.78,41,Salaried,Post-Graduate,Married,64388.0,798,131921.75,2.049,0,Fully Paid
LN-103846,2024-11-11,South India,Education Loan,1599216.0,120,15.43,33,Salaried,Post-Graduate,Single,86144.0,676,26223.68,0.304,0,Active
LN-102072,2024-11-12,Central India,Home Loan,4636440.0,180,15.43,42,Business Owner,Professional Degree,Married,171902.0,697,66261.92,0.385,1,Active
LN-102305,2024-11-12,East India,Personal Loan,397401.0,24,8.95,47,Salaried,Professional Degree,Divorced,82735.0,721,18146.05,0.219,1,Active
LN-102370,2024-11-12,East India,Home Loan,4714498.0,300,7.83,36,Salaried,Graduate,Married,32293.0,693,35857.93,1.11,11,Written Off
LN-104195,2024-11-13,Central India,Personal Loan,305026.0,48,9.32,29,Business Owner,Professional Degree,Married,237163.0,826,7637.02,0.032,1,Active
LN-102419,2024-11-14,Central India,Vehicle Loan,828262.0,36,8.25,65,Salaried,Professional Degree,Single,116601.0,630,26050.35,0.223,3,Defaulted
LN-103886,2024-11-14,West India,Business Loan,2634895.0,84,12.15,21,Salaried,Graduate,Married,37007.0,568,46724.73,1.263,1,Active
LN-105601,2024-11-14,East India,Personal Loan,336936.0,48,8.73,27,Salaried,Post-Graduate,Divorced,71178.0,637,8341.54,0.117,5,Restructured
LN-105672,2024-11-14,West India,Personal Loan,145092.0,12,12.64,49,Salaried,Post-Graduate,Married,97308.0,634,12934.73,0.133,0,Fully Paid
LN-106830,2024-11-14,Central India,Education Loan,556475.0,36,9.01,34,Salaried,Graduate,Divorced,59675.0,715,17698.35,0.297,1,Active
LN-100162,2024-11-15,North India,Agriculture Loan,493519.0,36,13.61,38,Retired,Post-Graduate,Married,78339.0,824,16773.98,0.214,1,Active
LN-100839,2024-11-15,East India,Home Loan,3242327.0,180,11.86,28,Retired,Post-Graduate,Divorced,50255.0,605,38621.82,0.769,12,Defaulted
LN-103408,2024-11-15,West India,Personal Loan,271038.0,24,16.4,46,Self-Employed,Professional Degree,Married,73225.0,738,13322.72,0.182,0,Active
LN-104112,2024-11-15,South India,Gold Loan,122487.0,24,11.5,44,Salaried,Graduate,Married,52610.0,704,5737.33,0.109,1,Active
LN-104264,2024-11-15,North India,Personal Loan,220554.0,12,14.32,65,Salaried,High School,Single,32211.0,621,19836.13,0.616,0,Fully Paid
LN-106283,2024-11-15,East India,Business Loan,2709500.0,36,17.52,21,Self-Employed,Post-Graduate,Single,87438.0,739,97303.73,1.113,0,Active
LN-104388,2024-11-16,North India,Education Loan,1760085.0,60,9.27,30,Self-Employed,Graduate,Married,47213.0,712,36767.54,0.779,4,Defaulted
LN-106666,2024-11-16,North India,Vehicle Loan,571539.0,36,8.32,42,Business Owner,Graduate,Married,52030.0,652,17994.45,0.346,1,Active
LN-100254,2024-11-17,Central India,Personal Loan,176905.0,12,15.75,44,Salaried,Professional Degree,Divorced,108907.0,835,16029.82,0.147,0,Fully Paid
LN-106037,2024-11-17,North India,Agriculture Loan,529049.0,12,16.55,46,Salaried,Professional Degree,Single,90633.0,666,48138.87,0.531,0,Fully Paid
LN-102443,2024-11-18,East India,Personal Loan,185745.0,12,16.25,31,Retired,Graduate,Divorced,60920.0,678,16874.79,0.277,0,Fully Paid
LN-105661,2024-11-18,North India,Gold Loan,85028.0,24,16.35,39,Unemployed,High School,Single,9155.0,528,4177.47,0.456,0,Active
LN-106249,2024-11-18,West India,Personal Loan,490466.0,48,15.8,39,Salaried,High School,Divorced,22204.0,758,13849.76,0.624,3,Defaulted
LN-106752,2024-11-18,North India,Personal Loan,151411.0,12,14.31,44,Business Owner,Professional Degree,Divorced,224810.0,686,13616.85,0.061,0,Fully Paid
LN-102696,2024-11-19,East India,Vehicle Loan,879812.0,60,11.79,23,Self-Employed,High School,Married,23556.0,644,19477.69,0.827,0,Active
LN-100921,2024-11-21,South India,Personal Loan,348651.0,12,17.87,44,Unemployed,Graduate,Single,21001.0,444,31942.75,1.521,7,Defaulted
LN-102936,2024-11-21,South India,Vehicle Loan,271664.0,36,16.51,42,Retired,Graduate,Single,65090.0,604,9619.44,0.148,0,Active
LN-103195,2024-11-21,West India,Vehicle Loan,812424.0,72,14.19,27,Self-Employed,Graduate,Married,58600.0,679,16823.36,0.287,0,Active
LN-104503,2024-11-21,South India,Personal Loan,367392.0,36,17.37,41,Salaried,High School,Divorced,34070.0,711,13166.28,0.386,1,Active
LN-105806,2024-11-21,West India,Personal Loan,269661.0,12,11.57,49,Salaried,Graduate,Divorced,58567.0,668,23904.84,0.408,0,Fully Paid
LN-106769,2024-11-21,North India,Vehicle Loan,539403.0,60,10.95,33,Salaried,Post-Graduate,Single,93941.0,772,11714.48,0.125,0,Active
LN-101756,2024-11-22,South India,Personal Loan,210126.0,12,11.46,34,Salaried,Professional Degree,Married,88761.0,669,18616.4,0.21,0,Fully Paid
LN-101842,2024-11-22,West India,Vehicle Loan,431478.0,48,8.8,41,Retired,Post-Graduate,Married,82474.0,694,10696.42,0.13,1,Active
LN-101847,2024-11-22,North India,Gold Loan,535253.0,24,11.24,31,Self-Employed,High School,Married,28522.0,733,25006.67,0.877,0,Active
LN-106482,2024-11-22,North India,Agriculture Loan,398641.0,12,9.34,53,Self-Employed,High School,Divorced,29451.0,665,34924.63,1.186,0,Fully Paid
LN-100790,2024-11-23,South India,Education Loan,430529.0,84,10.31,47,Retired,Professional Degree,Married,91118.0,722,7216.44,0.079,0,Active
LN-101343,2024-11-23,North India,Business Loan,3839164.0,36,7.77,37,Retired,High School,Married,24607.0,744,119898.51,4.873,0,Active
LN-104493,2024-11-23,North India,Personal Loan,112206.0,48,16.93,37,Salaried,High School,Single,38193.0,598,3233.65,0.085,0,Active
LN-105665,2024-11-23,East India,Vehicle Loan,1172304.0,72,11.63,42,Salaried,High School,Single,23198.0,668,22693.83,0.978,9,Defaulted
LN-105876,2024-11-23,South India,Personal Loan,259886.0,48,7.96,24,Business Owner,High School,Married,48762.0,676,6339.7,0.13,0,Active
LN-102075,2024-11-24,South India,Home Loan,4769822.0,300,8.7,64,Salaried,Graduate,Single,56479.0,763,39052.89,0.691,0,Active
LN-102119,2024-11-24,East India,Business Loan,4064198.0,36,18.08,43,Salaried,Post-Graduate,Divorced,78303.0,760,147093.65,1.879,0,Active
LN-102812,2024-11-24,North India,Home Loan,2726667.0,120,14.75,23,Self-Employed,Graduate,Divorced,54082.0,482,43574.16,0.806,0,Active
LN-102836,2024-11-24,Central India,Personal Loan,333444.0,48,16.56,40,Salaried,Professional Degree,Single,94110.0,740,9545.8,0.101,0,Active
LN-104395,2024-11-24,South India,Home Loan,2914300.0,180,9.57,33,Self-Employed,Professional Degree,Married,113016.0,648,30555.06,0.27,1,Active
LN-106030,2024-11-24,Central India,Education Loan,1411606.0,36,11.42,57,Salaried,Graduate,Single,71593.0,680,46495.44,0.649,3,Restructured
LN-106618,2024-11-24,South India,Home Loan,2197418.0,180,9.54,53,Salaried,Below High School,Single,18480.0,679,22999.05,1.245,1,Active
LN-102391,2024-11-25,Central India,Vehicle Loan,965967.0,36,15.83,45,Salaried,Graduate,Married,37447.0,777,33879.52,0.905,0,Active
LN-103520,2024-11-25,North India,Business Loan,1595968.0,24,15.3,27,Salaried,Graduate,Single,57085.0,654,77610.81,1.36,0,Active
LN-103700,2024-11-25,Central India,Vehicle Loan,1185137.0,36,16.73,25,Self-Employed,Graduate,Married,34561.0,710,42094.29,1.218,1,Active
LN-105626,2024-11-25,East India,Vehicle Loan,694764.0,60,10.67,40,Salaried,High School,Divorced,35828.0,684,14991.76,0.418,1,Active
LN-100251,2024-11-26,East India,Personal Loan,371933.0,48,9.33,27,Business Owner,Graduate,Divorced,96176.0,709,9313.96,0.097,0,Active
LN-100807,2024-11-26,Central India,Vehicle Loan,872515.0,72,12.77,54,Salaried,Graduate,Divorced,66627.0,666,17409.22,0.261,0,Active
LN-102555,2024-11-26,Central India,Vehicle Loan,211509.0,72,11.32,23,Self-Employed,Graduate,Married,31974.0,711,4060.63,0.127,1,Active
LN-106065,2024-11-26,South India,Personal Loan,415331.0,48,12.31,36,Retired,High School,Married,36994.0,581,11000.58,0.297,2,Active
LN-106530,2024-11-26,East India,Vehicle Loan,735601.0,72,8.72,49,Self-Employed,High School,Divorced,34148.0,708,13157.61,0.385,0,Active
LN-106547,2024-11-26,Central India,Home Loan,4249372.0,120,15.1,56,Salaried,Post-Graduate,Divorced,53263.0,755,68817.68,1.292,0,Active
LN-106964,2024-11-26,South India,Home Loan,2895087.0,300,7.51,52,Business Owner,Post-Graduate,Divorced,128145.0,659,21413.27,0.167,1,Active
LN-102178,2024-11-27,Central India,Business Loan,2780545.0,60,17.89,37,Salaried,High School,Single,24422.0,666,70441.29,2.884,0,Active
LN-102390,2024-11-27,South India,Home Loan,4204624.0,120,9.83,23,Salaried,Professional Degree,Divorced,90865.0,749,55169.36,0.607,0,Active
LN-103711,2024-11-28,North India,Agriculture Loan,521962.0,24,17.24,27,Self-Employed,Below High School,Single,26618.0,701,25867.22,0.972,12,Defaulted
LN-105654,2024-11-28,East India,Vehicle Loan,563628.0,60,11.38,49,Salaried,Post-Graduate,Divorced,108199.0,671,12361.72,0.114,1,Active
LN-105804,2024-11-28,South India,Home Loan,1596523.0,180,9.36,36,Business Owner,Professional Degree,Married,119978.0,608,16536.68,0.138,1,Active
LN-106644,2024-11-28,Central India,Personal Loan,146953.0,36,13.67,42,Business Owner,Graduate,Single,62442.0,618,4998.98,0.08,3,Active
LN-104658,2024-11-29,East India,Business Loan,4988392.0,84,13.58,32,Business Owner,Professional Degree,Married,135903.0,714,92328.98,0.679,1,Active
LN-105009,2024-11-29,South India,Personal Loan,127496.0,48,17.01,44,Salaried,High School,Married,30328.0,732,3679.56,0.121,0,Active
LN-102849,2024-11-30,West India,Gold Loan,727004.0,12,7.99,58,Retired,Post-Graduate,Married,111260.0,714,63237.57,0.568,0,Fully Paid
LN-104008,2024-11-30,North India,Personal Loan,124070.0,24,12.11,30,Self-Employed,Post-Graduate,Divorced,100695.0,558,5846.78,0.058,0,Active
LN-105058,2024-11-30,East India,Gold Loan,603575.0,24,12.69,51,Self-Employed,Post-Graduate,Single,53879.0,673,28607.25,0.531,4,Restructured
LN-106535,2024-11-30,East India,Home Loan,5724966.0,120,13.25,23,Salaried,High School,Married,36405.0,666,86326.14,2.371,6,Written Off
LN-100435,2024-12-01,West India,Gold Loan,89597.0,6,14.37,34,Self-Employed,Below High School,Divorced,14034.0,726,15564.91,1.109,0,Fully Paid
LN-102308,2024-12-01,North India,Vehicle Loan,1124413.0,72,15.51,42,Self-Employed,High School,Single,39156.0,578,24088.25,0.615,2,Active
LN-102394,2024-12-01,Central India,Business Loan,1024419.0,60,8.83,33,Salaried,Below High School,Single,14065.0,742,21180.83,1.506,5,Restructured
LN-102409,2024-12-01,East India,Business Loan,4517946.0,24,11.94,32,Self-Employed,High School,Married,35499.0,643,212548.84,5.987,3,Active
LN-105999,2024-12-01,Central India,Business Loan,2144379.0,36,7.52,35,Salaried,High School,Divorced,20267.0,734,66723.22,3.292,5,Defaulted
LN-106024,2024-12-01,Central India,Home Loan,4934590.0,180,10.64,39,Business Owner,Graduate,Single,63311.0,674,54975.97,0.868,4,Restructured
LN-105657,2024-12-02,West India,Agriculture Loan,945382.0,12,17.33,37,Retired,Post-Graduate,Single,105797.0,649,86371.45,0.816,0,Fully Paid
LN-106086,2024-12-02,Central India,Business Loan,2811509.0,24,17.91,32,Salaried,Professional Degree,Single,110859.0,769,140239.83,1.265,0,Active
LN-102605,2024-12-03,East India,Home Loan,4116102.0,120,14.04,51,Salaried,High School,Single,37046.0,816,64008.28,1.728,4,Restructured
LN-104730,2024-12-03,North India,Home Loan,2340102.0,240,9.7,48,Self-Employed,Graduate,Married,65115.0,598,22119.35,0.34,8,Written Off
LN-103595,2024-12-04,West India,Business Loan,3750521.0,60,9.79,29,Salaried,Graduate,Single,35326.0,674,79300.5,2.245,0,Active
LN-105222,2024-12-04,West India,Home Loan,5079715.0,120,18.11,46,Self-Employed,Graduate,Divorced,36129.0,651,91888.98,2.543,0,Active
LN-105357,2024-12-04,East India,Home Loan,4768341.0,180,7.85,23,Self-Employed,Post-Graduate,Single,101902.0,689,45156.8,0.443,1,Active
LN-104381,2024-12-05,East India,Education Loan,571450.0,84,14.81,39,Self-Employed,High School,Divorced,23168.0,739,10966.3,0.473,1,Active
LN-105178,2024-12-05,South India,Vehicle Loan,965017.0,60,12.64,59,Business Owner,Graduate,Divorced,105536.0,715,21779.67,0.206,0,Active
LN-100264,2024-12-06,North India,Home Loan,3905693.0,180,8.0,47,Self-Employed,Post-Graduate,Single,71425.0,666,37324.84,0.523,1,Active
LN-105100,2024-12-06,South India,Vehicle Loan,831437.0,72,12.98,47,Self-Employed,Graduate,Divorced,54432.0,600,16681.58,0.306,8,Written Off
LN-106682,2024-12-06,Central India,Home Loan,4522377.0,240,14.02,26,Salaried,Graduate,Single,69970.0,628,56302.4,0.805,1,Active
LN-104950,2024-12-07,Central India,Home Loan,1977378.0,180,8.97,23,Self-Employed,High School,Married,32869.0,631,20020.61,0.609,3,Active
LN-106977,2024-12-07,South India,Business Loan,4270122.0,36,13.57,37,Salaried,Professional Degree,Divorced,121360.0,767,145052.43,1.195,5,Restructured
LN-103873,2024-12-08,Central India,Home Loan,5488913.0,120,12.41,21,Unemployed,Graduate,Married,11295.0,466,80056.37,7.088,3,Defaulted
LN-100564,2024-12-09,West India,Vehicle Loan,610479.0,72,16.73,47,Salaried,Graduate,Divorced,67718.0,713,13488.99,0.199,1,Active
LN-102591,2024-12-09,East India,Home Loan,2622749.0,300,9.35,31,Salaried,Post-Graduate,Divorced,53127.0,795,22641.99,0.426,1,Active
LN-103902,2024-12-09,Central India,Vehicle Loan,838890.0,60,11.25,32,Retired,Graduate,Married,71786.0,575,18344.27,0.256,2,Active
LN-105038,2024-12-09,South India,Business Loan,2341482.0,84,16.25,34,Salaried,High School,Divorced,29960.0,692,46840.68,1.563,2,Restructured
LN-106622,2024-12-10,Central India,Business Loan,1262518.0,36,11.02,33,Self-Employed,Post-Graduate,Single,57245.0,609,41345.18,0.722,10,Written Off
LN-105606,2024-12-11,West India,Home Loan,1813358.0,300,18.17,57,Salaried,Graduate,Divorced,42664.0,711,27763.09,0.651,1,Active
LN-101569,2024-12-12,South India,Business Loan,2197029.0,24,10.56,45,Salaried,High School,Single,20792.0,692,101950.54,4.903,10,Written Off
LN-102114,2024-12-12,Central India,Agriculture Loan,413598.0,36,10.85,39,Business Owner,Post-Graduate,Single,133793.0,755,13511.31,0.101,0,Active
LN-103323,2024-12-12,North India,Personal Loan,87028.0,36,11.09,33,Salaried,Post-Graduate,Divorced,105000.0,722,2852.9,0.027,1,Active
LN-104224,2024-12-12,East India,Vehicle Loan,919223.0,60,16.83,48,Self-Employed,Below High School,Married,22332.0,706,22761.12,1.019,4,Restructured
LN-100416,2024-12-13,Central India,Gold Loan,514632.0,12,7.8,43,Salaried,High School,Divorced,19447.0,850,44719.45,2.3,0,Fully Paid
LN-100657,2024-12-13,South India,Home Loan,3552240.0,120,12.57,46,Salaried,Graduate,Single,67742.0,793,52141.64,0.77,1,Active
LN-100825,2024-12-13,North India,Home Loan,5750605.0,300,9.5,21,Self-Employed,Graduate,Divorced,48508.0,576,50242.84,1.036,2,Active
LN-105398,2024-12-13,North India,Personal Loan,329894.0,24,16.05,35,Self-Employed,Post-Graduate,Married,88136.0,605,16160.52,0.183,3,Active
LN-101643,2024-12-14,South India,Education Loan,1395270.0,36,12.41,40,Salaried,Graduate,Divorced,56575.0,614,46616.63,0.824,1,Active
LN-105759,2024-12-15,South India,Business Loan,4827613.0,84,12.62,31,Retired,Post-Graduate,Single,65042.0,713,86829.5,1.335,1,Active
LN-106886,2024-12-15,East India,Vehicle Loan,484098.0,48,15.82,32,Business Owner,High School,Married,25597.0,702,13674.89,0.534,1,Active
LN-101498,2024-12-16,North India,Personal Loan,301657.0,48,7.76,56,Salaried,High School,Married,19527.0,735,7330.39,0.375,0,Active
LN-106714,2024-12-16,West India,Personal Loan,486263.0,24,10.15,37,Salaried,Professional Degree,Single,86750.0,749,22472.25,0.259,1,Active
LN-100379,2024-12-17,North India,Vehicle Loan,313992.0,48,18.12,49,Salaried,High School,Married,22402.0,661,9243.22,0.413,0,Active
LN-101512,2024-12-17,Central India,Home Loan,5616926.0,240,12.62,66,Retired,Graduate,Divorced,59259.0,707,64291.95,1.085,0,Active
LN-105104,2024-12-17,North India,Education Loan,951963.0,120,13.75,42,Salaried,High School,Divorced,34831.0,737,14638.03,0.42,0,Active
LN-100389,2024-12-18,West India,Home Loan,4920797.0,300,12.7,34,Salaried,High School,Single,20217.0,708,54389.85,2.69,1,Active
LN-100918,2024-12-18,North India,Business Loan,4881264.0,24,15.41,51,Salaried,Graduate,Single,50090.0,656,237628.09,4.744,1,Active
LN-101255,2024-12-18,North India,Business Loan,3818220.0,84,9.45,33,Unemployed,Post-Graduate,Single,29366.0,442,62307.19,2.122,0,Active
LN-102083,2024-12-18,Central India,Vehicle Loan,958624.0,72,8.76,49,Salaried,High School,Married,34129.0,599,17165.75,0.503,8,Defaulted
LN-105081,2024-12-18,North India,Home Loan,2326102.0,180,16.16,44,Self-Employed,Post-Graduate,Married,61974.0,647,34423.32,0.555,4,Restructured
LN-105242,2024-12-18,West India,Home Loan,2697147.0,240,7.87,45,Self-Employed,High School,Single,19071.0,670,22342.29,1.172,0,Active
LN-105342,2024-12-18,North India,Home Loan,5468519.0,300,15.24,47,Business Owner,Post-Graduate,Married,170269.0,688,71062.31,0.417,1,Active
LN-105347,2024-12-18,East India,Education Loan,1988626.0,36,12.5,47,Self-Employed,Post-Graduate,Married,94431.0,567,66526.75,0.705,3,Written Off
LN-106033,2024-12-18,East India,Personal Loan,432716.0,24,14.8,33,Salaried,Post-Graduate,Divorced,80461.0,791,20939.85,0.26,0,Active
LN-106394,2024-12-18,East India,Agriculture Loan,734350.0,12,7.56,34,Retired,Graduate,Single,36375.0,655,63730.65,1.752,0,Fully Paid
LN-106735,2024-12-18,West India,Gold Loan,172804.0,24,8.4,37,Salaried,High School,Single,26156.0,684,7847.02,0.3,1,Active
LN-101654,2024-12-19,South India,Gold Loan,657876.0,6,12.82,42,Business Owner,High School,Divorced,45687.0,667,113782.15,2.49,1,Active
LN-103320,2024-12-19,South India,Home Loan,2622218.0,120,8.35,48,Retired,Professional Degree,Single,134820.0,732,32301.76,0.24,1,Active
LN-104297,2024-12-19,South India,Gold Loan,533479.0,12,9.69,33,Unemployed,Graduate,Married,14697.0,674,46824.4,3.186,0,Fully Paid
LN-105548,2024-12-19,West India,Personal Loan,373208.0,36,8.64,43,Salaried,Post-Graduate,Married,92894.0,726,11805.48,0.127,0,Active
LN-105645,2024-12-19,North India,Vehicle Loan,262066.0,36,10.24,38,Salaried,High School,Single,37372.0,742,8485.69,0.227,1,Active
LN-105946,2024-12-19,East India,Home Loan,1831187.0,300,8.68,40,Business Owner,Graduate,Married,69038.0,689,14968.0,0.217,0,Active
LN-100760,2024-12-20,South India,Home Loan,4703840.0,180,10.07,31,Salaried,Graduate,Divorced,40899.0,711,50749.33,1.241,0,Active
LN-100887,2024-12-20,South India,Vehicle Loan,420975.0,36,8.71,31,Salaried,Graduate,Married,61027.0,743,13330.15,0.218,1,Active
LN-103542,2024-12-20,South India,Home Loan,5476185.0,180,8.9,53,Self-Employed,Professional Degree,Divorced,114834.0,740,55217.82,0.481,0,Active
LN-106430,2024-12-20,Central India,Personal Loan,359102.0,24,15.93,38,Self-Employed,Professional Degree,Single,127892.0,693,17570.74,0.137,0,Active
LN-103630,2024-12-21,Central India,Personal Loan,146028.0,24,17.89,37,Salaried,High School,Married,25104.0,702,7282.56,0.29,0,Active
LN-101725,2024-12-22,West India,Education Loan,1666115.0,84,8.1,33,Self-Employed,High School,Married,28598.0,603,26051.51,0.911,1,Active
LN-100915,2024-12-23,North India,Business Loan,4002368.0,36,10.33,27,Retired,Below High School,Divorced,15418.0,645,129766.14,8.417,9,Defaulted
LN-101049,2024-12-23,South India,Personal Loan,279994.0,24,12.24,45,Salaried,High School,Divorced,25416.0,593,13211.69,0.52,7,Defaulted
LN-101147,2024-12-23,North India,Personal Loan,89759.0,24,13.03,30,Self-Employed,Graduate,Divorced,54451.0,575,4268.57,0.078,10,Defaulted
LN-104360,2024-12-23,Central India,Agriculture Loan,380092.0,12,12.84,33,Self-Employed,High School,Married,29098.0,713,33920.26,1.166,0,Fully Paid
LN-105401,2024-12-23,South India,Home Loan,2974158.0,180,8.82,37,Salaried,Graduate,Single,43471.0,592,29848.26,0.687,12,Defaulted
LN-100159,2024-12-24,Central India,Gold Loan,141288.0,24,11.6,34,Salaried,High School,Single,21121.0,670,6624.56,0.314,0,Active
LN-101480,2024-12-24,West India,Personal Loan,112905.0,12,9.33,45,Salaried,Graduate,Single,50206.0,602,9891.0,0.197,3,Active
LN-106867,2024-12-24,Central India,Home Loan,4381549.0,120,10.09,44,Self-Employed,Graduate,Single,49963.0,663,58121.08,1.163,1,Active
LN-102590,2024-12-25,East India,Vehicle Loan,538924.0,36,9.46,33,Salaried,Post-Graduate,Single,110482.0,783,17253.25,0.156,1,Active
LN-104524,2024-12-25,West India,Home Loan,2613808.0,120,9.4,23,Self-Employed,High School,Divorced,26089.0,638,33679.09,1.291,4,Restructured
LN-106869,2024-12-26,North India,Home Loan,3060141.0,300,7.77,44,Self-Employed,High School,Divorced,33581.0,622,23154.32,0.69,3,Active
LN-100687,2024-12-27,Central India,Home Loan,2707980.0,120,17.43,42,Salaried,High School,Divorced,29734.0,750,47804.48,1.608,5,Defaulted
LN-101667,2024-12-27,Central India,Gold Loan,582518.0,6,8.32,40,Retired,Graduate,Married,53222.0,773,99455.86,1.869,0,Fully Paid
LN-105508,2024-12-27,East India,Agriculture Loan,529528.0,24,12.85,35,Salaried,Post-Graduate,Divorced,70444.0,767,25137.43,0.357,0,Active
LN-106650,2024-12-27,East India,Education Loan,1150762.0,36,11.07,28,Retired,Professional Degree,Divorced,94956.0,606,37712.63,0.397,2,Restructured
LN-100739,2024-12-29,West India,Vehicle Loan,842417.0,48,9.66,34,Business Owner,Graduate,Married,65158.0,756,21228.58,0.326,0,Active
LN-102351,2024-12-29,West India,Home Loan,1567228.0,120,16.3,31,Business Owner,Professional Degree,Single,108955.0,604,26546.88,0.244,2,Active
LN-103564,2024-12-29,Central India,Personal Loan,127088.0,36,11.65,39,Unemployed,Post-Graduate,Married,18282.0,478,4199.93,0.23,5,Restructured
LN-104120,2024-12-29,North India,Home Loan,3630472.0,120,12.9,32,Business Owner,Graduate,Single,104422.0,744,53992.92,0.517,0,Active
LN-104761,2024-12-29,North India,Home Loan,5858790.0,180,9.37,21,Self-Employed,High School,Single,29870.0,631,60720.18,2.033,0,Active
LN-105138,2024-12-29,South India,Home Loan,3685038.0,180,9.76,43,Salaried,Graduate,Divorced,71972.0,881,39060.31,0.543,6,Defaulted
LN-105807,2024-12-29,Central India,Business Loan,3492797.0,84,15.87,35,Salaried,Graduate,Married,54916.0,649,69115.8,1.259,2,Active
LN-106744,2024-12-29,East India,Personal Loan,240166.0,36,14.37,21,Retired,Post-Graduate,Married,81333.0,752,8251.53,0.101,0,Active
LN-100612,2024-12-30,East India,Vehicle Loan,470545.0,72,9.33,35,Self-Employed,Graduate,Divorced,51696.0,659,8559.1,0.166,0,Active
LN-104429,2024-12-30,West India,Home Loan,3906367.0,180,17.09,50,Business Owner,Post-Graduate,Married,82581.0,678,60368.5,0.731,0,Active
LN-104872,2024-12-30,East India,Home Loan,5986342.0,300,7.76,46,Salaried,Graduate,Divorced,66184.0,689,45255.87,0.684,0,Active
LN-105512,2024-12-30,Central India,Vehicle Loan,336218.0,60,15.33,29,Salaried,Graduate,Divorced,32025.0,755,8056.96,0.252,1,Active
LN-102719,2024-12-31,South India,Education Loan,404157.0,84,7.89,21,Self-Employed,Below High School,Single,26559.0,618,6277.15,0.236,1,Active
LN-101240,2025-01-01,South India,Personal Loan,211504.0,36,16.48,30,Business Owner,Graduate,Married,59498.0,644,7486.07,0.126,3,Active
LN-102689,2025-01-01,North India,Vehicle Loan,1190373.0,72,15.22,32,Self-Employed,Post-Graduate,Divorced,60723.0,748,25312.89,0.417,1,Active
LN-101766,2025-01-02,East India,Home Loan,2763828.0,120,16.35,42,Retired,Professional Degree,Single,75459.0,708,46902.38,0.622,6,Defaulted
LN-102514,2025-01-02,East India,Home Loan,3718549.0,300,17.5,27,Unemployed,Post-Graduate,Single,22371.0,464,54942.67,2.456,12,Written Off
LN-106509,2025-01-02,North India,Home Loan,3068784.0,180,18.2,23,Business Owner,Post-Graduate,Divorced,116600.0,684,49862.56,0.428,1,Active
LN-100173,2025-01-03,Central India,Home Loan,3422440.0,180,17.54,51,Retired,Graduate,Married,64527.0,685,53986.8,0.837,1,Active
LN-100713,2025-01-03,South India,Vehicle Loan,970967.0,36,14.56,31,Self-Employed,High School,Divorced,34323.0,695,33450.05,0.975,3,Restructured
LN-103154,2025-01-03,West India,Business Loan,3102593.0,36,11.33,55,Salaried,Professional Degree,Divorced,145753.0,699,102060.46,0.7,1,Active
LN-103270,2025-01-03,North India,Gold Loan,520149.0,24,11.68,21,Business Owner,High School,Divorced,34476.0,706,24407.56,0.708,4,Written Off
LN-103721,2025-01-04,North India,Vehicle Loan,575834.0,72,16.18,41,Business Owner,Professional Degree,Single,235363.0,863,12548.04,0.053,0,Active
LN-106539,2025-01-04,South India,Home Loan,4075026.0,180,17.16,51,Salaried,Post-Graduate,Married,70437.0,815,63177.5,0.897,0,Active
LN-101510,2025-01-05,South India,Home Loan,4855911.0,300,15.03,47,Self-Employed,Professional Degree,Single,67273.0,706,62309.04,0.926,0,Active
LN-102654,2025-01-05,South India,Education Loan,847761.0,84,11.53,43,Business Owner,Post-Graduate,Single,117487.0,644,14753.05,0.126,0,Active
LN-103007,2025-01-05,West India,Business Loan,3905231.0,24,17.59,21,Business Owner,Professional Degree,Divorced,214314.0,703,194192.39,0.906,6,Restructured
LN-104984,2025-01-05,East India,Home Loan,5518572.0,240,18.38,31,Business Owner,Post-Graduate,Single,134152.0,738,86786.01,0.647,12,Written Off
LN-105827,2025-01-05,Central India,Education Loan,953902.0,60,12.0,27,Business Owner,Professional Degree,Single,212407.0,788,21219.02,0.1,1,Active
LN-106552,2025-01-05,North India,Gold Loan,534762.0,12,7.91,41,Business Owner,Professional Degree,Married,154975.0,726,46495.86,0.3,0,Fully Paid
LN-105970,2025-01-06,West India,Vehicle Loan,876332.0,60,12.25,34,Self-Employed,High School,Divorced,20483.0,691,19604.41,0.957,6,Restructured
LN-106158,2025-01-06,East India,Education Loan,1798374.0,84,9.6,34,Salaried,Graduate,Married,49513.0,724,29484.77,0.595,5,Written Off
LN-101894,2025-01-07,East India,Business Loan,4646387.0,36,17.23,44,Salaried,Post-Graduate,Divorced,64280.0,663,166188.72,2.585,0,Active
LN-101032,2025-01-08,East India,Business Loan,3383474.0,84,13.39,26,Salaried,Graduate,Married,53035.0,654,62271.69,1.174,10,Defaulted
LN-102034,2025-01-08,South India,Vehicle Loan,905424.0,48,13.46,21,Salaried,Graduate,Single,69340.0,759,24497.48,0.353,0,Active
LN-104400,2025-01-08,West India,Vehicle Loan,637635.0,36,11.07,41,Unemployed,Graduate,Single,13696.0,446,20896.5,1.526,11,Defaulted
LN-105914,2025-01-08,Central India,Gold Loan,727237.0,12,14.88,31,Salaried,High School,Married,28644.0,765,65598.01,2.29,6,Restructured
LN-106213,2025-01-08,South India,Education Loan,1004149.0,84,16.52,23,Retired,High School,Divorced,36823.0,613,20243.01,0.55,0,Active
LN-106944,2025-01-08,Central India,Home Loan,5304968.0,120,11.13,53,Business Owner,Professional Degree,Single,136023.0,770,73466.86,0.54,8,Written Off
LN-100019,2025-01-09,North India,Education Loan,1344159.0,60,12.19,32,Salaried,Post-Graduate,Single,65455.0,749,30029.29,0.459,0,Active
LN-104646,2025-01-09,West India,Agriculture Loan,617094.0,12,15.61,33,Self-Employed,Below High School,Single,28087.0,792,55875.64,1.989,0,Fully Paid
LN-106784,2025-01-09,North India,Business Loan,2503931.0,24,11.7,21,Unemployed,Professional Degree,Single,44689.0,492,117518.24,2.63,11,Defaulted
LN-104200,2025-01-10,South India,Home Loan,4619804.0,240,14.1,45,Salaried,Post-Graduate,Single,75645.0,643,57784.06,0.764,7,Defaulted
LN-100539,2025-01-11,West India,Personal Loan,234480.0,24,13.47,46,Salaried,Graduate,Divorced,32926.0,743,11199.44,0.34,0,Active
LN-100784,2025-01-11,South India,Home Loan,2868734.0,120,14.04,56,Self-Employed,High School,Divorced,22199.0,636,44610.83,2.01,11,Defaulted
LN-101183,2025-01-11,South India,Business Loan,751119.0,84,17.56,31,Salaried,Graduate,Single,40874.0,783,15593.78,0.382,1,Active
LN-102017,2025-01-11,Central India,Business Loan,535231.0,84,11.23,21,Business Owner,Professional Degree,Married,147636.0,706,9229.31,0.063,1,Active
LN-103314,2025-01-11,East India,Home Loan,5834729.0,240,13.83,40,Salaried,Post-Graduate,Single,49246.0,708,71836.79,1.459,1,Active
LN-104001,2025-01-11,West India,Business Loan,4407210.0,36,13.41,21,Self-Employed,Post-Graduate,Single,57319.0,624,149368.16,2.606,4,Written Off
LN-104482,2025-01-11,South India,Gold Loan,308119.0,12,17.97,47,Salaried,High School,Married,19066.0,652,28243.95,1.481,1,Active
LN-104547,2025-01-11,East India,Home Loan,5171356.0,240,9.46,21,Salaried,Graduate,Divorced,40650.0,660,48068.82,1.183,1,Active
LN-106631,2025-01-11,West India,Gold Loan,108231.0,24,17.18,34,Salaried,Professional Degree,Single,112465.0,805,5360.55,0.048,1,Active
LN-100706,2025-01-12,South India,Vehicle Loan,561637.0,48,11.44,49,Self-Employed,Graduate,Married,45278.0,669,14636.1,0.323,0,Active
LN-100892,2025-01-12,East India,Gold Loan,260423.0,6,9.95,37,Business Owner,Below High School,Married,29259.0,687,44672.12,1.527,1,Active
LN-104379,2025-01-12,South India,Personal Loan,394519.0,12,11.84,29,Salaried,Post-Graduate,Married,105979.0,750,35023.01,0.33,0,Fully Paid
LN-103121,2025-01-13,Central India,Business Loan,3791472.0,24,15.0,47,Salaried,Graduate,Married,36999.0,672,183835.77,4.969,10,Defaulted
LN-103190,2025-01-13,South India,Vehicle Loan,636988.0,36,17.95,21,Self-Employed,Graduate,Married,70124.0,622,23012.67,0.328,1,Active
LN-101628,2025-01-14,Central India,Vehicle Loan,615832.0,48,17.88,44,Self-Employed,Post-Graduate,Divorced,84841.0,734,18051.47,0.213,0,Active
LN-103400,2025-01-14,North India,Vehicle Loan,452725.0,72,9.98,33,Salaried,Graduate,Divorced,38763.0,725,8382.54,0.216,1,Active
LN-104032,2025-01-14,West India,Personal Loan,375116.0,36,11.58,28,Salaried,Professional Degree,Single,103934.0,636,12384.1,0.119,0,Active
LN-104346,2025-01-14,West India,Vehicle Loan,1142111.0,36,14.68,34,Salaried,Post-Graduate,Divorced,78539.0,743,39412.91,0.502,0,Active
LN-106088,2025-01-14,East India,Business Loan,889489.0,60,8.13,27,Salaried,Professional Degree,Divorced,132311.0,708,18091.02,0.137,1,Active
LN-106163,2025-01-14,West India,Home Loan,3067909.0,120,14.52,41,Salaried,Graduate,Single,38993.0,682,48598.19,1.246,0,Active
LN-104835,2025-01-15,Central India,Home Loan,4608618.0,120,11.01,34,Self-Employed,Graduate,Divorced,65486.0,673,63509.81,0.97,11,Written Off
LN-105574,2025-01-15,South India,Home Loan,4761838.0,120,18.5,41,Self-Employed,Post-Graduate,Married,58186.0,668,87339.99,1.501,0,Active
LN-105061,2025-01-16,South India,Personal Loan,451483.0,48,10.82,35,Business Owner,Professional Degree,Divorced,186993.0,828,11629.39,0.062,1,Active
LN-100303,2025-01-17,North India,Business Loan,2705378.0,60,18.5,28,Self-Employed,Graduate,Married,51134.0,650,69436.8,1.358,0,Active
LN-106651,2025-01-18,East India,Agriculture Loan,563467.0,24,11.8,39,Salaried,Below High School,Divorced,26801.0,705,26471.75,0.988,5,Restructured
LN-101325,2025-01-19,West India,Gold Loan,123054.0,12,13.7,29,Salaried,Graduate,Divorced,71788.0,719,11031.3,0.154,0,Fully Paid
LN-101976,2025-01-19,Central India,Vehicle Loan,720958.0,60,15.3,43,Unemployed,Graduate,Single,18715.0,506,17265.28,0.923,9,Defaulted
LN-102141,2025-01-19,West India,Personal Loan,163610.0,48,10.88,36,Salaried,Graduate,Married,36881.0,673,4219.06,0.114,1,Active
LN-106277,2025-01-19,North India,Gold Loan,287894.0,12,8.0,21,Salaried,Post-Graduate,Single,100078.0,783,25043.45,0.25,0,Fully Paid
LN-100183,2025-01-20,East India,Personal Loan,213365.0,24,12.82,32,Retired,Graduate,Divorced,56612.0,629,10125.73,0.179,2,Active
LN-101345,2025-01-20,North India,Home Loan,3599407.0,120,10.08,46,Unemployed,High School,Divorced,7903.0,573,47726.03,6.039,8,Defaulted
LN-102467,2025-01-20,South India,Gold Loan,289032.0,6,9.48,41,Salaried,Graduate,Married,54203.0,623,49512.69,0.913,0,Fully Paid
LN-103965,2025-01-20,Central India,Vehicle Loan,239659.0,48,10.39,42,Self-Employed,Post-Graduate,Married,51537.0,712,6123.36,0.119,0,Active
LN-105105,2025-01-20,North India,Home Loan,3681360.0,120,8.78,39,Salaried,High School,Single,32129.0,759,46196.73,1.438,1,Active
LN-105954,2025-01-20,North India,Personal Loan,289171.0,24,7.63,48,Business Owner,Graduate,Single,107424.0,667,13029.68,0.121,0,Active
LN-102173,2025-01-21,West India,Home Loan,3989714.0,120,16.43,37,Self-Employed,Post-Graduate,Married,52045.0,663,67905.98,1.305,0,Active
LN-103290,2025-01-21,North India,Personal Loan,294513.0,48,14.39,36,Salaried,High School,Divorced,29124.0,693,8105.74,0.278,0,Active
LN-103421,2025-01-21,South India,Education Loan,1688044.0,36,9.06,51,Salaried,High School,Single,29171.0,731,53726.5,1.842,1,Active
LN-103604,2025-01-21,East India,Vehicle Loan,686529.0,36,12.06,47,Retired,Graduate,Married,56230.0,648,22822.27,0.406,2,Active
LN-105780,2025-01-21,Central India,Personal Loan,345550.0,12,11.12,35,Salaried,High School,Married,34822.0,627,30559.63,0.878,0,Active
LN-100074,2025-01-22,East India,Home Loan,4419312.0,300,14.59,30,Business Owner,High School,Divorced,46476.0,738,55201.8,1.188,1,Active
LN-100307,2025-01-22,East India,Business Loan,3889056.0,84,14.54,61,Salaried,Graduate,Divorced,52860.0,606,74046.0,1.401,0,Active
LN-100581,2025-01-22,East India,Education Loan,320453.0,120,9.93,25,Salaried,Post-Graduate,Married,84238.0,703,4222.4,0.05,0,Active
LN-101170,2025-01-22,South India,Business Loan,3286157.0,60,14.98,28,Salaried,Graduate,Single,44218.0,736,78142.95,1.767,0,Active
LN-102057,2025-01-22,South India,Home Loan,1812615.0,240,15.57,40,Retired,High School,Single,21305.0,682,24635.19,1.156,0,Active
LN-103636,2025-01-22,North India,Education Loan,812476.0,36,9.36,53,Salaried,Graduate,Married,52761.0,614,25972.86,0.492,0,Active
LN-104507,2025-01-22,Central India,Vehicle Loan,566458.0,36,16.42,55,Business Owner,Graduate,Married,74590.0,659,20032.64,0.269,1,Active
LN-104540,2025-01-22,West India,Business Loan,2418904.0,60,9.52,47,Self-Employed,Post-Graduate,Married,90635.0,747,50825.13,0.561,1,Active
LN-104926,2025-01-22,Central India,Personal Loan,296313.0,24,12.45,36,Salaried,Post-Graduate,Single,75979.0,710,14010.83,0.184,0,Active
LN-100875,2025-01-23,West India,Home Loan,4516045.0,180,17.05,31,Retired,Professional Degree,Single,118289.0,624,69662.22,0.589,0,Active
LN-106629,2025-01-23,South India,Personal Loan,81746.0,48,11.72,44,Business Owner,Graduate,Divorced,85242.0,750,2141.46,0.025,0,Active
LN-100339,2025-01-24,Central India,Home Loan,4028961.0,300,16.11,36,Unemployed,Graduate,Divorced,19928.0,526,55097.23,2.765,3,Active
LN-102674,2025-01-24,East India,Vehicle Loan,980851.0,60,8.56,59,Salaried,High School,Divorced,33221.0,798,20152.04,0.607,1,Active
LN-105935,2025-01-24,North India,Gold Loan,123750.0,6,13.35,47,Retired,Graduate,Married,70735.0,669,21435.49,0.303,0,Fully Paid
LN-106640,2025-01-24,Central India,Home Loan,5951081.0,180,15.38,42,Salaried,Graduate,Single,41125.0,694,84844.87,2.063,1,Active
LN-102070,2025-01-25,North India,Vehicle Loan,493970.0,36,16.72,21,Salaried,Graduate,Divorced,36959.0,756,17542.62,0.475,1,Active
LN-102750,2025-01-25,Central India,Business Loan,1801366.0,60,18.22,34,Salaried,Professional Degree,Married,138801.0,735,45958.72,0.331,1,Active
LN-104292,2025-01-25,Central India,Vehicle Loan,1069178.0,48,12.18,47,Salaried,Graduate,Married,41941.0,644,28250.14,0.674,1,Active
LN-104565,2025-01-25,South India,Personal Loan,122879.0,24,9.39,28,Business Owner,High School,Single,28891.0,635,5635.71,0.195,1,Active
LN-104709,2025-01-25,South India,Vehicle Loan,242118.0,72,9.69,34,Salaried,Below High School,Married,20267.0,766,4447.68,0.219,1,Active
LN-105566,2025-01-25,East India,Home Loan,5633752.0,120,17.75,34,Salaried,High School,Married,17932.0,650,100606.89,5.61,2,Restructured
LN-106335,2025-01-25,North India,Personal Loan,480248.0,48,8.98,37,Salaried,Graduate,Single,40612.0,621,11946.43,0.294,2,Active
LN-102677,2025-01-26,South India,Personal Loan,68149.0,12,15.04,52,Salaried,High School,Married,36429.0,671,6152.3,0.169,0,Fully Paid
LN-104030,2025-01-26,West India,Home Loan,4212004.0,300,7.72,41,Retired,Professional Degree,Married,100957.0,592,31731.56,0.314,1,Active
LN-104205,2025-01-26,North India,Personal Loan,466303.0,48,12.83,21,Self-Employed,Graduate,Single,34691.0,686,12470.43,0.359,1,Active
LN-101719,2025-01-27,West India,Personal Loan,197301.0,24,14.66,39,Salaried,Graduate,Single,50190.0,747,9534.62,0.19,0,Active
LN-103908,2025-01-27,North India,Education Loan,1166993.0,60,17.02,58,Salaried,Graduate,Divorced,37245.0,738,29015.33,0.779,5,Defaulted
LN-104251,2025-01-27,North India,Personal Loan,147599.0,24,15.94,56,Business Owner,Graduate,Married,60642.0,748,7222.68,0.119,1,Active
LN-104280,2025-01-27,Central India,Home Loan,2144973.0,300,9.77,43,Unemployed,Graduate,Divorced,15013.0,449,19144.7,1.275,0,Active
LN-100583,2025-01-28,East India,Home Loan,5241226.0,240,11.62,37,Self-Employed,Graduate,Single,62917.0,509,56327.98,0.895,6,Written Off
LN-104971,2025-01-28,Central India,Home Loan,1959397.0,240,13.2,45,Self-Employed,Graduate,Single,48803.0,592,23235.56,0.476,1,Active
LN-106168,2025-01-28,Central India,Home Loan,3019095.0,240,13.69,47,Self-Employed,Professional Degree,Single,103969.0,642,36865.27,0.355,1,Active
LN-100175,2025-01-29,East India,Business Loan,2005402.0,24,9.99,25,Self-Employed,Below High School,Married,22173.0,621,92529.87,4.173,7,Defaulted
LN-102901,2025-01-29,East India,Vehicle Loan,1187984.0,60,17.22,39,Salaried,Graduate,Divorced,68271.0,795,29665.17,0.435,1,Active
LN-103128,2025-01-29,West India,Gold Loan,764978.0,12,13.49,21,Self-Employed,Graduate,Divorced,33402.0,668,68501.74,2.051,0,Active
LN-101611,2025-01-30,Central India,Gold Loan,437417.0,6,12.68,21,Self-Employed,High School,Single,28703.0,609,75622.64,2.635,0,Active
LN-103548,2025-01-30,East India,Home Loan,2790611.0,300,10.18,21,Salaried,High School,Married,36962.0,708,25713.26,0.696,0,Active
LN-103884,2025-01-30,West India,Home Loan,2799097.0,240,15.31,24,Salaried,High School,Married,22193.0,644,37500.95,1.69,3,Active
LN-104218,2025-01-30,North India,Agriculture Loan,202432.0,24,15.66,36,Business Owner,Graduate,Married,93433.0,737,9878.85,0.106,1,Active
LN-106480,2025-01-30,North India,Personal Loan,90865.0,48,10.75,44,Retired,Graduate,Married,71657.0,616,2337.44,0.033,3,Restructured
LN-103715,2025-01-31,North India,Vehicle Loan,696455.0,60,8.78,38,Business Owner,Below High School,Divorced,19058.0,667,14383.01,0.755,10,Defaulted
LN-104071,2025-01-31,Central India,Agriculture Loan,709842.0,36,7.93,21,Business Owner,Below High School,Married,32673.0,616,22220.95,0.68,5,Written Off
LN-105373,2025-01-31,North India,Education Loan,1523915.0,84,14.51,39,Self-Employed,Graduate,Single,70329.0,755,28989.24,0.412,0,Active
LN-106349,2025-01-31,North India,Personal Loan,338978.0,48,12.52,36,Self-Employed,Professional Degree,Married,132404.0,735,9013.38,0.068,0,Active
LN-106380,2025-01-31,North India,Agriculture Loan,907484.0,24,17.89,32,Retired,High School,Single,23352.0,710,45257.11,1.938,0,Active
LN-102635,2025-02-01,Central India,Education Loan,1055744.0,120,14.64,37,Salaried,High School,Divorced,23290.0,690,16800.85,0.721,8,Written Off
LN-105535,2025-02-01,East India,Home Loan,5801397.0,240,17.93,30,Salaried,Professional Degree,Divorced,75566.0,716,89221.22,1.181,0,Active
LN-106027,2025-02-01,Central India,Home Loan,3372822.0,300,8.53,33,Self-Employed,Graduate,Single,42961.0,710,27227.1,0.634,0,Active
LN-106046,2025-02-01,Central India,Home Loan,5846917.0,120,11.59,21,Self-Employed,High School,Married,21370.0,670,82506.33,3.861,1,Active
LN-102572,2025-02-02,South India,Personal Loan,102099.0,36,13.56,37,Salaried,Graduate,Married,47281.0,766,3467.72,0.073,1,Active
LN-103980,2025-02-02,North India,Home Loan,2641223.0,240,15.32,22,Self-Employed,High School,Divorced,35597.0,655,35405.45,0.995,1,Active
LN-104413,2025-02-02,West India,Vehicle Loan,261806.0,60,15.56,30,Business Owner,High School,Married,30174.0,746,6305.57,0.209,1,Active
LN-100133,2025-02-03,South India,Home Loan,4556871.0,300,12.31,21,Unemployed,Graduate,Married,17605.0,508,49041.14,2.786,4,Defaulted
LN-101217,2025-02-03,Central India,Vehicle Loan,740035.0,72,10.04,34,Unemployed,Professional Degree,Married,28359.0,492,13724.7,0.484,7,Defaulted
LN-102961,2025-02-03,Central India,Personal Loan,99912.0,48,14.73,33,Business Owner,Below High School,Divorced,19203.0,673,2766.97,0.144,0,Active
LN-104159,2025-02-03,East India,Gold Loan,466236.0,6,18.04,47,Self-Employed,Post-Graduate,Divorced,89057.0,666,81845.46,0.919,0,Fully Paid
LN-101729,2025-02-04,Central India,Vehicle Loan,227613.0,36,10.72,32,Self-Employed,High School,Married,25335.0,572,7421.61,0.293,12,Written Off
LN-103065,2025-02-04,East India,Agriculture Loan,785769.0,24,10.38,29,Unemployed,Graduate,Married,9954.0,627,36397.22,3.657,9,Written Off
LN-103879,2025-02-04,Central India,Home Loan,4506210.0,240,16.53,49,Salaried,High School,Married,35471.0,684,64491.42,1.818,0,Active
LN-105384,2025-02-04,West India,Vehicle Loan,854712.0,48,15.8,44,Unemployed,Graduate,Married,13444.0,531,24135.32,1.795,3,Defaulted
LN-105995,2025-02-04,West India,Home Loan,5866772.0,120,8.38,32,Salaried,Graduate,Divorced,68053.0,659,72363.59,1.063,5,Written Off
LN-106896,2025-02-04,North India,Gold Loan,691889.0,12,17.1,42,Salaried,Graduate,Single,43973.0,650,63136.4,1.436,4,Defaulted
LN-101630,2025-02-05,Central India,Education Loan,1409537.0,84,17.3,41,Salaried,Professional Degree,Divorced,115848.0,715,29049.92,0.251,1,Active
LN-105343,2025-02-05,North India,Home Loan,2789336.0,120,15.8,25,Unemployed,High School,Divorced,10780.0,452,46377.98,4.302,5,Restructured
LN-106934,2025-02-05,West India,Business Loan,4873648.0,60,14.23,35,Salaried,Graduate,Single,40993.0,664,113983.24,2.781,1,Active
LN-100474,2025-02-06,North India,Gold Loan,513275.0,24,9.32,37,Salaried,Graduate,Divorced,57482.0,627,23524.27,0.409,6,Restructured
LN-102833,2025-02-06,East India,Gold Loan,333254.0,12,15.21,23,Unemployed,High School,Divorced,6886.0,523,30111.98,4.373,12,Defaulted
LN-106589,2025-02-06,East India,Education Loan,1777370.0,84,14.51,29,Business Owner,Graduate,Married,83978.0,776,33810.68,0.403,0,Active
LN-102325,2025-02-07,North India,Vehicle Loan,326378.0,60,17.0,66,Self-Employed,Post-Graduate,Divorced,62895.0,717,8111.33,0.129,0,Active
LN-102614,2025-02-07,East India,Business Loan,4751171.0,36,16.1,43,Salaried,Graduate,Married,63103.0,745,167271.74,2.651,1,Active
LN-102893,2025-02-08,East India,Agriculture Loan,537221.0,36,10.33,40,Salaried,Graduate,Single,55719.0,716,17417.96,0.313,0,Active
LN-104283,2025-02-08,West India,Home Loan,3000682.0,300,13.62,29,Salaried,Professional Degree,Single,97930.0,680,35250.98,0.36,1,Active
LN-104478,2025-02-08,East India,Vehicle Loan,331301.0,72,18.21,36,Salaried,Professional Degree,Divorced,142815.0,801,7595.63,0.053,1,Active
LN-100595,2025-02-09,West India,Personal Loan,152318.0,48,17.02,30,Salaried,Graduate,Married,66314.0,828,4396.72,0.066,0,Active
LN-101727,2025-02-09,Central India,Vehicle Loan,381937.0,36,16.02,47,Salaried,Professional Degree,Single,150854.0,728,13431.54,0.089,0,Active
LN-102630,2025-02-09,South India,Education Loan,1895596.0,120,14.85,21,Salaried,Professional Degree,Divorced,126048.0,661,30408.7,0.241,1,Active
LN-105895,2025-02-09,West India,Vehicle Loan,566575.0,72,9.44,34,Self-Employed,Graduate,Married,63821.0,672,10336.98,0.162,1,Active
LN-106760,2025-02-09,East India,Vehicle Loan,992516.0,48,9.28,37,Salaried,Professional Degree,Single,96085.0,625,24830.97,0.258,1,Active
LN-102271,2025-02-10,South India,Business Loan,3717993.0,24,12.56,46,Salaried,Graduate,Married,51385.0,685,175992.74,3.425,1,Active
LN-103136,2025-02-10,South India,Business Loan,3169434.0,84,11.66,41,Salaried,Post-Graduate,Married,83943.0,747,55374.53,0.66,0,Active
LN-104755,2025-02-10,West India,Personal Loan,453849.0,36,9.5,37,Retired,Graduate,Divorced,50115.0,542,14538.12,0.29,1,Active
LN-106406,2025-02-10,East India,Vehicle Loan,814415.0,72,14.7,46,Self-Employed,Post-Graduate,Divorced,77044.0,688,17088.41,0.222,1,Active
LN-104238,2025-02-11,West India,Vehicle Loan,530980.0,36,17.12,27,Business Owner,Graduate,Single,111129.0,745,18962.61,0.171,1,Active
LN-102519,2025-02-12,North India,Home Loan,2230414.0,300,12.81,49,Retired,Professional Degree,Married,151306.0,661,24836.83,0.164,1,Active
LN-105145,2025-02-12,West India,Business Loan,2865761.0,24,9.37,36,Salaried,Professional Degree,Divorced,71198.0,745,131408.59,1.846,0,Active
LN-105167,2025-02-12,East India,Home Loan,3558356.0,120,12.57,34,Self-Employed,Professional Degree,Married,67247.0,706,52231.42,0.777,0,Active
LN-106401,2025-02-12,North India,Business Loan,774913.0,24,9.6,42,Self-Employed,Professional Degree,Divorced,116510.0,720,35615.41,0.306,0,Active
LN-106641,2025-02-12,East India,Personal Loan,80876.0,36,9.17,21,Salaried,High School,Married,28568.0,682,2578.24,0.09,1,Active
LN-101721,2025-02-13,Central India,Business Loan,2689822.0,84,16.16,21,Salaried,Post-Graduate,Single,91465.0,737,53670.82,0.587,0,Active
LN-102187,2025-02-14,East India,Business Loan,2154890.0,60,10.97,22,Salaried,Graduate,Single,64238.0,705,46820.3,0.729,0,Active
LN-102809,2025-02-14,South India,Personal Loan,354888.0,24,13.65,39,Salaried,Post-Graduate,Single,74097.0,720,16980.58,0.229,1,Active
LN-103598,2025-02-14,East India,Vehicle Loan,927491.0,60,7.66,39,Salaried,Professional Degree,Single,108784.0,675,18655.62,0.171,1,Active
LN-103066,2025-02-15,West India,Home Loan,2388595.0,120,13.85,29,Salaried,Post-Graduate,Single,94513.0,700,36871.74,0.39,1,Active
LN-104877,2025-02-15,North India,Business Loan,698108.0,24,15.77,23,Salaried,Below High School,Divorced,24819.0,653,34104.87,1.374,0,Active
LN-106199,2025-02-15,West India,Vehicle Loan,1043295.0,72,12.13,34,Salaried,High School,Married,33348.0,704,20467.22,0.614,1,Active
LN-101125,2025-02-16,North India,Home Loan,5685741.0,120,18.22,24,Salaried,High School,Married,35956.0,639,103255.3,2.872,2,Active
LN-103458,2025-02-16,South India,Home Loan,1583184.0,240,14.79,37,Unemployed,Graduate,Married,21040.0,512,20601.97,0.979,11,Defaulted
LN-101116,2025-02-17,West India,Business Loan,1191236.0,36,13.21,57,Retired,Post-Graduate,Divorced,100172.0,621,40258.05,0.402,10,Defaulted
LN-102195,2025-02-17,South India,Education Loan,1894351.0,60,9.27,29,Salaried,Graduate,Married,57683.0,624,39572.31,0.686,3,Active
LN-103281,2025-02-17,West India,Home Loan,2113366.0,240,9.97,31,Salaried,Graduate,Married,69962.0,718,20352.45,0.291,0,Active
LN-106422,2025-02-17,East India,Vehicle Loan,1135117.0,72,17.22,58,Self-Employed,Post-Graduate,Divorced,68009.0,643,25391.51,0.373,3,Defaulted
LN-100367,2025-02-18,North India,Home Loan,3848703.0,240,13.3,55,Salaried,Graduate,Divorced,55167.0,748,45915.51,0.832,0,Active
LN-102521,2025-02-18,West India,Home Loan,3203488.0,300,13.98,43,Business Owner,High School,Single,38565.0,618,38513.32,0.999,1,Active
LN-104323,2025-02-18,West India,Business Loan,1462584.0,24,9.06,45,Salaried,Graduate,Single,65976.0,705,66858.04,1.013,11,Defaulted
LN-104494,2025-02-18,South India,Agriculture Loan,655270.0,12,13.63,47,Self-Employed,High School,Single,38541.0,728,58720.79,1.524,0,Fully Paid
LN-105413,2025-02-18,North India,Education Loan,284120.0,84,13.04,42,Business Owner,Professional Degree,Married,96341.0,670,5174.88,0.054,0,Active
LN-106369,2025-02-18,South India,Education Loan,535765.0,60,9.53,21,Salaried,High School,Divorced,19740.0,605,11259.92,0.57,3,Active
LN-103375,2025-02-19,North India,Business Loan,753967.0,24,7.86,28,Salaried,Post-Graduate,Single,110036.0,657,34051.76,0.309,0,Active
LN-102544,2025-02-20,West India,Vehicle Loan,704239.0,36,11.69,21,Business Owner,High School,Married,40990.0,628,23286.68,0.568,8,Written Off
LN-105539,2025-02-20,Central India,Business Loan,4370361.0,36,13.7,34,Business Owner,Graduate,Single,51195.0,637,148732.58,2.905,0,Active
LN-101350,2025-02-21,West India,Business Loan,1499800.0,36,17.16,40,Salaried,Post-Graduate,Married,66267.0,622,53591.47,0.809,0,Active
LN-101712,2025-02-21,West India,Education Loan,1470711.0,120,17.37,41,Retired,High School,Single,19392.0,608,25906.46,1.336,0,Active
LN-105140,2025-02-21,East India,Business Loan,4583531.0,60,12.42,45,Salaried,High School,Married,21435.0,750,102933.59,4.802,0,Active
LN-101309,2025-02-22,North India,Home Loan,4460502.0,240,11.22,36,Self-Employed,Graduate,Married,58180.0,677,46710.48,0.803,1,Active
LN-101516,2025-02-22,Central India,Vehicle Loan,419618.0,36,15.38,47,Retired,High School,Married,32227.0,602,14624.4,0.454,1,Active
LN-102111,2025-02-22,Central India,Agriculture Loan,741802.0,12,11.47,37,Salaried,Post-Graduate,Divorced,64225.0,759,65724.43,1.023,3,Written Off
LN-103088,2025-02-22,West India,Personal Loan,299179.0,24,9.86,35,Self-Employed,Post-Graduate,Married,110798.0,633,13786.27,0.124,1,Active
LN-103552,2025-02-22,East India,Vehicle Loan,674398.0,36,14.65,21,Salaried,Professional Degree,Divorced,80015.0,697,23262.8,0.291,1,Active
LN-106133,2025-02-22,South India,Personal Loan,470208.0,36,13.77,42,Salaried,High School,Single,21480.0,724,16018.12,0.746,1,Active
LN-106388,2025-02-22,East India,Vehicle Loan,308965.0,36,11.97,31,Salaried,High School,Married,28090.0,659,10257.63,0.365,0,Active
LN-100654,2025-02-23,West India,Business Loan,620051.0,84,10.92,52,Salaried,Post-Graduate,Divorced,80397.0,681,10590.72,0.132,1,Active
LN-101311,2025-02-23,East India,Personal Loan,234282.0,12,8.26,21,Business Owner,Below High School,Single,25410.0,632,20408.0,0.803,0,Fully Paid
LN-102485,2025-02-23,West India,Home Loan,3261393.0,300,13.05,47,Salaried,Below High School,Divorced,17205.0,686,36905.98,2.145,0,Active
LN-104257,2025-02-23,Central India,Home Loan,4889012.0,120,12.91,29,Self-Employed,Professional Degree,Divorced,69574.0,649,72738.9,1.045,2,Active
LN-105828,2025-02-23,South India,Vehicle Loan,515233.0,48,7.88,48,Salaried,Graduate,Divorced,32051.0,691,12549.34,0.392,1,Active
LN-106486,2025-02-23,East India,Home Loan,4012314.0,300,11.89,22,Retired,Post-Graduate,Divorced,101385.0,715,41932.89,0.414,1,Active
LN-102838,2025-02-24,East India,Business Loan,4623030.0,36,8.39,49,Business Owner,Graduate,Divorced,62795.0,723,145702.15,2.32,1,Active
LN-104025,2025-02-24,South India,Agriculture Loan,811449.0,24,9.22,39,Salaried,Graduate,Divorced,41327.0,778,37152.8,0.899,1,Active
LN-104439,2025-02-24,North India,Home Loan,2693978.0,300,12.72,69,Retired,Graduate,Single,56176.0,621,29817.05,0.531,9,Defaulted
LN-101362,2025-02-25,Central India,Education Loan,453847.0,84,11.52,38,Salaried,High School,Divorced,33488.0,663,7895.61,0.236,1,Active
LN-102214,2025-02-25,North India,Education Loan,1970726.0,84,10.52,23,Business Owner,Graduate,Single,93625.0,703,33248.32,0.355,0,Active
LN-102597,2025-02-25,North India,Personal Loan,347450.0,36,8.94,44,Business Owner,High School,Married,39013.0,709,11039.12,0.283,1,Active
LN-103492,2025-02-25,Central India,Home Loan,4117566.0,180,8.63,31,Business Owner,Professional Degree,Single,205872.0,634,40861.68,0.198,3,Active
LN-106348,2025-02-25,South India,Home Loan,5692827.0,120,8.38,38,Salaried,Professional Degree,Divorced,125734.0,602,70218.07,0.558,1,Active
LN-103051,2025-02-26,Central India,Personal Loan,246442.0,12,9.78,48,Salaried,High School,Married,37717.0,729,21640.96,0.574,0,Fully Paid
LN-101953,2025-02-27,East India,Home Loan,2320882.0,300,12.68,21,Salaried,Graduate,Married,39678.0,647,25618.08,0.646,2,Active
LN-105378,2025-02-27,Central India,Education Loan,1275399.0,84,16.94,21,Salaried,Post-Graduate,Divorced,76598.0,742,26019.6,0.34,1,Active
LN-100785,2025-02-28,South India,Personal Loan,235814.0,24,15.27,36,Salaried,Below High School,Single,14994.0,668,11464.1,0.765,4,Written Off
LN-102871,2025-02-28,East India,Business Loan,4699759.0,36,11.91,48,Business Owner,Post-Graduate,Married,121813.0,699,155897.31,1.28,1,Active
LN-103748,2025-02-28,West India,Vehicle Loan,296334.0,60,14.44,21,Salaried,Graduate,Divorced,39904.0,532,6962.96,0.174,3,Active
LN-100127,2025-03-01,North India,Vehicle Loan,897151.0,60,13.94,23,Salaried,Post-Graduate,Married,65585.0,630,20847.24,0.318,0,Active
LN-100445,2025-03-01,Central India,Home Loan,5760946.0,300,13.87,41,Retired,High School,Single,39006.0,576,68775.47,1.763,0,Active
LN-101570,2025-03-01,Central India,Education Loan,745231.0,60,15.89,43,Salaried,Graduate,Divorced,43853.0,668,18079.04,0.412,0,Active
LN-102213,2025-03-01,Central India,Personal Loan,110675.0,12,8.69,41,Salaried,Graduate,Divorced,44081.0,693,9662.79,0.219,0,Fully Paid
LN-103006,2025-03-01,North India,Agriculture Loan,831830.0,24,18.05,39,Retired,Graduate,Single,41781.0,654,41548.46,0.994,3,Defaulted
LN-100144,2025-03-02,West India,Agriculture Loan,858271.0,12,14.45,52,Business Owner,Professional Degree,Divorced,102987.0,765,77243.52,0.75,1,Active
LN-104115,2025-03-02,East India,Personal Loan,377858.0,48,13.72,23,Self-Employed,High School,Married,30502.0,602,10272.53,0.337,4,Written Off
LN-105226,2025-03-03,East India,Vehicle Loan,320410.0,36,14.08,50,Business Owner,Professional Degree,Divorced,196183.0,711,10963.31,0.056,0,Active
LN-101356,2025-03-04,South India,Education Loan,1798794.0,120,11.68,21,Salaried,Post-Graduate,Married,51425.0,691,25475.81,0.495,0,Active
LN-101565,2025-03-04,East India,Education Loan,1963268.0,120,12.95,44,Self-Employed,Graduate,Divorced,56524.0,580,29255.83,0.518,0,Active
LN-101777,2025-03-04,Central India,Gold Loan,372595.0,24,14.69,42,Retired,High School,Single,39542.0,656,18011.05,0.455,1,Active
LN-101814,2025-03-04,West India,Home Loan,2929825.0,120,17.83,47,Salaried,High School,Single,22885.0,571,52470.88,2.293,5,Defaulted
LN-104615,2025-03-04,North India,Home Loan,4633988.0,300,16.02,33,Salaried,Graduate,Divorced,64694.0,812,63043.51,0.974,1,Active
LN-105735,2025-03-04,South India,Home Loan,2541798.0,300,16.37,32,Retired,Professional Degree,Divorced,121641.0,684,35279.97,0.29,0,Active
LN-100328,2025-03-05,South India,Vehicle Loan,761694.0,72,16.82,21,Salaried,High School,Divorced,37819.0,680,16868.33,0.446,0,Active
LN-103055,2025-03-05,South India,Business Loan,4790017.0,60,16.21,52,Business Owner,Post-Graduate,Single,103214.0,754,117019.05,1.134,0,Active
LN-103206,2025-03-05,West India,Home Loan,1595957.0,120,11.81,42,Salaried,High School,Single,35500.0,737,22722.4,0.64,4,Restructured
LN-103449,2025-03-05,North India,Vehicle Loan,394968.0,36,17.72,37,Self-Employed,Graduate,Divorced,43486.0,686,14223.62,0.327,0,Active
LN-106028,2025-03-05,South India,Personal Loan,264247.0,48,15.25,45,Self-Employed,Graduate,Married,70803.0,667,7387.72,0.104,0,Active
LN-106635,2025-03-05,North India,Vehicle Loan,768165.0,48,10.47,25,Retired,Post-Graduate,Married,90499.0,673,19656.49,0.217,0,Active
LN-100166,2025-03-06,South India,Business Loan,2278422.0,84,9.51,42,Salaried,Graduate,Single,46039.0,751,37250.16,0.809,10,Defaulted
LN-100940,2025-03-06,East India,Business Loan,3356909.0,84,10.6,36,Retired,Professional Degree,Married,88579.0,675,56774.88,0.641,0,Active
LN-101886,2025-03-06,Central India,Vehicle Loan,309844.0,48,8.94,31,Business Owner,Professional Degree,Divorced,196037.0,698,7701.66,0.039,0,Active
LN-102967,2025-03-07,South India,Personal Loan,72473.0,36,8.71,51,Business Owner,High School,Single,38566.0,617,2294.85,0.06,2,Active
LN-103850,2025-03-07,South India,Business Loan,3275567.0,24,8.07,37,Self-Employed,High School,Married,18257.0,669,148249.62,8.12,0,Active
LN-104361,2025-03-07,West India,Home Loan,5679243.0,120,11.79,29,Salaried,High School,Married,39020.0,711,80792.68,2.071,0,Active
LN-104995,2025-03-07,Central India,Home Loan,5192621.0,240,14.36,27,Business Owner,Post-Graduate,Married,127931.0,699,65933.4,0.515,1,Active
LN-100034,2025-03-08,North India,Home Loan,3852529.0,180,15.1,29,Business Owner,Graduate,Married,45392.0,762,54183.61,1.194,1,Active
LN-100433,2025-03-08,Central India,Business Loan,2744187.0,60,11.43,38,Business Owner,Post-Graduate,Single,102064.0,785,60255.44,0.59,0,Active
LN-101000,2025-03-08,East India,Home Loan,5616972.0,180,18.49,47,Salaried,Graduate,Divorced,53569.0,623,92444.06,1.726,0,Active
LN-100992,2025-03-09,East India,Agriculture Loan,868951.0,36,8.01,25,Salaried,High School,Single,24040.0,686,27233.77,1.133,9,Defaulted
LN-102334,2025-03-09,North India,Education Loan,1549904.0,60,9.25,31,Salaried,High School,Divorced,37319.0,722,32361.84,0.867,0,Active
LN-103153,2025-03-09,East India,Education Loan,342175.0,60,12.99,36,Self-Employed,Post-Graduate,Married,90011.0,647,7783.78,0.086,10,Defaulted
LN-103574,2025-03-09,East India,Personal Loan,310116.0,12,9.83,42,Unemployed,Graduate,Divorced,15834.0,653,27239.61,1.72,0,Fully Paid
LN-106931,2025-03-09,West India,Business Loan,2722336.0,24,14.22,22,Salaried,Professional Degree,Single,135247.0,685,130990.31,0.969,3,Restructured
LN-100470,2025-03-10,South India,Home Loan,5997072.0,180,14.68,48,Business Owner,High School,Single,37693.0,675,82623.75,2.192,0,Active
LN-100862,2025-03-10,East India,Personal Loan,267992.0,12,11.04,23,Business Owner,Professional Degree,Divorced,215823.0,640,23690.58,0.11,2,Active
LN-104767,2025-03-10,North India,Education Loan,1242718.0,120,17.61,36,Self-Employed,Professional Degree,Divorced,100813.0,567,22080.86,0.219,11,Defaulted
LN-104804,2025-03-10,East India,Business Loan,3315052.0,60,12.6,28,Business Owner,Post-Graduate,Single,170834.0,697,74750.56,0.438,0,Active
LN-101286,2025-03-11,West India,Vehicle Loan,497589.0,72,18.45,27,Self-Employed,Professional Degree,Married,139238.0,728,11475.85,0.082,1,Active
LN-102613,2025-03-11,South India,Education Loan,1349138.0,120,7.59,54,Self-Employed,Professional Degree,Married,144386.0,643,16077.95,0.111,3,Active
LN-104752,2025-03-11,East India,Personal Loan,292234.0,24,13.72,45,Salaried,Professional Degree,Single,132340.0,637,13992.37,0.106,3,Defaulted
LN-106119,2025-03-11,South India,Home Loan,4873189.0,180,8.96,55,Salaried,Graduate,Married,71486.0,641,49311.24,0.69,7,Defaulted
LN-106911,2025-03-11,South India,Personal Loan,398482.0,36,14.6,46,Self-Employed,High School,Divorced,20964.0,621,13735.58,0.655,1,Active
LN-102671,2025-03-12,North India,Home Loan,4743482.0,240,9.5,43,Salaried,Graduate,Single,60231.0,674,44215.48,0.734,0,Active
LN-103424,2025-03-12,West India,Personal Loan,110789.0,48,9.19,33,Salaried,High School,Single,27794.0,762,2767.0,0.1,0,Active
LN-104490,2025-03-12,North India,Home Loan,4408496.0,120,13.87,39,Salaried,Post-Graduate,Married,67481.0,788,68104.98,1.009,0,Active
LN-105777,2025-03-12,East India,Personal Loan,421690.0,12,10.01,37,Unemployed,Professional Degree,Divorced,25300.0,589,37075.21,1.465,10,Defaulted
LN-100452,2025-03-13,North India,Gold Loan,367260.0,24,9.06,44,Business Owner,Graduate,Married,67801.0,719,16788.29,0.248,0,Active
LN-101981,2025-03-13,Central India,Personal Loan,286027.0,12,11.74,56,Salaried,Post-Graduate,Married,79604.0,743,25378.38,0.319,0,Fully Paid
LN-103411,2025-03-13,Central India,Gold Loan,650553.0,6,16.1,25,Self-Employed,Graduate,Divorced,56556.0,745,113573.52,2.008,0,Fully Paid
LN-101113,2025-03-14,East India,Vehicle Loan,638123.0,48,12.87,36,Retired,Post-Graduate,Married,83664.0,762,17078.1,0.204,0,Active
LN-102211,2025-03-15,North India,Vehicle Loan,848766.0,48,14.46,41,Salaried,Graduate,Divorced,51680.0,567,23390.11,0.453,5,Restructured
LN-104332,2025-03-15,East India,Education Loan,1536117.0,84,13.78,35,Salaried,Below High School,Divorced,26778.0,753,28600.49,1.068,7,Defaulted
LN-105792,2025-03-15,East India,Home Loan,2598978.0,300,14.37,50,Salaried,High School,Divorced,26115.0,671,32023.36,1.226,11,Defaulted
LN-106697,2025-03-16,West India,Vehicle Loan,858768.0,48,14.39,64,Self-Employed,Graduate,Divorced,62227.0,739,23635.45,0.38,0,Active
LN-102341,2025-03-17,Central India,Business Loan,3856312.0,60,8.45,24,Salaried,Graduate,Divorced,37659.0,617,79025.25,2.098,10,Defaulted
LN-103842,2025-03-17,South India,Home Loan,5155034.0,180,16.1,33,Salaried,High School,Married,28339.0,685,76071.75,2.684,2,Restructured
LN-105511,2025-03-17,East India,Home Loan,2718846.0,240,10.74,51,Salaried,Professional Degree,Single,92554.0,727,27584.13,0.298,0,Active
LN-106197,2025-03-17,East India,Home Loan,3845105.0,180,17.52,41,Salaried,Post-Graduate,Divorced,62580.0,764,60599.12,0.968,4,Written Off
LN-106903,2025-03-17,West India,Home Loan,3171091.0,300,16.2,21,Salaried,Graduate,Divorced,61247.0,738,43590.03,0.712,11,Defaulted
LN-103949,2025-03-18,Central India,Education Loan,1072312.0,84,14.54,37,Salaried,High School,Married,39536.0,694,20416.37,0.516,1,Active
LN-104811,2025-03-18,North India,Home Loan,5010511.0,240,18.06,42,Salaried,Post-Graduate,Single,69714.0,816,77559.23,1.113,1,Active
LN-106010,2025-03-18,Central India,Home Loan,2296316.0,240,16.02,31,Retired,Post-Graduate,Married,51405.0,721,31982.09,0.622,1,Active
LN-101295,2025-03-19,West India,Personal Loan,83577.0,36,17.62,24,Salaried,Post-Graduate,Married,53625.0,668,3005.6,0.056,0,Active
LN-102801,2025-03-19,East India,Vehicle Loan,711636.0,48,16.63,38,Self-Employed,Graduate,Married,53907.0,749,20398.32,0.378,1,Active
LN-103684,2025-03-19,South India,Business Loan,2196643.0,24,8.6,24,Salaried,Graduate,Single,41688.0,562,99950.41,2.398,1,Active
LN-105691,2025-03-19,South India,Home Loan,2269245.0,240,16.41,50,Salaried,Post-Graduate,Married,109133.0,670,32271.05,0.296,0,Active
LN-105698,2025-03-19,North India,Personal Loan,82305.0,48,7.92,45,Salaried,Professional Degree,Married,126683.0,775,2006.22,0.016,1,Active
LN-106375,2025-03-19,South India,Business Loan,3048780.0,60,8.64,42,Salaried,Professional Degree,Married,98868.0,761,62756.31,0.635,0,Active
LN-106632,2025-03-19,Central India,Home Loan,3826653.0,240,10.27,67,Business Owner,Graduate,Married,66648.0,797,37615.16,0.564,1,Active
LN-106808,2025-03-19,West India,Personal Loan,372534.0,36,10.68,37,Business Owner,Professional Degree,Married,139985.0,763,12139.91,0.087,1,Active
LN-102769,2025-03-20,West India,Personal Loan,190532.0,12,15.27,55,Salaried,Graduate,Divorced,66772.0,840,17221.38,0.258,0,Fully Paid
LN-105077,2025-03-20,South India,Vehicle Loan,1010559.0,36,14.24,28,Business Owner,Graduate,Single,60784.0,745,34656.42,0.57,0,Active
LN-106225,2025-03-20,South India,Vehicle Loan,1082036.0,36,10.8,40,Unemployed,High School,Married,5355.0,551,35322.08,6.596,12,Written Off
LN-106537,2025-03-20,West India,Personal Loan,73535.0,48,16.3,35,Unemployed,High School,Married,5846.0,598,2095.32,0.358,4,Defaulted
LN-102584,2025-03-21,West India,Business Loan,1190038.0,24,17.42,58,Unemployed,Graduate,Single,9868.0,503,59078.61,5.987,7,Defaulted
LN-101397,2025-03-22,South India,Home Loan,5067962.0,240,15.34,31,Self-Employed,Graduate,Divorced,40605.0,698,68011.03,1.675,4,Defaulted
LN-101629,2025-03-22,North India,Vehicle Loan,558999.0,72,18.32,56,Salaried,Post-Graduate,Married,85128.0,578,12850.86,0.151,8,Defaulted
LN-103818,2025-03-22,South India,Vehicle Loan,557743.0,60,8.47,34,Salaried,Graduate,Divorced,63396.0,664,11434.89,0.18,0,Active
LN-105114,2025-03-22,Central India,Business Loan,671229.0,24,15.56,33,Salaried,Graduate,Married,43712.0,737,32724.52,0.749,4,Written Off
LN-105740,2025-03-22,South India,Personal Loan,483329.0,12,17.5,27,Business Owner,Below High School,Married,26464.0,754,44196.67,1.67,0,Fully Paid
LN-106614,2025-03-22,West India,Education Loan,1291144.0,36,17.82,39,Salaried,Graduate,Single,33860.0,641,46561.45,1.375,7,Defaulted
LN-106802,2025-03-22,East India,Home Loan,2834820.0,120,7.83,21,Salaried,Post-Graduate,Divorced,63331.0,732,34140.07,0.539,0,Active
LN-101398,2025-03-23,Central India,Business Loan,3190605.0,60,16.74,38,Salaried,Post-Graduate,Divorced,72154.0,817,78849.39,1.093,1,Active
LN-103793,2025-03-23,North India,Business Loan,3881362.0,36,16.43,37,Self-Employed,Professional Degree,Single,70270.0,740,137282.58,1.954,1,Active
LN-104356,2025-03-23,North India,Gold Loan,429137.0,24,17.22,41,Business Owner,Post-Graduate,Single,94536.0,708,21262.9,0.225,0,Active
LN-104727,2025-03-23,North India,Home Loan,2422961.0,120,17.28,31,Salaried,High School,Married,36804.0,671,42541.36,1.156,1,Active
LN-105066,2025-03-23,South India,Education Loan,258839.0,36,8.99,23,Retired,Graduate,Divorced,46283.0,631,8229.81,0.178,2,Active
LN-101373,2025-03-24,West India,Business Loan,3817005.0,60,10.51,46,Salaried,Graduate,Divorced,64289.0,720,82061.24,1.276,5,Defaulted
LN-103354,2025-03-24,Central India,Home Loan,2974470.0,300,9.09,55,Self-Employed,High School,Divorced,28959.0,711,25145.22,0.868,9,Written Off
LN-104471,2025-03-24,North India,Business Loan,3496148.0,84,10.35,21,Self-Employed,Professional Degree,Divorced,69859.0,577,58674.41,0.84,4,Restructured
LN-102255,2025-03-25,West India,Personal Loan,426857.0,36,18.12,38,Salaried,High School,Married,25756.0,791,15457.61,0.6,0,Active
LN-103073,2025-03-25,North India,Home Loan,2373247.0,120,16.49,39,Retired,Graduate,Married,43934.0,725,40482.72,0.921,8,Defaulted
LN-105239,2025-03-25,North India,Vehicle Loan,793655.0,60,17.83,35,Salaried,Below High School,Divorced,23885.0,731,20080.3,0.841,1,Active
LN-105308,2025-03-25,South India,Gold Loan,688964.0,6,10.31,35,Retired,Post-Graduate,Divorced,89670.0,665,118304.9,1.319,0,Fully Paid
LN-106420,2025-03-25,Central India,Vehicle Loan,706262.0,48,17.0,25,Salaried,Graduate,Single,51462.0,759,20379.22,0.396,0,Active
LN-106645,2025-03-25,West India,Home Loan,3754698.0,180,11.75,43,Salaried,High School,Married,36524.0,724,44460.56,1.217,0,Active
LN-101426,2025-03-26,South India,Gold Loan,456343.0,24,12.43,33,Business Owner,High School,Divorced,61185.0,757,21573.4,0.353,1,Active
LN-105364,2025-03-26,North India,Personal Loan,68872.0,12,12.41,21,Self-Employed,High School,Divorced,31946.0,704,6132.41,0.192,0,Fully Paid
LN-101079,2025-03-27,East India,Home Loan,5704731.0,300,10.96,34,Salaried,Post-Graduate,Married,57267.0,749,55747.92,0.973,0,Active
LN-106765,2025-03-27,West India,Vehicle Loan,426894.0,36,17.95,40,Business Owner,Post-Graduate,Divorced,78721.0,797,15422.54,0.196,1,Active
LN-103388,2025-03-28,North India,Home Loan,3880013.0,240,11.88,54,Business Owner,Graduate,Single,106653.0,726,42398.13,0.398,1,Active
LN-104886,2025-03-28,Central India,Home Loan,2278430.0,120,15.89,43,Salaried,Graduate,Single,40555.0,695,38010.65,0.937,1,Active
LN-106239,2025-03-28,North India,Business Loan,3323004.0,60,13.13,32,Business Owner,High School,Single,45486.0,657,75829.88,1.667,0,Active
LN-100252,2025-03-29,West India,Vehicle Loan,255606.0,72,8.1,44,Salaried,Graduate,Single,54482.0,682,4494.09,0.082,0,Active
LN-102226,2025-03-29,Central India,Education Loan,1030244.0,84,14.99,34,Retired,Post-Graduate,Single,58069.0,586,19874.59,0.342,0,Active
LN-104672,2025-03-29,South India,Education Loan,1743426.0,60,11.85,27,Salaried,Post-Graduate,Divorced,65662.0,692,38649.53,0.589,0,Active
LN-105963,2025-03-29,East India,Vehicle Loan,834570.0,72,11.45,36,Salaried,High School,Single,36747.0,720,16078.29,0.438,10,Defaulted
LN-101482,2025-03-30,Central India,Business Loan,3452178.0,84,7.6,27,Salaried,Graduate,Single,65568.0,691,53121.0,0.81,0,Active
LN-102537,2025-03-30,Central India,Personal Loan,138122.0,36,14.83,43,Unemployed,Graduate,Married,12500.0,636,4776.55,0.382,0,Active
LN-105947,2025-03-30,South India,Education Loan,426300.0,84,15.79,31,Salaried,Professional Degree,Married,122049.0,643,8416.29,0.069,4,Restructured
LN-106776,2025-03-30,West India,Personal Loan,94858.0,24,14.17,49,Self-Employed,Graduate,Single,56061.0,545,4562.03,0.081,11,Defaulted
LN-101062,2025-03-31,West India,Vehicle Loan,963183.0,60,16.82,21,Business Owner,Professional Degree,Single,194623.0,719,23844.46,0.123,1,Active
LN-105220,2025-03-31,Central India,Home Loan,4195191.0,300,17.2,38,Salaried,Professional Degree,Divorced,114765.0,686,60984.19,0.531,1,Active
LN-105554,2025-03-31,Central India,Personal Loan,269998.0,48,15.85,44,Salaried,Graduate,Single,38868.0,633,7631.09,0.196,2,Active
LN-101321,2025-04-01,West India,Education Loan,1426563.0,84,16.07,37,Salaried,Graduate,Single,58415.0,766,28391.39,0.486,1,Active
LN-106541,2025-04-01,South India,Home Loan,3022649.0,180,15.81,49,Salaried,Post-Graduate,Divorced,76474.0,702,43993.91,0.575,1,Active
LN-106855,2025-04-01,West India,Education Loan,631203.0,36,12.93,27,Self-Employed,High School,Single,36501.0,600,21246.45,0.582,3,Written Off
LN-100741,2025-04-02,Central India,Home Loan,5314477.0,240,10.8,29,Unemployed,Professional Degree,Divorced,23942.0,539,54133.9,2.261,8,Defaulted
LN-101492,2025-04-02,South India,Agriculture Loan,420109.0,24,7.68,21,Retired,Post-Graduate,Divorced,83042.0,663,18939.14,0.228,0,Active
LN-102570,2025-04-02,West India,Business Loan,3307378.0,84,13.94,41,Salaried,Post-Graduate,Divorced,104790.0,730,61870.73,0.59,4,Restructured
LN-103443,2025-04-02,North India,Home Loan,4794279.0,180,8.9,56,Salaried,Post-Graduate,Divorced,104482.0,692,48341.98,0.463,0,Active
LN-103554,2025-04-02,Central India,Vehicle Loan,498846.0,60,14.3,48,Salaried,Professional Degree,Married,71819.0,706,11685.01,0.163,3,Restructured
LN-104912,2025-04-02,North India,Personal Loan,201119.0,48,15.24,30,Business Owner,Professional Degree,Married,144093.0,853,5621.79,0.039,1,Active
LN-105022,2025-04-02,East India,Business Loan,3643106.0,36,16.62,34,Salaried,Graduate,Divorced,57117.0,656,129198.73,2.262,0,Active
LN-100852,2025-04-03,West India,Personal Loan,424173.0,48,8.09,32,Salaried,High School,Single,17633.0,671,10373.23,0.588,1,Active
LN-101338,2025-04-03,Central India,Business Loan,1559757.0,84,17.1,36,Salaried,Post-Graduate,Divorced,55142.0,704,31965.09,0.58,6,Defaulted
LN-102518,2025-04-03,Central India,Gold Loan,404757.0,24,8.68,51,Business Owner,Graduate,Married,98773.0,797,18431.85,0.187,1,Active
LN-104682,2025-04-03,South India,Home Loan,2484829.0,300,13.8,32,Business Owner,Graduate,Single,86134.0,626,29531.67,0.343,2,Active
LN-105630,2025-04-03,East India,Vehicle Loan,635373.0,48,9.07,44,Business Owner,Post-Graduate,Divorced,129160.0,663,15832.41,0.123,1,Active
LN-105853,2025-04-03,West India,Business Loan,4582395.0,60,15.43,28,Self-Employed,High School,Married,36443.0,701,110051.89,3.02,1,Active
LN-102314,2025-04-04,East India,Business Loan,3382767.0,60,17.8,53,Salaried,Graduate,Married,65797.0,703,85532.43,1.3,0,Active
LN-106278,2025-04-04,North India,Home Loan,4716044.0,300,14.98,38,Salaried,High School,Divorced,22349.0,707,60331.36,2.7,0,Active
LN-101575,2025-04-05,West India,Vehicle Loan,574529.0,72,12.61,32,Business Owner,High School,Divorced,55957.0,736,11415.23,0.204,1,Active
LN-101625,2025-04-05,South India,Vehicle Loan,925372.0,48,11.45,43,Salaried,Professional Degree,Divorced,71275.0,678,24119.45,0.338,0,Active
LN-103832,2025-04-05,East India,Agriculture Loan,590131.0,12,13.78,30,Salaried,Below High School,Single,15766.0,674,52925.09,3.357,0,Fully Paid
LN-103925,2025-04-05,North India,Home Loan,3381026.0,300,12.23,39,Salaried,Post-Graduate,Divorced,63073.0,793,36185.73,0.574,5,Restructured
LN-106069,2025-04-05,Central India,Personal Loan,208800.0,36,17.83,27,Business Owner,Professional Degree,Single,205051.0,845,7530.83,0.037,1,Active
LN-105754,2025-04-06,South India,Business Loan,4268042.0,84,13.46,36,Self-Employed,Post-Graduate,Single,57930.0,642,78715.4,1.359,2,Active
LN-100886,2025-04-07,Central India,Business Loan,4883196.0,84,14.66,28,Retired,Post-Graduate,Single,111008.0,805,93300.76,0.84,0,Active
LN-102337,2025-04-07,North India,Agriculture Loan,646162.0,24,11.75,31,Salaried,Post-Graduate,Divorced,85697.0,795,30341.71,0.354,1,Active
LN-102817,2025-04-07,West India,Education Loan,1835644.0,60,7.85,21,Salaried,Graduate,Single,38298.0,719,37088.6,0.968,1,Active
LN-105085,2025-04-07,North India,Personal Loan,279370.0,48,18.14,43,Salaried,High School,Divorced,30796.0,584,8226.95,0.267,5,Restructured
LN-106796,2025-04-07,East India,Vehicle Loan,317355.0,36,8.81,28,Self-Employed,Post-Graduate,Single,50074.0,631,10063.76,0.201,0,Active
LN-100062,2025-04-09,North India,Education Loan,1458856.0,60,14.95,29,Salaried,Below High School,Married,14503.0,622,34667.81,2.39,4,Restructured
LN-102059,2025-04-09,South India,Vehicle Loan,656155.0,60,17.39,34,Unemployed,Graduate,Married,14526.0,520,16445.05,1.132,2,Active
LN-103059,2025-04-09,West India,Vehicle Loan,680503.0,48,12.91,34,Salaried,Post-Graduate,Divorced,88372.0,728,18225.81,0.206,1,Active
LN-103133,2025-04-09,Central India,Home Loan,1911701.0,240,10.9,47,Salaried,Graduate,Single,46776.0,686,19602.42,0.419,0,Active
LN-106534,2025-04-09,North India,Home Loan,2804921.0,240,15.88,29,Business Owner,Professional Degree,Married,178089.0,725,38771.32,0.218,0,Active
LN-106902,2025-04-09,Central India,Home Loan,2738635.0,180,12.2,30,Business Owner,Post-Graduate,Single,145963.0,743,33221.43,0.228,1,Active
LN-100345,2025-04-10,South India,Business Loan,983383.0,84,11.03,46,Business Owner,Graduate,Divorced,63663.0,666,16853.43,0.265,0,Active
LN-100991,2025-04-10,West India,Home Loan,5402529.0,240,18.47,55,Self-Employed,High School,Single,21904.0,615,85337.03,3.896,8,Written Off
LN-100327,2025-04-11,South India,Personal Loan,256126.0,12,10.99,44,Self-Employed,High School,Married,35718.0,624,22635.65,0.634,0,Fully Paid
LN-101645,2025-04-11,South India,Personal Loan,176250.0,36,9.54,29,Salaried,Graduate,Divorced,40155.0,642,5649.1,0.141,12,Defaulted
LN-104996,2025-04-11,East India,Education Loan,1678196.0,60,7.84,33,Self-Employed,Graduate,Single,45856.0,687,33899.4,0.739,3,Restructured
LN-106807,2025-04-11,North India,Personal Loan,293660.0,36,8.19,47,Business Owner,Post-Graduate,Divorced,142258.0,722,9228.0,0.065,1,Active
LN-102939,2025-04-12,West India,Agriculture Loan,363600.0,24,10.1,34,Business Owner,Graduate,Married,58598.0,674,16795.08,0.287,1,Active
LN-103690,2025-04-12,North India,Personal Loan,416418.0,12,16.38,49,Self-Employed,Post-Graduate,Single,58923.0,750,37856.88,0.642,10,Defaulted
LN-106383,2025-04-12,East India,Personal Loan,415626.0,48,8.92,45,Salaried,High School,Single,21078.0,740,10327.09,0.49,1,Active
LN-100864,2025-04-13,West India,Personal Loan,457548.0,12,7.84,32,Retired,Professional Degree,Single,76796.0,657,39767.54,0.518,0,Fully Paid
LN-103855,2025-04-13,West India,Home Loan,4401152.0,300,7.99,56,Retired,High School,Married,35788.0,633,33939.65,0.948,10,Defaulted
LN-105163,2025-04-13,West India,Home Loan,5275386.0,240,13.17,26,Salaried,High School,Single,20455.0,632,62445.13,3.053,1,Active
LN-101247,2025-04-14,North India,Vehicle Loan,885849.0,48,9.2,29,Self-Employed,Professional Degree,Divorced,145045.0,651,22128.61,0.153,4,Written Off
LN-101962,2025-04-14,East India,Education Loan,349765.0,60,10.78,24,Business Owner,Graduate,Divorced,70272.0,577,7566.42,0.108,1,Active
LN-103427,2025-04-14,West India,Home Loan,5388909.0,300,10.37,21,Salaried,Professional Degree,Single,138783.0,695,50381.57,0.363,0,Active
LN-105090,2025-04-14,East India,Business Loan,1629103.0,36,16.48,34,Salaried,Below High School,Divorced,13089.0,665,57661.24,4.405,0,Active
LN-100758,2025-04-15,East India,Education Loan,1107907.0,60,9.19,36,Salaried,Post-Graduate,Divorced,62180.0,767,23100.63,0.372,1,Active
LN-103141,2025-04-15,South India,Agriculture Loan,658495.0,24,15.03,41,Business Owner,Graduate,Married,69245.0,817,31937.6,0.461,1,Active
LN-105280,2025-04-15,Central India,Home Loan,5726665.0,120,11.29,38,Salaried,Post-Graduate,Divorced,93651.0,686,79827.81,0.852,0,Active
LN-106579,2025-04-15,East India,Personal Loan,456450.0,36,9.52,33,Salaried,Post-Graduate,Single,70741.0,743,14625.71,0.207,0,Active
LN-106739,2025-04-15,South India,Business Loan,4479195.0,60,17.82,41,Business Owner,Graduate,Single,45690.0,568,113303.97,2.48,11,Defaulted
LN-101370,2025-04-16,South India,Business Loan,4210479.0,24,18.07,40,Self-Employed,Graduate,Single,37412.0,749,210346.82,5.622,0,Active
LN-101478,2025-04-16,Central India,Home Loan,2010919.0,240,13.9,25,Retired,High School,Divorced,23918.0,681,24860.28,1.039,0,Active
LN-101831,2025-04-16,South India,Gold Loan,722019.0,12,9.94,56,Salaried,Professional Degree,Divorced,85675.0,681,63456.79,0.741,0,Fully Paid
LN-102199,2025-04-16,North India,Education Loan,405383.0,84,12.13,30,Business Owner,Post-Graduate,Divorced,117642.0,757,7184.33,0.061,0,Active
LN-104183,2025-04-16,South India,Personal Loan,445677.0,12,17.72,49,Business Owner,Below High School,Single,42076.0,681,40800.3,0.97,0,Fully Paid
LN-104724,2025-04-16,West India,Personal Loan,373589.0,36,12.34,35,Business Owner,Below High School,Divorced,43206.0,605,12469.26,0.289,3,Active
LN-104956,2025-04-16,South India,Agriculture Loan,892873.0,24,9.76,47,Salaried,Graduate,Married,31628.0,709,41102.72,1.3,0,Active
LN-105234,2025-04-16,West India,Vehicle Loan,1026022.0,60,12.48,38,Salaried,Professional Degree,Married,118324.0,650,23072.94,0.195,0,Active
LN-106184,2025-04-16,West India,Home Loan,5140371.0,180,14.79,56,Self-Employed,Graduate,Single,64899.0,615,71206.05,1.097,2,Active
LN-101695,2025-04-17,East India,Personal Loan,312248.0,36,11.21,35,Self-Employed,Graduate,Divorced,60890.0,649,10253.68,0.168,3,Active
LN-102105,2025-04-17,East India,Vehicle Loan,640674.0,48,12.5,31,Business Owner,Graduate,Single,103552.0,763,17029.11,0.164,1,Active
LN-103011,2025-04-17,North India,Home Loan,5746287.0,120,10.9,38,Self-Employed,Graduate,Single,41305.0,588,78830.19,1.908,10,Defaulted
LN-104193,2025-04-17,South India,Gold Loan,445420.0,6,18.46,39,Salaried,High School,Divorced,32334.0,639,78284.53,2.421,0,Fully Paid
LN-105123,2025-04-17,North India,Vehicle Loan,646530.0,72,14.12,38,Salaried,Professional Degree,Single,132486.0,664,13363.81,0.101,1,Active
LN-105976,2025-04-17,East India,Gold Loan,212416.0,6,14.39,38,Salaried,Graduate,Married,48710.0,707,36903.3,0.758,2,Restructured
LN-102357,2025-04-18,North India,Agriculture Loan,109786.0,12,7.73,45,Salaried,Post-Graduate,Married,92198.0,662,9536.41,0.103,0,Fully Paid
LN-105899,2025-04-18,South India,Personal Loan,265091.0,48,10.65,28,Business Owner,Below High School,Married,29493.0,784,6806.45,0.231,1,Active
LN-103505,2025-04-19,East India,Vehicle Loan,608806.0,48,9.67,44,Self-Employed,Professional Degree,Single,88986.0,614,15344.59,0.172,3,Active
LN-106303,2025-04-19,North India,Home Loan,4197102.0,300,14.16,36,Salaried,Graduate,Divorced,51119.0,692,51037.58,0.998,0,Active
LN-100547,2025-04-21,Central India,Home Loan,2871151.0,120,9.45,53,Salaried,Post-Graduate,Married,72790.0,707,37073.44,0.509,6,Defaulted
LN-101188,2025-04-21,West India,Personal Loan,308027.0,12,9.35,48,Business Owner,Post-Graduate,Married,73120.0,712,26987.44,0.369,1,Active
LN-101235,2025-04-21,South India,Home Loan,5901103.0,300,12.79,21,Salaried,High School,Married,34382.0,516,65623.33,1.909,11,Defaulted
LN-101647,2025-04-21,South India,Vehicle Loan,1133687.0,36,17.4,35,Self-Employed,High School,Divorced,18941.0,698,40645.08,2.146,3,Defaulted
LN-103758,2025-04-21,Central India,Gold Loan,210357.0,24,12.29,46,Self-Employed,Post-Graduate,Divorced,49997.0,592,9930.75,0.199,1,Active
LN-100569,2025-04-22,North India,Home Loan,3097638.0,180,12.03,21,Business Owner,Professional Degree,Married,121886.0,620,37236.67,0.306,2,Active
LN-101707,2025-04-22,East India,Home Loan,5538910.0,180,12.26,50,Salaried,Graduate,Married,35391.0,768,67405.54,1.905,0,Active
LN-105846,2025-04-22,North India,Gold Loan,658393.0,12,10.94,37,Salaried,High School,Married,27916.0,756,58171.44,2.084,1,Active
LN-106730,2025-04-22,East India,Personal Loan,319347.0,24,15.03,22,Salaried,Graduate,Single,64970.0,798,15488.62,0.238,0,Active
LN-100399,2025-04-23,Central India,Vehicle Loan,528289.0,36,17.77,39,Salaried,High School,Married,26480.0,715,19038.01,0.719,0,Active
LN-103383,2025-04-23,Central India,Business Loan,892326.0,84,18.42,34,Salaried,High School,Married,37215.0,756,18975.07,0.51,0,Active
LN-103928,2025-04-23,South India,Home Loan,5718413.0,180,12.5,43,Salaried,Post-Graduate,Divorced,84039.0,698,70480.7,0.839,1,Active
LN-104242,2025-04-23,North India,Personal Loan,342183.0,48,16.31,47,Salaried,High School,Divorced,35447.0,741,9751.98,0.275,0,Active
LN-105129,2025-04-23,North India,Personal Loan,232915.0,12,14.65,42,Self-Employed,Graduate,Divorced,54484.0,702,20984.07,0.385,0,Fully Paid
LN-100962,2025-04-25,South India,Personal Loan,132157.0,12,17.29,32,Salaried,Post-Graduate,Single,78700.0,683,12071.54,0.153,0,Fully Paid
LN-101583,2025-04-25,North India,Business Loan,4776745.0,36,17.83,32,Unemployed,High School,Divorced,9859.0,576,172283.69,17.475,0,Active
LN-102623,2025-04-25,North India,Business Loan,2073586.0,84,10.63,35,Self-Employed,High School,Married,39215.0,688,35102.73,0.895,1,Active
LN-105237,2025-04-25,East India,Education Loan,1998499.0,120,12.49,35,Retired,Post-Graduate,Single,82902.0,687,29241.59,0.353,8,Defaulted
LN-105906,2025-04-25,East India,Vehicle Loan,661576.0,36,14.85,39,Salaried,Graduate,Married,55795.0,711,22885.18,0.41,1,Active
LN-100526,2025-04-26,South India,Personal Loan,388404.0,36,16.36,33,Self-Employed,Post-Graduate,Single,105077.0,591,13724.26,0.131,3,Active
LN-102184,2025-04-26,North India,Vehicle Loan,354327.0,48,16.63,39,Business Owner,Post-Graduate,Married,155958.0,647,10156.42,0.065,2,Active
LN-106073,2025-04-26,Central India,Vehicle Loan,793929.0,36,11.92,53,Self-Employed,Post-Graduate,Divorced,102014.0,622,26339.48,0.258,1,Active
LN-103369,2025-04-27,South India,Business Loan,3125792.0,60,12.01,24,Salaried,Graduate,Married,56956.0,601,69547.31,1.221,5,Written Off
LN-105822,2025-04-27,South India,Vehicle Loan,548716.0,48,18.17,33,Self-Employed,Graduate,Divorced,53511.0,712,16167.32,0.302,0,Active
LN-100440,2025-04-28,Central India,Education Loan,705842.0,36,17.71,44,Retired,Graduate,Married,42556.0,719,25415.31,0.597,0,Active
LN-100958,2025-04-28,East India,Business Loan,3874636.0,60,12.43,21,Self-Employed,Professional Degree,Married,129056.0,658,87033.43,0.674,0,Active
LN-101862,2025-04-28,North India,Education Loan,1292991.0,120,13.5,27,Salaried,Graduate,Married,56599.0,771,19688.93,0.348,1,Active
LN-102697,2025-04-28,South India,Personal Loan,147270.0,36,16.09,34,Self-Employed,Post-Graduate,Married,72183.0,717,5184.12,0.072,1,Active
LN-106236,2025-04-28,East India,Home Loan,5659248.0,180,17.53,47,Self-Employed,High School,Married,18949.0,592,89230.57,4.709,7,Defaulted
LN-101551,2025-04-29,East India,Personal Loan,309247.0,36,18.42,50,Salaried,Post-Graduate,Divorced,72871.0,727,11245.28,0.154,0,Active
LN-100621,2025-04-30,West India,Vehicle Loan,684445.0,48,16.27,49,Business Owner,Professional Degree,Married,217253.0,673,19492.14,0.09,0,Active
LN-101365,2025-04-30,Central India,Personal Loan,422398.0,48,11.99,49,Unemployed,Professional Degree,Married,29160.0,573,11121.29,0.381,9,Defaulted
LN-101787,2025-04-30,Central India,Home Loan,3318650.0,240,12.64,37,Salaried,Graduate,Single,58028.0,637,38032.55,0.655,10,Defaulted
LN-103258,2025-04-30,South India,Home Loan,2284797.0,120,17.81,31,Salaried,Graduate,Married,36366.0,743,40889.59,1.124,0,Active
LN-104330,2025-04-30,West India,Home Loan,3564233.0,180,9.52,26,Self-Employed,Professional Degree,Single,77721.0,715,37261.63,0.479,0,Active
LN-104556,2025-04-30,North India,Gold Loan,739700.0,12,18.47,43,Retired,High School,Divorced,26212.0,671,67981.26,2.594,0,Fully Paid
LN-104797,2025-04-30,West India,Personal Loan,363653.0,48,9.6,40,Unemployed,Professional Degree,Divorced,22623.0,542,9153.48,0.405,4,Defaulted
LN-105641,2025-04-30,West India,Home Loan,4814215.0,120,8.31,28,Salaried,High School,Married,32069.0,658,59201.28,1.846,1,Active
LN-106378,2025-04-30,North India,Gold Loan,347220.0,12,15.82,51,Business Owner,High School,Single,45011.0,689,31474.0,0.699,0,Fully Paid
LN-106395,2025-04-30,South India,Vehicle Loan,1182633.0,48,18.27,43,Salaried,Graduate,Single,71384.0,775,34906.92,0.489,0,Active
LN-106690,2025-04-30,East India,Education Loan,398556.0,60,12.38,60,Business Owner,Graduate,Divorced,77818.0,686,8942.38,0.115,0,Active
LN-100553,2025-05-01,Central India,Vehicle Loan,1077578.0,72,13.38,58,Retired,Post-Graduate,Divorced,103898.0,614,21848.13,0.21,2,Active
LN-101211,2025-05-01,Central India,Gold Loan,197359.0,6,10.4,30,Self-Employed,Professional Degree,Single,94925.0,699,33898.1,0.357,0,Fully Paid
LN-101538,2025-05-01,West India,Agriculture Loan,586888.0,12,14.91,36,Retired,Graduate,Single,63614.0,591,52946.6,0.832,0,Fully Paid
LN-102407,2025-05-01,South India,Gold Loan,786125.0,24,7.84,54,Salaried,Post-Graduate,Single,107240.0,631,35496.97,0.331,7,Defaulted
LN-103643,2025-05-01,East India,Personal Loan,328408.0,36,7.62,44,Unemployed,Post-Graduate,Divorced,19380.0,583,10233.64,0.528,3,Restructured
LN-103872,2025-05-01,Central India,Personal Loan,303701.0,12,11.47,21,Retired,High School,Married,19712.0,589,26908.22,1.365,0,Active
LN-106301,2025-05-01,West India,Business Loan,1487872.0,84,13.4,21,Salaried,Professional Degree,Divorced,117192.0,793,27391.92,0.234,1,Active
LN-106561,2025-05-01,Central India,Home Loan,4465649.0,180,13.54,21,Unemployed,Graduate,Married,13374.0,407,58097.19,4.344,4,Defaulted
LN-101297,2025-05-02,Central India,Personal Loan,236715.0,36,13.3,27,Salaried,Post-Graduate,Divorced,107800.0,652,8010.11,0.074,0,Active
LN-103530,2025-05-02,Central India,Business Loan,2384722.0,84,11.69,21,Salaried,Graduate,Married,38120.0,697,41702.54,1.094,0,Active
LN-104466,2025-05-02,East India,Agriculture Loan,390664.0,24,16.09,35,Business Owner,Graduate,Divorced,57184.0,735,19144.93,0.335,0,Active
LN-104846,2025-05-02,Central India,Home Loan,3915749.0,240,18.27,51,Self-Employed,High School,Single,24454.0,753,61247.07,2.505,1,Active
LN-101704,2025-05-03,East India,Personal Loan,91930.0,48,14.78,26,Salaried,Graduate,Divorced,68091.0,654,2548.24,0.037,0,Active
LN-104240,2025-05-03,North India,Business Loan,606740.0,36,18.27,35,Business Owner,Post-Graduate,Single,157909.0,763,22017.37,0.139,0,Active
LN-104819,2025-05-03,North India,Business Loan,921651.0,36,11.75,50,Salaried,Professional Degree,Single,150639.0,841,30502.07,0.202,1,Active
LN-105001,2025-05-03,South India,Personal Loan,145616.0,12,18.31,45,Self-Employed,High School,Divorced,22427.0,565,13371.57,0.596,0,Fully Paid
LN-105848,2025-05-03,Central India,Business Loan,2058715.0,60,17.58,32,Self-Employed,Professional Degree,Divorced,91955.0,661,51808.6,0.563,1,Active
LN-100468,2025-05-04,North India,Personal Loan,308462.0,36,12.24,28,Business Owner,Graduate,Single,90194.0,716,10280.75,0.114,1,Active
LN-103292,2025-05-04,East India,Education Loan,1552135.0,36,12.45,40,Salaried,Post-Graduate,Divorced,85948.0,789,51887.33,0.604,0,Active
LN-104201,2025-05-04,East India,Gold Loan,531387.0,6,14.25,50,Self-Employed,Graduate,Single,57335.0,736,92281.67,1.61,3,Written Off
LN-106951,2025-05-04,North India,Education Loan,802584.0,120,18.29,38,Unemployed,Graduate,Single,12331.0,626,14611.55,1.185,1,Active
LN-100280,2025-05-05,Central India,Home Loan,4253914.0,240,14.49,38,Business Owner,High School,Married,33900.0,666,54418.84,1.605,1,Active
LN-102137,2025-05-05,North India,Vehicle Loan,822158.0,72,10.93,21,Salaried,High School,Married,29712.0,637,15619.56,0.526,1,Active
LN-102433,2025-05-05,East India,Personal Loan,286845.0,24,8.55,34,Self-Employed,Post-Graduate,Married,63720.0,705,13045.29,0.205,1,Active
LN-105200,2025-05-05,North India,Personal Loan,353760.0,48,14.33,47,Salaried,Graduate,Married,67625.0,628,9725.68,0.144,3,Active
LN-106810,2025-05-05,Central India,Vehicle Loan,220655.0,72,9.3,52,Self-Employed,High School,Divorced,25882.0,637,4010.36,0.155,0,Active
LN-106945,2025-05-05,North India,Home Loan,5727260.0,240,14.56,52,Business Owner,Graduate,Single,54752.0,689,73560.73,1.344,1,Active
LN-101201,2025-05-06,West India,Education Loan,1222314.0,60,17.74,36,Self-Employed,Post-Graduate,Married,88357.0,655,30866.12,0.349,0,Active
LN-101946,2025-05-06,East India,Agriculture Loan,483259.0,36,8.0,37,Salaried,High School,Divorced,18236.0,694,15143.58,0.83,0,Active
LN-101854,2025-05-07,North India,Education Loan,931913.0,36,14.8,33,Retired,High School,Divorced,33283.0,551,32213.87,0.968,3,Defaulted
LN-105755,2025-05-07,Central India,Gold Loan,92955.0,24,17.49,39,Salaried,Professional Degree,Single,113220.0,679,4617.82,0.041,0,Active
LN-105798,2025-05-07,Central India,Business Loan,1308913.0,24,10.62,45,Salaried,High School,Divorced,18502.0,745,60774.94,3.285,1,Active
LN-100666,2025-05-08,Central India,Business Loan,2279547.0,84,15.41,39,Self-Employed,Below High School,Single,24608.0,564,44513.86,1.809,2,Active
LN-106466,2025-05-09,North India,Education Loan,371601.0,36,15.1,51,Self-Employed,Below High School,Single,22857.0,616,12899.88,0.564,7,Defaulted
LN-100954,2025-05-10,East India,Personal Loan,476344.0,48,15.38,31,Salaried,Post-Graduate,Married,75596.0,644,13348.95,0.177,1,Active
LN-101485,2025-05-10,North India,Education Loan,1129794.0,36,18.2,41,Self-Employed,Graduate,Divorced,59591.0,647,40958.2,0.687,1,Active
LN-102393,2025-05-10,Central India,Gold Loan,366055.0,24,13.56,34,Self-Employed,Graduate,Divorced,66829.0,779,17499.36,0.262,1,Active
LN-103155,2025-05-10,West India,Vehicle Loan,424001.0,48,13.15,30,Salaried,Graduate,Single,55144.0,726,11406.48,0.207,0,Active
LN-103614,2025-05-10,West India,Education Loan,1640852.0,84,8.67,47,Self-Employed,Post-Graduate,Divorced,53067.0,731,26125.82,0.492,9,Defaulted
LN-104359,2025-05-10,Central India,Gold Loan,318894.0,6,11.68,57,Self-Employed,High School,Single,29315.0,676,54974.22,1.875,0,Fully Paid
LN-104427,2025-05-10,North India,Vehicle Loan,871654.0,60,16.89,27,Salaried,Graduate,Single,49952.0,673,21611.33,0.433,0,Active
LN-105386,2025-05-10,South India,Personal Loan,264882.0,36,16.6,35,Salaried,Below High School,Married,24156.0,690,9391.12,0.389,10,Defaulted
LN-106607,2025-05-10,Central India,Home Loan,3309467.0,240,8.06,21,Salaried,Graduate,Single,43951.0,642,27805.42,0.633,5,Defaulted
LN-100215,2025-05-11,Central India,Gold Loan,249829.0,12,17.95,34,Self-Employed,Graduate,Divorced,71241.0,627,22898.38,0.321,0,Fully Paid
LN-100222,2025-05-11,East India,Business Loan,2884453.0,24,17.94,27,Business Owner,High School,Single,56153.0,657,143920.12,2.563,6,Restructured
LN-100418,2025-05-11,East India,Vehicle Loan,351334.0,48,10.05,21,Salaried,Graduate,Single,57915.0,611,8919.18,0.154,0,Active
LN-101883,2025-05-11,East India,Home Loan,1792073.0,120,15.12,46,Salaried,Graduate,Single,47710.0,693,29044.24,0.609,0,Active
LN-104517,2025-05-11,Central India,Vehicle Loan,1132128.0,72,12.21,26,Retired,High School,Married,24377.0,608,22257.15,0.913,10,Written Off
LN-106688,2025-05-11,North India,Home Loan,1971628.0,180,8.89,30,Salaried,Graduate,Divorced,34298.0,718,19868.75,0.579,2,Restructured
LN-106829,2025-05-11,North India,Gold Loan,780752.0,6,8.15,35,Retired,Professional Degree,Divorced,76169.0,698,133235.97,1.749,1,Active
LN-100786,2025-05-12,Central India,Education Loan,1947555.0,36,7.52,21,Self-Employed,Graduate,Single,36692.0,709,60598.96,1.652,4,Defaulted
LN-101749,2025-05-12,East India,Personal Loan,187264.0,48,13.41,45,Self-Employed,Post-Graduate,Married,63854.0,733,5062.01,0.079,0,Active
LN-102092,2025-05-12,West India,Gold Loan,349973.0,6,15.21,44,Salaried,Graduate,Married,71956.0,657,60943.6,0.847,0,Active
LN-105699,2025-05-12,West India,Business Loan,4601185.0,84,17.72,41,Self-Employed,Graduate,Married,33534.0,582,95953.3,2.861,0,Active
LN-100157,2025-05-13,West India,Vehicle Loan,1093845.0,48,18.36,62,Self-Employed,Graduate,Married,69066.0,690,32337.83,0.468,8,Defaulted
LN-101687,2025-05-13,North India,Vehicle Loan,1038018.0,48,18.16,21,Salaried,Post-Graduate,Married,65839.0,656,30578.63,0.464,1,Active
LN-104369,2025-05-13,East India,Home Loan,3488672.0,120,10.09,36,Self-Employed,Post-Graduate,Married,104514.0,754,46277.1,0.443,1,Active
LN-105241,2025-05-13,West India,Education Loan,1801619.0,120,14.92,53,Salaried,Graduate,Married,46507.0,677,28978.21,0.623,1,Active
LN-105760,2025-05-13,South India,Home Loan,5406752.0,240,8.69,54,Retired,Graduate,Married,37504.0,629,47573.25,1.268,2,Active
LN-101216,2025-05-14,South India,Vehicle Loan,1031039.0,60,17.96,44,Salaried,Professional Degree,Single,100742.0,782,26159.18,0.26,1,Active
LN-102404,2025-05-14,West India,Gold Loan,771852.0,6,8.08,21,Salaried,High School,Single,19355.0,621,131690.62,6.804,0,Active
LN-104756,2025-05-14,Central India,Home Loan,3961901.0,180,15.42,21,Salaried,Graduate,Married,58383.0,650,56594.37,0.969,11,Written Off
LN-106958,2025-05-14,North India,Personal Loan,447087.0,48,13.65,21,Business Owner,Post-Graduate,Divorced,118932.0,633,12138.96,0.102,3,Active
LN-105169,2025-05-15,South India,Personal Loan,335011.0,12,17.51,44,Unemployed,Professional Degree,Divorced,23488.0,581,30635.74,1.304,0,Active
LN-105321,2025-05-15,North India,Gold Loan,296209.0,24,11.17,51,Retired,Post-Graduate,Married,73053.0,561,13829.05,0.189,2,Active
LN-100900,2025-05-16,West India,Personal Loan,470566.0,36,12.88,34,Salaried,Post-Graduate,Single,51408.0,727,15828.04,0.308,0,Active
LN-101984,2025-05-16,Central India,Business Loan,2514481.0,60,10.96,56,Salaried,Graduate,Divorced,51210.0,646,54620.76,1.067,12,Defaulted
LN-103227,2025-05-16,West India,Home Loan,5907780.0,240,17.52,45,Salaried,High School,Single,36958.0,657,88999.08,2.408,0,Active
LN-103586,2025-05-16,East India,Business Loan,2705185.0,60,13.26,40,Self-Employed,Graduate,Married,59383.0,660,61911.92,1.043,1,Active
LN-104541,2025-05-16,South India,Personal Loan,145522.0,12,12.75,55,Salaried,High School,Divorced,30794.0,680,12980.57,0.422,0,Fully Paid
LN-104895,2025-05-16,East India,Business Loan,3079653.0,60,17.83,27,Salaried,Graduate,Single,62242.0,804,77918.42,1.252,6,Defaulted
LN-101669,2025-05-17,West India,Gold Loan,478023.0,12,8.41,21,Salaried,Post-Graduate,Divorced,93812.0,646,41673.14,0.444,0,Fully Paid
LN-103621,2025-05-17,West India,Personal Loan,291522.0,36,17.7,59,Unemployed,Post-Graduate,Married,19155.0,646,10495.4,0.548,1,Active
LN-106273,2025-05-17,Central India,Personal Loan,273710.0,24,12.77,42,Salaried,Professional Degree,Divorced,121871.0,733,12983.12,0.107,0,Active
LN-100471,2025-05-18,Central India,Education Loan,1999227.0,84,9.09,37,Self-Employed,Graduate,Married,67527.0,696,32257.11,0.478,0,Active
LN-104325,2025-05-18,South India,Personal Loan,153875.0,24,11.75,41,Salaried,Graduate,Divorced,70015.0,741,7225.48,0.103,1,Active
LN-106683,2025-05-18,East India,Education Loan,1833674.0,60,8.37,28,Business Owner,Graduate,Divorced,80371.0,779,37505.85,0.467,5,Restructured
LN-104590,2025-05-19,West India,Business Loan,4350405.0,84,14.15,44,Salaried,Graduate,Divorced,65407.0,667,81887.55,1.252,0,Active
LN-105107,2025-05-19,North India,Home Loan,4832916.0,300,10.79,51,Salaried,Graduate,Single,58678.0,668,46636.13,0.795,0,Active
LN-106967,2025-05-19,West India,Home Loan,3613977.0,120,18.11,56,Salaried,Graduate,Married,60036.0,606,65374.67,1.089,3,Active
LN-101041,2025-05-20,South India,Vehicle Loan,878031.0,36,12.41,38,Salaried,Post-Graduate,Divorced,94780.0,790,29335.43,0.31,0,Active
LN-102065,2025-05-20,West India,Business Loan,4928516.0,84,10.79,43,Self-Employed,Graduate,Single,36645.0,613,83845.0,2.288,2,Restructured
LN-106023,2025-05-20,East India,Education Loan,723790.0,36,14.79,37,Self-Employed,Below High School,Single,24803.0,679,25016.05,1.009,0,Active
LN-106053,2025-05-20,North India,Home Loan,5849984.0,240,17.99,31,Business Owner,Post-Graduate,Single,161119.0,710,90238.46,0.56,3,Defaulted
LN-100044,2025-05-21,North India,Gold Loan,367323.0,12,16.16,52,Retired,Below High School,Divorced,23107.0,774,33355.35,1.444,12,Defaulted
LN-100721,2025-05-21,East India,Education Loan,467054.0,36,17.45,39,Self-Employed,Post-Graduate,Single,93768.0,724,16756.54,0.179,0,Active
LN-102995,2025-05-21,West India,Education Loan,1318050.0,84,9.44,52,Self-Employed,Graduate,Single,55558.0,605,21501.71,0.387,2,Active
LN-106182,2025-05-21,East India,Home Loan,5351825.0,300,9.97,31,Salaried,Graduate,Married,70845.0,646,48518.94,0.685,2,Active
LN-106952,2025-05-21,Central India,Home Loan,2314013.0,120,12.7,32,Salaried,High School,Divorced,18620.0,692,34142.45,1.834,0,Active
LN-101005,2025-05-22,North India,Home Loan,5654269.0,180,13.79,34,Self-Employed,High School,Single,37854.0,627,74504.17,1.968,10,Defaulted
LN-102307,2025-05-22,Central India,Vehicle Loan,684062.0,36,8.2,43,Salaried,Graduate,Married,63107.0,695,21499.19,0.341,0,Active
LN-104207,2025-05-22,East India,Home Loan,5483936.0,120,9.23,39,Salaried,High School,Married,19409.0,641,70152.63,3.614,2,Active
LN-104605,2025-05-22,North India,Personal Loan,487173.0,24,17.46,31,Self-Employed,Professional Degree,Married,140040.0,750,24194.75,0.173,5,Defaulted
LN-105204,2025-05-23,South India,Gold Loan,290317.0,6,8.78,51,Self-Employed,Graduate,Single,65901.0,686,49632.78,0.753,0,Fully Paid
LN-102210,2025-05-24,Central India,Business Loan,1959451.0,24,13.04,47,Business Owner,Professional Degree,Divorced,171042.0,719,93192.69,0.545,1,Active
LN-104796,2025-05-24,Central India,Personal Loan,178838.0,12,12.36,35,Self-Employed,Graduate,Single,67352.0,636,15919.67,0.236,1,Active
LN-104849,2025-05-24,East India,Agriculture Loan,334923.0,36,17.61,33,Retired,Post-Graduate,Married,80057.0,599,12042.84,0.15,2,Active
LN-105010,2025-05-24,South India,Business Loan,3872346.0,60,11.78,61,Retired,Professional Degree,Single,90472.0,627,85708.32,0.947,0,Active
LN-102145,2025-05-25,South India,Education Loan,1709924.0,60,17.44,35,Salaried,Graduate,Married,32006.0,737,42901.61,1.34,0,Active
LN-102230,2025-05-25,North India,Agriculture Loan,541047.0,12,17.41,43,Salaried,Graduate,Married,42816.0,681,49451.39,1.155,5,Defaulted
LN-104960,2025-05-25,North India,Business Loan,4089893.0,84,11.14,46,Salaried,Professional Degree,Divorced,134335.0,900,70330.36,0.524,1,Active
LN-105622,2025-05-25,Central India,Business Loan,3941292.0,24,8.99,40,Business Owner,Graduate,Single,54203.0,641,180038.83,3.322,2,Active
LN-105782,2025-05-25,East India,Education Loan,1201643.0,84,18.39,41,Salaried,High School,Divorced,18203.0,717,25531.37,1.403,0,Active
LN-101173,2025-05-26,North India,Home Loan,3445212.0,180,10.15,21,Salaried,Graduate,Divorced,42744.0,676,37339.22,0.874,5,Written Off
LN-104121,2025-05-26,East India,Home Loan,3071665.0,300,13.3,42,Salaried,Graduate,Married,37667.0,758,35338.99,0.938,0,Active
LN-104362,2025-05-26,East India,Business Loan,2671959.0,60,18.31,28,Business Owner,High School,Divorced,41177.0,699,68301.6,1.659,1,Active
LN-106288,2025-05-26,Central India,Gold Loan,703419.0,12,8.39,27,Salaried,High School,Divorced,37408.0,612,61316.23,1.639,0,Fully Paid
LN-106908,2025-05-26,North India,Home Loan,5279892.0,240,12.25,69,Salaried,Post-Graduate,Divorced,102925.0,728,59059.01,0.574,1,Active
LN-106330,2025-05-27,Central India,Vehicle Loan,1101338.0,36,14.53,40,Self-Employed,Below High School,Single,16625.0,630,37925.25,2.281,0,Active
LN-100441,2025-05-28,Central India,Vehicle Loan,794564.0,60,16.9,28,Unemployed,Graduate,Married,16332.0,610,19704.26,1.206,2,Restructured
LN-101237,2025-05-28,East India,Business Loan,685109.0,36,14.51,36,Unemployed,High School,Divorced,9728.0,572,23585.46,2.424,0,Active
LN-101289,2025-05-28,South India,Personal Loan,175526.0,48,11.15,26,Business Owner,Professional Degree,Single,131638.0,731,4549.36,0.035,0,Active
LN-106905,2025-05-28,West India,Education Loan,567149.0,120,17.3,21,Salaried,Post-Graduate,Single,94841.0,568,9964.99,0.105,0,Active
LN-105785,2025-05-29,West India,Home Loan,1697364.0,300,10.67,41,Self-Employed,Post-Graduate,Single,58144.0,632,16232.73,0.279,1,Active
LN-102176,2025-05-31,North India,Vehicle Loan,781216.0,60,9.79,27,Self-Employed,Graduate,Married,46335.0,687,16517.92,0.356,0,Active
LN-102386,2025-05-31,Central India,Gold Loan,643013.0,6,18.31,37,Business Owner,Graduate,Divorced,62867.0,667,112964.31,1.797,4,Written Off
LN-103025,2025-05-31,North India,Personal Loan,400158.0,24,11.07,24,Salaried,Graduate,Single,47610.0,693,18663.51,0.392,1,Active
LN-103673,2025-05-31,North India,Vehicle Loan,724800.0,72,8.36,29,Salaried,Below High School,Divorced,25486.0,813,12835.88,0.504,1,Active
LN-103963,2025-05-31,North India,Home Loan,1529865.0,120,15.99,40,Salaried,Post-Graduate,Divorced,73321.0,704,25617.71,0.349,1,Active
LN-104106,2025-05-31,South India,Vehicle Loan,577035.0,60,13.05,61,Unemployed,Post-Graduate,Single,25880.0,643,13144.09,0.508,5,Defaulted
LN-104295,2025-05-31,Central India,Vehicle Loan,245380.0,36,11.49,48,Salaried,Graduate,Divorced,60841.0,737,8090.49,0.133,1,Active
LN-106116,2025-05-31,Central India,Personal Loan,231417.0,36,15.01,25,Business Owner,High School,Married,34623.0,691,8023.28,0.232,0,Active
LN-106157,2025-05-31,Central India,Gold Loan,175063.0,24,8.73,44,Salaried,Post-Graduate,Single,91031.0,661,7976.04,0.088,0,Active
LN-106526,2025-05-31,West India,Home Loan,2092936.0,120,12.77,59,Salaried,Graduate,Single,48831.0,638,30966.5,0.634,2,Restructured
LN-100194,2025-06-01,South India,Education Loan,978396.0,36,8.65,49,Business Owner,Graduate,Divorced,72259.0,757,30953.6,0.428,1,Active
LN-102908,2025-06-01,West India,Personal Loan,262251.0,12,8.81,37,Self-Employed,Below High School,Married,24571.0,605,22911.14,0.932,0,Fully Paid
LN-103130,2025-06-01,Central India,Home Loan,2920907.0,240,16.78,21,Salaried,Graduate,Single,70960.0,614,42355.9,0.597,1,Active
LN-105304,2025-06-01,Central India,Gold Loan,299285.0,12,18.08,35,Salaried,Graduate,Single,46761.0,636,27449.84,0.587,0,Fully Paid
LN-103480,2025-06-02,South India,Vehicle Loan,578553.0,72,13.31,31,Retired,Graduate,Married,58440.0,607,11708.81,0.2,3,Active
LN-100580,2025-06-03,North India,Vehicle Loan,686113.0,36,15.53,36,Business Owner,Graduate,Married,67374.0,687,23962.79,0.356,0,Active
LN-101140,2025-06-03,North India,Gold Loan,93416.0,24,15.42,46,Salaried,Graduate,Divorced,42964.0,619,4548.09,0.106,0,Active
LN-102993,2025-06-03,Central India,Business Loan,1439167.0,84,10.82,45,Self-Employed,High School,Divorced,19985.0,624,24506.05,1.226,4,Defaulted
LN-103491,2025-06-03,North India,Home Loan,4776455.0,240,14.51,50,Business Owner,Below High School,Married,32815.0,735,61173.52,1.864,12,Written Off
LN-105013,2025-06-03,East India,Personal Loan,445728.0,36,14.4,36,Business Owner,High School,Divorced,47900.0,647,15320.66,0.32,2,Active
LN-100362,2025-06-04,Central India,Home Loan,2335693.0,300,13.46,42,Salaried,High School,Married,27708.0,620,27154.97,0.98,3,Restructured
LN-103453,2025-06-04,North India,Vehicle Loan,318223.0,60,10.89,23,Self-Employed,Graduate,Married,66638.0,582,6901.49,0.104,3,Defaulted
LN-105329,2025-06-04,South India,Vehicle Loan,254506.0,48,12.16,28,Salaried,Graduate,Single,67172.0,647,6722.13,0.1,0,Active
LN-100633,2025-06-05,North India,Home Loan,5979117.0,120,8.74,24,Salaried,Post-Graduate,Single,93318.0,559,74902.17,0.803,2,Active
LN-101697,2025-06-05,West India,Personal Loan,100353.0,24,14.36,59,Self-Employed,Graduate,Single,63967.0,692,4835.32,0.076,1,Active
LN-104843,2025-06-05,South India,Vehicle Loan,332679.0,36,13.37,29,Salaried,High School,Single,24844.0,703,11268.65,0.454,0,Active
LN-106523,2025-06-05,Central India,Home Loan,3611582.0,240,12.23,25,Salaried,Graduate,Married,66253.0,670,40347.25,0.609,1,Active
LN-104510,2025-06-06,South India,Home Loan,3842161.0,300,15.28,51,Salaried,High School,Divorced,34807.0,683,50047.74,1.438,0,Active
LN-104636,2025-06-06,West India,Business Loan,3437697.0,60,18.22,28,Salaried,High School,Married,27992.0,703,87706.85,3.133,0,Active
LN-105605,2025-06-06,East India,Home Loan,3509041.0,180,12.76,40,Self-Employed,Graduate,Single,68222.0,644,43845.17,0.643,4,Defaulted
LN-105796,2025-06-06,East India,Personal Loan,231710.0,24,9.78,30,Salaried,Graduate,Divorced,42540.0,678,10668.73,0.251,1,Active
LN-101260,2025-06-07,South India,Home Loan,1979673.0,180,17.48,36,Salaried,Professional Degree,Single,100767.0,697,31143.23,0.309,0,Active
LN-105008,2025-06-07,North India,Education Loan,335690.0,60,11.07,43,Unemployed,Graduate,Single,15543.0,500,7310.44,0.47,8,Defaulted
LN-106700,2025-06-07,East India,Education Loan,507018.0,60,12.04,31,Salaried,Post-Graduate,Single,109999.0,675,11288.59,0.103,1,Active
LN-101735,2025-06-08,South India,Business Loan,1220489.0,36,10.08,50,Salaried,Graduate,Married,71176.0,707,39427.6,0.554,1,Active
LN-104673,2025-06-08,West India,Home Loan,1675805.0,300,15.49,27,Salaried,Graduate,Married,32059.0,657,22103.28,0.689,3,Defaulted
LN-104678,2025-06-08,East India,Home Loan,4216040.0,180,8.12,31,Business Owner,Post-Graduate,Married,137368.0,645,40583.29,0.295,1,Active
LN-104810,2025-06-09,South India,Home Loan,5633522.0,300,10.5,37,Self-Employed,Post-Graduate,Single,109606.0,839,53190.68,0.485,0,Active
LN-106947,2025-06-09,South India,Home Loan,5963905.0,240,14.45,37,Salaried,Graduate,Divorced,32264.0,600,76119.45,2.359,1,Active
LN-100711,2025-06-10,North India,Personal Loan,182589.0,24,17.03,37,Self-Employed,High School,Married,38876.0,610,9030.25,0.232,1,Active
LN-100988,2025-06-10,South India,Education Loan,1196286.0,60,17.05,45,Self-Employed,Professional Degree,Married,99229.0,720,29762.96,0.3,1,Active
LN-101980,2025-06-10,South India,Home Loan,5454084.0,300,10.3,35,Unemployed,Post-Graduate,Married,20848.0,604,50719.37,2.433,12,Defaulted
LN-102665,2025-06-10,North India,Education Loan,721585.0,84,10.34,53,Retired,High School,Married,30714.0,610,12106.31,0.394,11,Written Off
LN-105276,2025-06-10,North India,Personal Loan,151433.0,36,14.25,35,Business Owner,Graduate,Single,58494.0,623,5194.03,0.089,3,Active
LN-100779,2025-06-11,North India,Vehicle Loan,1189483.0,36,11.75,42,Salaried,High School,Married,25624.0,826,39365.98,1.536,11,Defaulted
LN-103348,2025-06-11,South India,Home Loan,4464976.0,240,12.26,50,Self-Employed,Professional Degree,Married,141485.0,805,49974.95,0.353,0,Active
LN-103754,2025-06-11,West India,Home Loan,5451892.0,180,10.01,33,Salaried,High School,Married,20685.0,624,58619.67,2.834,3,Active
LN-105734,2025-06-11,Central India,Personal Loan,400944.0,24,16.29,47,Self-Employed,Post-Graduate,Divorced,68562.0,602,19687.07,0.287,5,Defaulted
LN-105986,2025-06-11,South India,Education Loan,1582520.0,120,16.07,27,Retired,Post-Graduate,Divorced,63684.0,682,26578.36,0.417,0,Active
LN-106877,2025-06-11,East India,Vehicle Loan,664307.0,72,18.08,54,Unemployed,Post-Graduate,Single,34700.0,480,15181.43,0.438,3,Defaulted
LN-102471,2025-06-13,South India,Home Loan,2717657.0,300,16.04,21,Business Owner,High School,Married,44305.0,652,37015.3,0.835,0,Active
LN-100718,2025-06-14,South India,Vehicle Loan,812496.0,60,10.4,30,Business Owner,Graduate,Married,94520.0,611,17423.49,0.184,5,Defaulted
LN-101627,2025-06-14,South India,Business Loan,3880143.0,60,9.79,21,Self-Employed,High School,Divorced,20952.0,670,82041.21,3.916,1,Active
LN-100368,2025-06-15,South India,Business Loan,3613965.0,24,17.09,42,Salaried,Post-Graduate,Married,59782.0,581,178838.94,2.992,5,Defaulted
LN-101139,2025-06-15,West India,Personal Loan,339862.0,36,12.87,49,Retired,Graduate,Divorced,39595.0,547,11430.02,0.289,0,Active
LN-105631,2025-06-15,North India,Home Loan,1599248.0,180,17.77,36,Salaried,Professional Degree,Divorced,106363.0,804,25490.42,0.24,0,Active
LN-101731,2025-06-16,North India,Business Loan,973128.0,84,13.99,38,Self-Employed,Post-Graduate,Married,103088.0,694,18231.05,0.177,0,Active
LN-105072,2025-06-16,East India,Gold Loan,479165.0,6,14.6,37,Salaried,High School,Married,38696.0,690,83295.84,2.153,0,Fully Paid
LN-105182,2025-06-16,West India,Personal Loan,164871.0,36,12.98,42,Self-Employed,Graduate,Married,45780.0,640,5553.57,0.121,5,Written Off
LN-105769,2025-06-16,South India,Education Loan,305868.0,36,10.82,24,Salaried,Professional Degree,Divorced,117622.0,687,9987.67,0.085,1,Active
LN-103876,2025-06-17,North India,Business Loan,4647596.0,24,16.65,48,Salaried,Below High School,Married,19114.0,588,229006.83,11.981,4,Restructured
LN-104952,2025-06-17,West India,Education Loan,924359.0,60,9.36,55,Self-Employed,Graduate,Single,45875.0,669,19350.08,0.422,0,Active
LN-105063,2025-06-17,East India,Vehicle Loan,260863.0,60,15.49,51,Salaried,Graduate,Single,48241.0,779,6273.21,0.13,0,Active
LN-105951,2025-06-17,Central India,Home Loan,5899215.0,120,17.6,43,Salaried,Post-Graduate,Single,71630.0,842,104780.7,1.463,6,Restructured
LN-105953,2025-06-17,East India,Personal Loan,241042.0,36,14.7,41,Salaried,Graduate,Divorced,67144.0,807,8320.43,0.124,3,Restructured
LN-106797,2025-06-17,East India,Education Loan,980965.0,84,11.78,64,Salaried,Post-Graduate,Single,73072.0,692,17201.51,0.235,1,Active
LN-100128,2025-06-18,West India,Personal Loan,417114.0,36,16.34,38,Salaried,Post-Graduate,Married,109501.0,609,14734.6,0.135,5,Written Off
LN-100496,2025-06-18,North India,Home Loan,2512070.0,240,8.75,31,Salaried,High School,Single,22836.0,620,22199.43,0.972,1,Active
LN-106221,2025-06-18,West India,Personal Loan,492082.0,48,12.13,43,Retired,Below High School,Single,13656.0,698,12989.84,0.951,1,Active
LN-103319,2025-06-19,East India,Vehicle Loan,491272.0,36,8.61,21,Business Owner,High School,Single,49643.0,677,15533.3,0.313,0,Active
LN-104243,2025-06-19,South India,Business Loan,1607738.0,24,12.43,46,Salaried,Graduate,Single,35343.0,567,76005.06,2.15,2,Active
LN-104986,2025-06-19,West India,Personal Loan,431562.0,36,10.06,27,Self-Employed,Below High School,Married,16048.0,658,13937.45,0.868,0,Active
LN-100182,2025-06-20,West India,Home Loan,3811102.0,240,12.56,33,Salaried,Professional Degree,Single,95493.0,619,43460.78,0.455,2,Active
LN-101182,2025-06-20,North India,Vehicle Loan,856901.0,72,7.67,39,Salaried,Graduate,Divorced,67111.0,763,14886.55,0.222,0,Active
LN-103306,2025-06-20,South India,Vehicle Loan,1009255.0,36,10.24,32,Retired,Post-Graduate,Married,75360.0,646,32679.66,0.434,0,Active
LN-104456,2025-06-20,West India,Business Loan,1917910.0,84,15.42,34,Retired,Graduate,Single,64525.0,772,37462.82,0.581,1,Active
LN-105732,2025-06-20,West India,Personal Loan,217223.0,36,16.95,29,Unemployed,Post-Graduate,Married,17093.0,553,7739.19,0.453,4,Defaulted
LN-101605,2025-06-21,West India,Gold Loan,727736.0,6,16.16,47,Salaried,Post-Graduate,Single,108121.0,694,127069.82,1.175,0,Fully Paid
LN-102147,2025-06-21,West India,Personal Loan,167683.0,36,9.83,33,Salaried,Graduate,Married,70598.0,759,5397.29,0.076,0,Active
LN-102497,2025-06-21,South India,Education Loan,1494382.0,84,12.67,26,Salaried,Post-Graduate,Single,95851.0,620,26918.36,0.281,1,Active
LN-105670,2025-06-21,South India,Vehicle Loan,718285.0,72,15.87,43,Business Owner,Below High School,Married,27044.0,720,15529.56,0.574,0,Active
LN-106939,2025-06-21,North India,Education Loan,1049969.0,60,13.08,32,Salaried,Post-Graduate,Divorced,51743.0,597,23933.04,0.463,0,Active
LN-106960,2025-06-21,North India,Gold Loan,119431.0,12,13.49,28,Business Owner,Graduate,Married,45737.0,620,10694.73,0.234,0,Fully Paid
LN-101162,2025-06-22,North India,Vehicle Loan,818258.0,48,11.81,57,Salaried,High School,Married,21695.0,766,21471.62,0.99,1,Active
LN-103971,2025-06-22,North India,Education Loan,1209440.0,84,18.33,39,Self-Employed,Graduate,Married,37678.0,654,25654.28,0.681,4,Restructured
LN-105495,2025-06-22,West India,Personal Loan,178929.0,48,16.09,35,Self-Employed,Post-Graduate,Divorced,58350.0,591,5079.15,0.087,3,Active
LN-106266,2025-06-22,East India,Business Loan,2069183.0,84,18.45,52,Self-Employed,Professional Degree,Divorced,122567.0,788,44037.22,0.359,0,Active
LN-106464,2025-06-22,Central India,Gold Loan,794224.0,12,8.4,50,Unemployed,Post-Graduate,Single,29731.0,475,69235.27,2.329,2,Active
LN-100378,2025-06-23,South India,Vehicle Loan,301436.0,36,8.01,50,Business Owner,High School,Married,26494.0,709,9447.3,0.357,1,Active
LN-100554,2025-06-23,South India,Vehicle Loan,585784.0,60,9.64,59,Self-Employed,Graduate,Married,35183.0,654,12342.67,0.351,0,Active
LN-100792,2025-06-23,West India,Home Loan,5828736.0,120,7.81,40,Business Owner,High School,Married,60687.0,652,70134.83,1.156,1,Active
LN-100965,2025-06-23,East India,Business Loan,3552432.0,84,11.18,54,Salaried,High School,Single,19923.0,691,61163.02,3.07,12,Written Off
LN-101117,2025-06-23,South India,Personal Loan,373987.0,36,16.0,34,Business Owner,Post-Graduate,Single,112884.0,568,13148.27,0.116,2,Active
LN-101181,2025-06-23,North India,Agriculture Loan,520028.0,24,8.36,29,Business Owner,Graduate,Single,65579.0,686,23604.93,0.36,1,Active
LN-101530,2025-06-24,East India,Personal Loan,88852.0,36,7.57,67,Salaried,Graduate,Married,42996.0,725,2766.71,0.064,0,Active
LN-102399,2025-06-24,North India,Gold Loan,473476.0,12,8.64,24,Retired,High School,Divorced,23909.0,666,41327.17,1.729,1,Active
LN-103764,2025-06-24,Central India,Home Loan,3141379.0,240,14.75,48,Business Owner,Graduate,Divorced,106707.0,824,40786.26,0.382,1,Active
LN-105339,2025-06-24,East India,Vehicle Loan,945210.0,72,8.96,38,Salaried,Professional Degree,Married,136784.0,753,17019.16,0.124,0,Active
LN-106692,2025-06-24,Central India,Business Loan,2817997.0,84,9.62,32,Salaried,Post-Graduate,Single,91166.0,778,46230.65,0.507,11,Defaulted
LN-100986,2025-06-25,West India,Vehicle Loan,349230.0,60,13.05,21,Business Owner,Graduate,Single,60928.0,708,7955.0,0.131,3,Defaulted
LN-101937,2025-06-25,South India,Gold Loan,588689.0,12,13.07,43,Salaried,High School,Single,21745.0,579,52599.43,2.419,1,Active
LN-102599,2025-06-25,Central India,Education Loan,1128446.0,60,10.8,32,Salaried,Post-Graduate,Married,94587.0,606,24422.75,0.258,1,Active
LN-103274,2025-06-25,North India,Personal Loan,495270.0,12,13.48,58,Self-Employed,High School,Single,27492.0,668,44347.78,1.613,0,Fully Paid
LN-106021,2025-06-25,East India,Personal Loan,267909.0,12,12.01,29,Salaried,Graduate,Married,62457.0,722,23804.64,0.381,0,Fully Paid
LN-101948,2025-06-26,South India,Vehicle Loan,282200.0,72,9.93,40,Salaried,Graduate,Single,56203.0,696,5218.04,0.093,1,Active
LN-105193,2025-06-26,East India,Vehicle Loan,236063.0,72,12.79,56,Salaried,Graduate,Divorced,43929.0,664,4712.63,0.107,0,Active
LN-103294,2025-06-27,South India,Home Loan,4790911.0,120,9.59,31,Salaried,Post-Graduate,Single,83082.0,767,62229.54,0.749,0,Active
LN-103732,2025-06-27,West India,Education Loan,949267.0,60,17.07,28,Self-Employed,High School,Married,35575.0,565,23627.47,0.664,0,Active
LN-103959,2025-06-27,West India,Gold Loan,771463.0,6,10.62,41,Self-Employed,High School,Married,28668.0,597,132589.09,4.625,0,Fully Paid
LN-104698,2025-06-27,Central India,Vehicle Loan,853825.0,60,17.59,40,Retired,High School,Divorced,26965.0,592,21491.56,0.797,3,Active
LN-100356,2025-06-28,Central India,Business Loan,537468.0,24,16.58,24,Salaried,Graduate,Divorced,34058.0,761,26465.3,0.777,5,Defaulted
LN-101520,2025-06-28,North India,Vehicle Loan,408100.0,36,15.1,38,Self-Employed,Graduate,Married,35556.0,673,14166.91,0.398,0,Active
LN-101762,2025-06-28,West India,Home Loan,2284539.0,120,14.15,24,Self-Employed,Professional Degree,Single,87799.0,697,35677.55,0.406,0,Active
LN-102418,2025-06-28,South India,Vehicle Loan,1024697.0,60,9.91,38,Self-Employed,Post-Graduate,Married,107110.0,714,21726.43,0.203,1,Active
LN-103685,2025-06-28,North India,Vehicle Loan,1111508.0,72,15.73,41,Self-Employed,High School,Single,24519.0,658,23945.73,0.977,11,Written Off
LN-100202,2025-06-29,North India,Home Loan,5457446.0,240,13.54,39,Salaried,Graduate,Divorced,64683.0,814,66048.95,1.021,8,Defaulted
LN-101354,2025-06-29,West India,Vehicle Loan,239113.0,60,9.45,29,Salaried,Post-Graduate,Divorced,92506.0,835,5015.98,0.054,0,Active
LN-102684,2025-06-29,Central India,Business Loan,4523705.0,24,15.36,42,Self-Employed,Post-Graduate,Married,89143.0,637,220113.82,2.469,2,Active
LN-103225,2025-06-29,South India,Home Loan,3293085.0,120,18.2,33,Business Owner,Professional Degree,Single,228865.0,802,59761.18,0.261,1,Active
LN-104376,2025-06-29,Central India,Gold Loan,592887.0,12,18.03,41,Unemployed,High School,Divorced,11415.0,467,54364.34,4.763,10,Written Off
LN-104611,2025-06-29,South India,Business Loan,4546180.0,60,8.76,21,Unemployed,Professional Degree,Single,38080.0,519,93842.56,2.464,2,Active
LN-104723,2025-06-29,Central India,Personal Loan,200169.0,36,16.52,46,Business Owner,Post-Graduate,Divorced,135406.0,742,7088.84,0.052,0,Active
LN-104661,2025-06-30,North India,Business Loan,1714531.0,24,8.79,22,Retired,Graduate,Single,54202.0,624,78162.81,1.442,2,Restructured
LN-100672,2025-07-02,East India,Personal Loan,352513.0,24,13.42,21,Business Owner,Graduate,Single,89984.0,751,16828.74,0.187,0,Active
LN-103145,2025-07-02,North India,Home Loan,2469746.0,180,15.78,54,Salaried,Professional Degree,Divorced,94858.0,756,35895.06,0.378,6,Restructured
LN-106501,2025-07-02,North India,Gold Loan,197063.0,12,14.61,29,Self-Employed,Post-Graduate,Divorced,111630.0,657,17750.33,0.159,0,Fully Paid
LN-104526,2025-07-03,Central India,Gold Loan,132842.0,6,8.3,40,Self-Employed,Below High School,Divorced,21032.0,551,22679.39,1.078,1,Active
LN-100261,2025-07-04,Central India,Education Loan,1215322.0,84,17.35,30,Salaried,Graduate,Married,57289.0,632,25082.52,0.438,3,Active
LN-101206,2025-07-04,North India,Business Loan,3539512.0,60,9.22,25,Retired,Professional Degree,Single,99732.0,748,73852.95,0.741,1,Active
LN-101281,2025-07-04,North India,Business Loan,3760578.0,84,11.47,30,Salaried,Professional Degree,Single,136456.0,819,65323.33,0.479,0,Active
LN-104868,2025-07-04,South India,Vehicle Loan,586491.0,48,10.43,27,Retired,Graduate,Single,35013.0,715,14996.33,0.428,1,Active
LN-106701,2025-07-04,South India,Business Loan,1554163.0,60,10.75,27,Salaried,Graduate,Single,56668.0,704,33597.82,0.593,1,Active
LN-104847,2025-07-06,North India,Education Loan,1075466.0,120,16.33,42,Self-Employed,Professional Degree,Divorced,96504.0,748,18237.26,0.189,0,Active
LN-105382,2025-07-06,South India,Education Loan,877992.0,120,10.55,53,Self-Employed,Post-Graduate,Divorced,89696.0,635,11871.78,0.132,2,Active
LN-103476,2025-07-07,South India,Vehicle Loan,326263.0,48,14.52,52,Salaried,Graduate,Single,57698.0,733,9000.96,0.156,1,Active
LN-103813,2025-07-07,North India,Vehicle Loan,492159.0,48,13.69,40,Self-Employed,High School,Single,19816.0,642,13372.56,0.675,5,Restructured
LN-105882,2025-07-07,South India,Personal Loan,197185.0,12,17.19,54,Salaried,Graduate,Single,57869.0,643,18001.99,0.311,1,Active
LN-106342,2025-07-07,North India,Gold Loan,547978.0,24,16.41,28,Salaried,Graduate,Single,59158.0,574,26938.18,0.455,5,Defaulted
LN-101442,2025-07-08,Central India,Business Loan,4089395.0,24,8.68,39,Retired,High School,Married,35945.0,622,186223.12,5.181,7,Written Off
LN-105012,2025-07-08,Central India,Home Loan,2312210.0,300,15.75,33,Business Owner,Graduate,Divorced,64709.0,748,30967.19,0.479,0,Active
LN-102023,2025-07-09,West India,Business Loan,997914.0,36,12.19,49,Salaried,Post-Graduate,Divorced,105310.0,691,33235.66,0.316,0,Active
LN-103015,2025-07-09,East India,Home Loan,3179576.0,180,15.62,39,Self-Employed,Graduate,Married,48899.0,719,45858.81,0.938,0,Active
LN-103566,2025-07-09,South India,Home Loan,2932529.0,120,16.16,33,Salaried,Professional Degree,Divorced,151001.0,713,49416.51,0.327,0,Active
LN-103593,2025-07-09,West India,Gold Loan,211543.0,12,10.77,26,Business Owner,Post-Graduate,Single,94228.0,586,18673.83,0.198,3,Active
LN-104948,2025-07-09,North India,Home Loan,4886285.0,120,7.76,25,Self-Employed,Professional Degree,Married,114045.0,651,58666.28,0.514,1,Active
LN-100390,2025-07-10,East India,Vehicle Loan,743110.0,36,13.84,29,Salaried,Graduate,Single,35398.0,730,25340.03,0.716,10,Defaulted
LN-103729,2025-07-10,East India,Vehicle Loan,624413.0,60,15.61,38,Business Owner,Below High School,Single,25101.0,680,15055.42,0.6,1,Active
LN-104216,2025-07-10,West India,Home Loan,5849279.0,240,17.33,47,Self-Employed,Professional Degree,Single,113560.0,768,87268.18,0.768,0,Active
LN-100826,2025-07-11,East India,Education Loan,904326.0,36,10.31,46,Retired,Graduate,Divorced,61420.0,738,29311.85,0.477,0,Active
LN-101236,2025-07-11,South India,Home Loan,5863053.0,240,10.3,33,Salaried,Post-Graduate,Single,71568.0,714,57749.99,0.807,0,Active
LN-101495,2025-07-11,East India,Agriculture Loan,218825.0,12,10.81,34,Salaried,High School,Married,39841.0,746,19320.73,0.485,1,Active
LN-102117,2025-07-11,East India,Vehicle Loan,1076194.0,60,13.32,47,Salaried,High School,Single,36015.0,633,24663.37,0.685,4,Defaulted
LN-103735,2025-07-11,East India,Home Loan,4007147.0,120,10.25,56,Self-Employed,Post-Graduate,Married,68436.0,608,53511.04,0.782,3,Written Off
LN-101558,2025-07-12,Central India,Personal Loan,271702.0,24,9.69,52,Business Owner,High School,Divorced,29879.0,757,12498.83,0.418,1,Active
LN-102153,2025-07-12,North India,Vehicle Loan,947072.0,72,18.03,49,Self-Employed,Post-Graduate,Divorced,94656.0,640,21616.69,0.228,0,Active
LN-102856,2025-07-12,Central India,Home Loan,4640863.0,300,15.98,29,Self-Employed,Graduate,Single,38631.0,637,62991.31,1.631,0,Active
LN-105113,2025-07-12,West India,Business Loan,2658939.0,24,13.23,28,Salaried,Professional Degree,Married,69246.0,788,126698.25,1.83,1,Active
LN-100487,2025-07-13,East India,Personal Loan,460761.0,24,7.82,40,Salaried,Graduate,Married,44893.0,640,20801.17,0.463,0,Active
LN-101078,2025-07-13,East India,Vehicle Loan,1170233.0,72,10.91,31,Self-Employed,High School,Divorced,33418.0,673,22220.4,0.665,5,Defaulted
LN-101368,2025-07-13,Central India,Vehicle Loan,1031049.0,72,18.21,40,Business Owner,Post-Graduate,Single,108668.0,745,23638.52,0.218,0,Active
LN-103182,2025-07-13,South India,Gold Loan,271401.0,12,14.76,28,Salaried,High School,Divorced,19419.0,728,24465.47,1.26,3,Defaulted
LN-103829,2025-07-13,East India,Education Loan,834825.0,120,9.26,39,Salaried,Graduate,Married,40518.0,771,10693.04,0.264,0,Active
LN-103882,2025-07-13,Central India,Home Loan,5674159.0,300,15.13,40,Business Owner,High School,Married,42228.0,698,73249.16,1.735,0,Active
LN-106790,2025-07-13,West India,Personal Loan,274305.0,12,10.97,33,Salaried,Post-Graduate,Married,49823.0,612,24239.69,0.487,3,Active
LN-101818,2025-07-14,Central India,Business Loan,1016471.0,24,7.99,43,Business Owner,Graduate,Single,70616.0,775,45967.59,0.651,0,Active
LN-104221,2025-07-14,North India,Personal Loan,453415.0,36,14.28,65,Salaried,Graduate,Single,32304.0,671,15558.38,0.482,5,Defaulted
LN-104304,2025-07-14,Central India,Business Loan,3501480.0,24,8.25,42,Salaried,High School,Divorced,36048.0,580,158762.0,4.404,1,Active
LN-103640,2025-07-15,North India,Business Loan,3737639.0,84,17.22,32,Self-Employed,Graduate,Single,60052.0,679,76857.62,1.28,5,Restructured
LN-104720,2025-07-15,West India,Business Loan,3792747.0,84,16.66,21,Self-Employed,High School,Single,32602.0,794,76764.42,2.355,1,Active
LN-106405,2025-07-15,Central India,Personal Loan,248571.0,12,17.09,55,Retired,Graduate,Divorced,64244.0,663,22681.47,0.353,0,Active
LN-106494,2025-07-15,South India,Business Loan,3101233.0,60,8.54,39,Salaried,Professional Degree,Single,147859.0,691,63686.35,0.431,5,Defaulted
LN-100674,2025-07-16,West India,Home Loan,2048475.0,120,17.2,45,Business Owner,Graduate,Married,106767.0,712,35862.04,0.336,0,Active
LN-101723,2025-07-16,Central India,Home Loan,4248801.0,120,8.96,52,Salaried,Post-Graduate,Married,90313.0,756,53730.08,0.595,3,Restructured
LN-103349,2025-07-16,Central India,Vehicle Loan,989225.0,72,16.59,30,Salaried,Below High School,Married,27033.0,703,21780.73,0.806,1,Active
LN-104064,2025-07-16,Central India,Business Loan,4715723.0,24,9.39,26,Salaried,Graduate,Divorced,38411.0,706,216281.4,5.631,0,Active
LN-105883,2025-07-16,South India,Home Loan,2822991.0,240,13.48,32,Business Owner,High School,Married,35596.0,677,34043.46,0.956,0,Active
LN-106121,2025-07-16,South India,Vehicle Loan,1011335.0,48,12.83,31,Retired,High School,Married,22596.0,669,27046.33,1.197,5,Defaulted
LN-100956,2025-07-17,East India,Personal Loan,159037.0,24,9.36,28,Salaried,Post-Graduate,Single,88214.0,687,7291.86,0.083,0,Active
LN-101741,2025-07-17,South India,Business Loan,4354351.0,60,9.48,32,Self-Employed,Graduate,Married,49011.0,786,91406.92,1.865,11,Written Off
LN-103082,2025-07-17,South India,Vehicle Loan,930791.0,36,10.52,39,Retired,High School,Divorced,18205.0,716,30261.76,1.662,1,Active
LN-105666,2025-07-17,South India,Home Loan,5393747.0,180,14.77,39,Self-Employed,High School,Single,29977.0,613,74642.31,2.49,4,Restructured
LN-106491,2025-07-17,Central India,Home Loan,5955645.0,240,14.68,43,Salaried,High School,Divorced,31910.0,750,77018.84,2.414,1,Active
LN-101075,2025-07-18,Central India,Gold Loan,459793.0,6,14.4,53,Salaried,Below High School,Single,16192.0,725,79882.71,4.933,0,Fully Paid
LN-105763,2025-07-18,Central India,Home Loan,4051348.0,300,7.8,21,Self-Employed,Professional Degree,Divorced,101923.0,703,30734.11,0.302,1,Active
LN-101535,2025-07-19,Central India,Home Loan,5791237.0,180,17.03,31,Self-Employed,Post-Graduate,Single,61199.0,748,89250.55,1.458,4,Restructured
LN-104491,2025-07-19,West India,Personal Loan,372255.0,12,15.03,35,Business Owner,Graduate,Married,65970.0,700,33604.38,0.509,0,Active
LN-105852,2025-07-19,West India,Vehicle Loan,991672.0,60,15.75,41,Salaried,Graduate,Divorced,64776.0,642,23984.01,0.37,2,Active
LN-100191,2025-07-21,East India,Home Loan,2524156.0,240,9.16,45,Business Owner,Post-Graduate,Divorced,99355.0,781,22970.87,0.231,1,Active
LN-101026,2025-07-21,East India,Home Loan,5207936.0,180,10.21,29,Salaried,Post-Graduate,Married,98875.0,705,56635.72,0.573,1,Active
LN-103037,2025-07-21,North India,Personal Loan,276324.0,24,14.41,59,Salaried,Graduate,Single,61906.0,757,13320.7,0.215,0,Active
LN-103969,2025-07-21,Central India,Vehicle Loan,1048346.0,48,18.03,40,Salaried,Professional Degree,Single,103577.0,728,30811.6,0.297,1,Active
LN-106269,2025-07-21,North India,Personal Loan,117328.0,36,14.18,40,Self-Employed,Post-Graduate,Divorced,79058.0,696,4020.26,0.051,0,Active
LN-100534,2025-07-22,North India,Home Loan,5649730.0,120,8.41,50,Unemployed,Professional Degree,Divorced,42729.0,565,69776.91,1.633,12,Defaulted
LN-101071,2025-07-22,Central India,Business Loan,2784234.0,24,16.14,41,Unemployed,Post-Graduate,Married,28291.0,518,136511.08,4.825,12,Written Off
LN-105597,2025-07-22,Central India,Business Loan,2235578.0,84,8.99,31,Salaried,Graduate,Divorced,45438.0,630,35957.04,0.791,1,Active
LN-103576,2025-07-23,West India,Vehicle Loan,755553.0,48,9.12,23,Salaried,Post-Graduate,Married,58678.0,621,18845.05,0.321,3,Active
LN-104477,2025-07-23,West India,Gold Loan,357651.0,24,9.77,55,Salaried,Professional Degree,Divorced,82032.0,721,16465.84,0.201,1,Active
LN-105251,2025-07-23,Central India,Personal Loan,129491.0,48,17.72,31,Business Owner,Post-Graduate,Divorced,174020.0,703,3784.88,0.022,0,Active
LN-106685,2025-07-23,South India,Home Loan,2634109.0,180,15.7,60,Unemployed,Graduate,Divorced,11765.0,488,38137.64,3.242,2,Restructured
LN-101711,2025-07-24,North India,Personal Loan,68368.0,12,12.82,21,Retired,Graduate,Divorced,56188.0,623,6100.67,0.109,0,Active
LN-104326,2025-07-24,North India,Business Loan,1550359.0,84,8.4,35,Salaried,Post-Graduate,Divorced,85637.0,850,24474.35,0.286,0,Active
LN-104829,2025-07-24,South India,Business Loan,1675358.0,84,13.19,50,Salaried,Professional Degree,Divorced,66819.0,658,30651.37,0.459,1,Active
LN-105489,2025-07-24,South India,Vehicle Loan,607696.0,36,8.25,45,Retired,Post-Graduate,Single,96996.0,678,19113.15,0.197,0,Active
LN-100557,2025-07-25,East India,Education Loan,1004689.0,84,11.84,25,Salaried,High School,Divorced,20328.0,759,17649.66,0.868,0,Active
LN-102685,2025-07-25,Central India,Business Loan,530846.0,60,12.24,38,Retired,High School,Divorced,24406.0,664,11872.86,0.486,6,Restructured
LN-104132,2025-07-25,South India,Home Loan,5943503.0,180,10.06,46,Salaried,Post-Graduate,Single,70619.0,797,64087.53,0.908,0,Active
LN-104458,2025-07-25,Central India,Business Loan,1955125.0,84,10.76,45,Business Owner,Post-Graduate,Single,85891.0,727,33230.3,0.387,1,Active
LN-104588,2025-07-25,South India,Business Loan,2717072.0,84,18.23,28,Self-Employed,Post-Graduate,Married,100857.0,688,57473.85,0.57,1,Active
LN-105093,2025-07-25,Central India,Agriculture Loan,231464.0,12,11.84,36,Business Owner,High School,Single,38482.0,627,20547.98,0.534,11,Defaulted
LN-106035,2025-07-25,North India,Personal Loan,149712.0,36,12.37,43,Salaried,Graduate,Single,48454.0,695,4999.08,0.103,1,Active
LN-100765,2025-07-26,East India,Vehicle Loan,1167102.0,48,16.06,43,Self-Employed,Post-Graduate,Single,76599.0,655,33111.87,0.432,0,Active
LN-105361,2025-07-26,South India,Home Loan,1518257.0,120,10.15,33,Business Owner,Graduate,Married,49342.0,736,20190.2,0.409,1,Active
LN-101767,2025-07-27,Central India,Home Loan,4117642.0,180,15.21,25,Salaried,High School,Single,33868.0,664,58223.39,1.719,1,Active
LN-103467,2025-07-27,East India,Education Loan,1063267.0,120,16.93,36,Salaried,Post-Graduate,Single,50197.0,696,18432.2,0.367,3,Restructured
LN-106963,2025-07-27,North India,Gold Loan,466423.0,12,7.89,43,Salaried,Post-Graduate,Married,94188.0,819,40549.69,0.431,0,Active
LN-100911,2025-07-28,West India,Business Loan,1055717.0,84,10.16,37,Salaried,Professional Degree,Single,124834.0,667,17613.55,0.141,1,Active
LN-102000,2025-07-28,North India,Education Loan,1098538.0,120,14.26,28,Salaried,Post-Graduate,Married,84190.0,799,17228.76,0.205,1,Active
LN-106783,2025-07-29,Central India,Home Loan,2439638.0,300,7.74,34,Salaried,Below High School,Single,27557.0,674,18411.27,0.668,1,Active
LN-106436,2025-07-30,South India,Personal Loan,441202.0,24,15.04,22,Retired,Post-Graduate,Single,68354.0,610,21400.79,0.313,0,Active
LN-105186,2025-07-31,Central India,Vehicle Loan,694808.0,72,17.87,24,Self-Employed,Graduate,Single,51404.0,721,15796.02,0.307,1,Active
LN-105345,2025-07-31,North India,Home Loan,2283878.0,180,9.87,51,Salaried,Graduate,Divorced,55935.0,713,24361.35,0.436,0,Active
LN-105423,2025-07-31,Central India,Agriculture Loan,366600.0,12,17.98,21,Self-Employed,Professional Degree,Divorced,111647.0,707,33606.4,0.301,1,Active
LN-103693,2025-08-01,North India,Home Loan,5164780.0,240,15.39,23,Salaried,Professional Degree,Married,80195.0,668,69502.22,0.867,1,Active
LN-104776,2025-08-01,Central India,Vehicle Loan,495988.0,48,10.12,45,Retired,High School,Divorced,23089.0,559,12608.14,0.546,0,Active
LN-100880,2025-08-02,West India,Home Loan,3936829.0,300,12.42,66,Self-Employed,Graduate,Single,35932.0,679,42690.55,1.188,1,Active
LN-104185,2025-08-02,East India,Personal Loan,62271.0,48,17.5,39,Retired,Post-Graduate,Single,99724.0,741,1812.98,0.018,0,Active
LN-100076,2025-08-03,East India,Gold Loan,570015.0,12,18.31,34,Self-Employed,Graduate,Divorced,51483.0,629,52343.1,1.017,11,Defaulted
LN-100823,2025-08-03,South India,Business Loan,4449721.0,60,17.56,53,Salaried,High School,Single,32566.0,650,111931.29,3.437,12,Defaulted
LN-100423,2025-08-04,North India,Home Loan,4067490.0,120,17.94,29,Retired,Graduate,Married,40119.0,720,73133.11,1.823,1,Active
LN-103822,2025-08-04,Central India,Business Loan,2764431.0,60,16.13,26,Self-Employed,Professional Degree,Divorced,148917.0,627,67416.69,0.453,2,Active
LN-105614,2025-08-04,East India,Personal Loan,53700.0,24,16.44,40,Salaried,Below High School,Divorced,22645.0,703,2640.62,0.117,1,Active
LN-106929,2025-08-04,North India,Business Loan,4643695.0,24,17.62,21,Business Owner,Professional Degree,Single,142381.0,696,230980.58,1.622,1,Active
LN-101939,2025-08-05,West India,Vehicle Loan,1120490.0,72,15.56,31,Salaried,Professional Degree,Married,138732.0,711,24034.86,0.173,0,Active
LN-102051,2025-08-05,East India,Vehicle Loan,641846.0,48,18.22,29,Business Owner,Post-Graduate,Single,105393.0,745,18928.09,0.18,0,Active
LN-104595,2025-08-05,South India,Business Loan,3837916.0,24,12.57,21,Salaried,Graduate,Married,66041.0,845,181687.33,2.751,0,Active
LN-102107,2025-08-06,Central India,Home Loan,4531178.0,180,11.29,25,Business Owner,Post-Graduate,Married,78734.0,751,52329.37,0.665,1,Active
LN-100891,2025-08-07,South India,Education Loan,1071612.0,120,10.02,37,Self-Employed,High School,Married,29450.0,656,14173.3,0.481,1,Active
LN-102725,2025-08-07,East India,Education Loan,1808405.0,60,10.98,29,Salaried,Post-Graduate,Married,110464.0,771,39301.07,0.356,7,Defaulted
LN-106846,2025-08-07,North India,Business Loan,1043870.0,24,8.08,42,Retired,Graduate,Single,43073.0,648,47249.51,1.097,2,Active
LN-102960,2025-08-08,South India,Vehicle Loan,990466.0,72,18.28,39,Business Owner,Post-Graduate,Single,141539.0,714,22747.4,0.161,0,Active
LN-101496,2025-08-09,East India,Personal Loan,103776.0,24,11.82,44,Business Owner,High School,Divorced,33789.0,723,4876.38,0.144,0,Active
LN-100110,2025-08-10,Central India,Home Loan,3735266.0,120,17.26,21,Self-Employed,Graduate,Single,32373.0,736,65534.73,2.024,0,Active
LN-100812,2025-08-10,East India,Personal Loan,457282.0,24,14.39,40,Salaried,High School,Divorced,29418.0,742,22039.77,0.749,1,Active
LN-106955,2025-08-10,West India,Home Loan,4484446.0,300,8.72,44,Salaried,Graduate,Single,68596.0,767,36777.23,0.536,1,Active
LN-101035,2025-08-11,South India,Vehicle Loan,647709.0,60,18.01,21,Salaried,Post-Graduate,Divorced,55018.0,688,16451.08,0.299,0,Active
LN-103326,2025-08-11,West India,Home Loan,3381788.0,300,17.35,48,Salaried,Professional Degree,Single,136156.0,669,49563.2,0.364,1,Active
LN-104018,2025-08-11,East India,Education Loan,941973.0,84,16.01,36,Salaried,Post-Graduate,Single,73835.0,746,18714.89,0.253,0,Active
LN-104905,2025-08-11,South India,Home Loan,1572313.0,120,10.11,41,Salaried,Graduate,Married,49057.0,682,20874.12,0.426,1,Active
LN-102625,2025-08-12,North India,Home Loan,4512148.0,120,13.21,25,Salaried,Post-Graduate,Married,59310.0,732,67931.26,1.145,6,Restructured
LN-106057,2025-08-12,North India,Home Loan,4650420.0,240,14.23,28,Salaried,Professional Degree,Single,103687.0,597,58607.39,0.565,0,Active
LN-102891,2025-08-13,North India,Personal Loan,176415.0,24,13.37,33,Self-Employed,Post-Graduate,Married,80383.0,655,8417.78,0.105,0,Active
LN-103731,2025-08-13,East India,Business Loan,2081742.0,24,14.18,37,Salaried,Post-Graduate,Divorced,86591.0,720,100127.55,1.156,0,Active
LN-106075,2025-08-13,East India,Personal Loan,206549.0,24,11.47,22,Self-Employed,Professional Degree,Married,119763.0,715,9671.94,0.081,0,Active
LN-106715,2025-08-13,North India,Vehicle Loan,1162392.0,36,17.74,57,Retired,Graduate,Married,36916.0,729,41871.8,1.134,0,Active
LN-100868,2025-08-14,West India,Personal Loan,114282.0,12,17.19,46,Salaried,High School,Divorced,38407.0,657,10433.37,0.272,4,Restructured
LN-104495,2025-08-14,East India,Vehicle Loan,1006967.0,60,12.21,23,Salaried,Professional Degree,Single,121814.0,674,22506.43,0.185,1,Active
LN-105314,2025-08-14,North India,Home Loan,1650982.0,300,18.38,36,Self-Employed,Post-Graduate,Divorced,54262.0,649,25554.85,0.471,1,Active
LN-106397,2025-08-14,Central India,Agriculture Loan,333178.0,12,17.48,55,Salaried,Professional Degree,Divorced,73730.0,686,30463.36,0.413,1,Active
LN-100069,2025-08-15,North India,Vehicle Loan,479668.0,72,9.85,42,Salaried,Post-Graduate,Single,71669.0,705,8850.01,0.123,0,Active
LN-100860,2025-08-15,Central India,Home Loan,5966672.0,300,13.83,22,Unemployed,Graduate,Married,21985.0,441,71049.25,3.232,6,Restructured
LN-101146,2025-08-15,West India,Home Loan,2052190.0,180,12.26,49,Salaried,Graduate,Single,49269.0,581,24974.04,0.507,2,Active
LN-101997,2025-08-15,West India,Business Loan,2751286.0,84,12.3,54,Business Owner,Post-Graduate,Single,85320.0,704,49010.22,0.574,3,Restructured
LN-103534,2025-08-15,North India,Personal Loan,207911.0,48,14.07,43,Business Owner,Post-Graduate,Married,148857.0,811,5688.78,0.038,1,Active
LN-103609,2025-08-15,East India,Home Loan,1945042.0,240,7.62,27,Self-Employed,Graduate,Divorced,63193.0,723,15812.15,0.25,1,Active
LN-105563,2025-08-15,West India,Vehicle Loan,1003934.0,60,14.99,37,Business Owner,Below High School,Divorced,30240.0,755,23878.25,0.79,0,Active
LN-106586,2025-08-15,East India,Personal Loan,193133.0,48,9.25,25,Unemployed,High School,Married,5561.0,399,4829.08,0.868,3,Active
LN-106912,2025-08-15,North India,Vehicle Loan,995287.0,60,18.4,54,Business Owner,Professional Degree,Single,175851.0,753,25490.82,0.145,1,Active
LN-101521,2025-08-16,West India,Home Loan,2110904.0,120,18.1,43,Salaried,Graduate,Divorced,60229.0,712,38171.37,0.634,2,Restructured
LN-101533,2025-08-16,East India,Education Loan,908888.0,120,18.38,39,Salaried,High School,Single,23014.0,654,16599.82,0.721,7,Defaulted
LN-105537,2025-08-16,Central India,Business Loan,4961782.0,60,18.08,57,Unemployed,Post-Graduate,Single,20330.0,475,126212.69,6.208,0,Active
LN-100640,2025-08-17,South India,Gold Loan,323989.0,24,14.13,48,Unemployed,Graduate,Divorced,10095.0,398,15575.55,1.543,9,Defaulted
LN-100699,2025-08-17,North India,Home Loan,2070566.0,300,10.99,51,Self-Employed,Post-Graduate,Married,64285.0,727,20278.92,0.315,1,Active
LN-103763,2025-08-17,Central India,Education Loan,758596.0,36,9.42,44,Salaried,High School,Married,20567.0,620,24271.71,1.18,0,Active
LN-105869,2025-08-17,Central India,Business Loan,2753441.0,36,8.56,36,Salaried,Graduate,Married,59702.0,761,86995.92,1.457,0,Active
LN-106040,2025-08-17,South India,Gold Loan,471963.0,12,12.5,36,Self-Employed,Graduate,Married,36153.0,732,42043.82,1.163,1,Active
LN-100591,2025-08-18,East India,Vehicle Loan,1126585.0,48,17.6,37,Retired,Graduate,Married,68100.0,764,32858.42,0.483,0,Active
LN-102814,2025-08-18,East India,Home Loan,3408961.0,180,12.2,50,Self-Employed,High School,Divorced,31190.0,698,41352.92,1.326,0,Active
LN-104523,2025-08-18,West India,Gold Loan,316689.0,12,13.05,53,Salaried,Professional Degree,Single,110570.0,728,28293.23,0.256,1,Active
LN-100002,2025-08-19,North India,Personal Loan,171430.0,36,13.65,44,Self-Employed,Graduate,Divorced,64550.0,650,5829.97,0.09,0,Active
LN-101911,2025-08-19,East India,Personal Loan,225909.0,12,11.65,44,Retired,High School,Married,23636.0,654,20034.77,0.848,0,Active
LN-104686,2025-08-19,North India,Gold Loan,300493.0,24,10.37,34,Salaried,Graduate,Married,40064.0,706,13917.6,0.347,1,Active
LN-100596,2025-08-22,East India,Education Loan,254732.0,120,10.09,49,Salaried,Graduate,Married,33230.0,616,3379.01,0.102,1,Active
LN-102232,2025-08-22,North India,Home Loan,4253796.0,300,17.07,33,Business Owner,High School,Divorced,50027.0,705,61397.11,1.227,9,Written Off
LN-103337,2025-08-22,South India,Personal Loan,77014.0,48,10.51,27,Self-Employed,Graduate,Married,60771.0,620,1972.19,0.032,3,Active
LN-104637,2025-08-22,West India,Vehicle Loan,633705.0,36,16.27,21,Self-Employed,Below High School,Married,20725.0,583,22363.75,1.079,1,Active
LN-106149,2025-08-22,North India,Agriculture Loan,241814.0,12,12.52,22,Business Owner,High School,Married,39914.0,669,21543.75,0.54,3,Restructured
LN-102906,2025-08-23,West India,Personal Loan,176352.0,24,12.17,25,Business Owner,High School,Divorced,33844.0,698,8315.51,0.246,1,Active
LN-104949,2025-08-23,West India,Vehicle Loan,1187501.0,72,9.88,49,Salaried,Post-Graduate,Single,66791.0,763,21927.66,0.328,1,Active
LN-105470,2025-08-23,West India,Vehicle Loan,1105173.0,48,11.0,25,Self-Employed,High School,Single,32633.0,597,28563.77,0.875,3,Active
LN-104076,2025-08-24,West India,Gold Loan,594075.0,12,9.43,30,Salaried,Professional Degree,Single,136088.0,691,52071.27,0.383,6,Restructured
LN-102228,2025-08-25,East India,Personal Loan,402065.0,36,10.88,25,Salaried,Post-Graduate,Single,72416.0,760,13140.26,0.181,1,Active
LN-102998,2025-08-25,South India,Personal Loan,127326.0,24,9.84,22,Business Owner,Post-Graduate,Single,151770.0,617,5866.05,0.039,1,Active
LN-105115,2025-08-25,West India,Business Loan,1038103.0,84,17.95,36,Business Owner,Graduate,Single,55741.0,677,21788.27,0.391,4,Defaulted
LN-106575,2025-08-25,North India,Agriculture Loan,272297.0,12,16.94,29,Self-Employed,Graduate,Married,35389.0,601,24827.03,0.702,5,Defaulted
LN-100936,2025-08-26,South India,Personal Loan,345521.0,24,16.81,51,Salaried,Post-Graduate,Divorced,67767.0,661,17051.81,0.252,1,Active
LN-101922,2025-08-26,East India,Education Loan,1242365.0,120,15.45,26,Self-Employed,Graduate,Divorced,66702.0,655,20387.43,0.306,1,Active
LN-105171,2025-08-26,South India,Business Loan,2177408.0,84,8.92,49,Salaried,Graduate,Single,45168.0,663,34944.15,0.774,3,Restructured
LN-105490,2025-08-26,Central India,Home Loan,5136667.0,120,14.25,44,Salaried,Graduate,Single,69114.0,735,80529.13,1.165,4,Restructured
LN-101991,2025-08-27,South India,Home Loan,5042508.0,300,13.17,40,Self-Employed,Post-Graduate,Divorced,82975.0,636,57517.61,0.693,4,Defaulted
LN-105039,2025-08-27,East India,Business Loan,1549196.0,36,12.39,39,Retired,Post-Graduate,Single,52850.0,701,51744.52,0.979,11,Defaulted
LN-105940,2025-08-27,Central India,Vehicle Loan,577983.0,60,17.04,57,Salaried,Graduate,Divorced,43702.0,748,14376.8,0.329,1,Active
LN-102328,2025-08-28,Central India,Vehicle Loan,1145901.0,48,9.5,25,Salaried,Graduate,Single,59339.0,693,28788.63,0.485,0,Active
LN-104228,2025-08-28,Central India,Business Loan,3414170.0,60,11.24,28,Business Owner,Below High School,Single,21908.0,838,74641.62,3.407,1,Active
LN-101448,2025-08-29,East India,Gold Loan,593190.0,24,15.73,27,Self-Employed,Below High School,Married,20407.0,556,28967.96,1.42,1,Active
LN-103263,2025-08-29,North India,Personal Loan,401364.0,24,15.08,35,Retired,Post-Graduate,Single,64160.0,650,19476.05,0.304,1,Active
LN-106268,2025-08-29,East India,Personal Loan,452233.0,48,11.32,39,Salaried,Post-Graduate,Divorced,77622.0,666,11758.6,0.151,0,Active
LN-101737,2025-08-30,East India,Business Loan,4397427.0,36,16.12,53,Retired,Post-Graduate,Single,57621.0,768,154861.13,2.688,0,Active
LN-101968,2025-08-30,South India,Personal Loan,498928.0,24,8.91,38,Salaried,Graduate,Divorced,66188.0,758,22772.8,0.344,1,Active
LN-103315,2025-08-31,Central India,Education Loan,233238.0,36,11.79,26,Business Owner,Graduate,Divorced,45812.0,730,7723.47,0.169,0,Active
LN-104277,2025-08-31,East India,Gold Loan,358430.0,12,15.93,35,Business Owner,High School,Single,50260.0,632,32508.79,0.647,4,Written Off
LN-104634,2025-08-31,North India,Gold Loan,567645.0,24,14.12,47,Salaried,High School,Divorced,21527.0,765,27286.46,1.268,0,Active
LN-104861,2025-08-31,West India,Vehicle Loan,581628.0,60,10.58,21,Self-Employed,Professional Degree,Married,117753.0,657,12524.52,0.106,1,Active
LN-105613,2025-08-31,West India,Personal Loan,76777.0,36,16.12,33,Self-Employed,Post-Graduate,Single,63127.0,669,2703.8,0.043,1,Active
LN-106305,2025-08-31,South India,Home Loan,5960072.0,180,9.55,33,Retired,Professional Degree,Divorced,101205.0,620,62416.49,0.617,11,Defaulted
LN-103914,2025-09-01,South India,Business Loan,3378106.0,36,16.15,21,Retired,Post-Graduate,Divorced,59450.0,700,119014.5,2.002,3,Restructured
LN-104747,2025-09-01,North India,Personal Loan,123091.0,24,17.82,32,Retired,Graduate,Married,49640.0,577,6134.51,0.124,0,Active
LN-105629,2025-09-01,South India,Education Loan,1725281.0,120,15.33,38,Salaried,Graduate,Single,36004.0,714,28184.5,0.783,1,Active
LN-100513,2025-09-02,North India,Home Loan,3823261.0,240,10.53,21,Self-Employed,Professional Degree,Single,77116.0,653,38247.75,0.496,1,Active
LN-103392,2025-09-02,West India,Personal Loan,149339.0,24,14.78,43,Salaried,Graduate,Married,61168.0,833,7225.35,0.118,0,Active
LN-105558,2025-09-02,North India,Vehicle Loan,601408.0,48,18.29,33,Self-Employed,Post-Graduate,Divorced,106476.0,572,17757.63,0.167,12,Defaulted
LN-101773,2025-09-03,West India,Education Loan,632069.0,120,10.82,27,Salaried,Professional Degree,Single,128616.0,759,8642.47,0.067,1,Active
LN-102882,2025-09-03,North India,Home Loan,4050539.0,120,10.72,31,Salaried,Graduate,Divorced,38176.0,580,55156.12,1.445,9,Defaulted
LN-106377,2025-09-03,North India,Business Loan,4828340.0,84,13.77,40,Retired,Graduate,Divorced,49533.0,580,89870.79,1.814,8,Defaulted
LN-100063,2025-09-04,South India,Home Loan,5433224.0,240,12.62,40,Self-Employed,Below High School,Single,26562.0,730,62189.27,2.341,1,Active
LN-101284,2025-09-04,West India,Vehicle Loan,542239.0,36,17.89,38,Retired,Post-Graduate,Married,53390.0,557,19573.33,0.367,0,Active
LN-104932,2025-09-04,South India,Personal Loan,230989.0,48,14.82,22,Salaried,Post-Graduate,Single,77764.0,638,6407.54,0.082,1,Active
LN-105141,2025-09-04,South India,Home Loan,2828860.0,240,17.68,36,Salaried,Post-Graduate,Divorced,67942.0,777,42962.73,0.632,0,Active
LN-100529,2025-09-05,West India,Personal Loan,64477.0,24,18.5,40,Salaried,Below High School,Single,15138.0,686,3234.55,0.214,0,Active
LN-100611,2025-09-05,Central India,Home Loan,2273612.0,180,9.36,39,Salaried,Post-Graduate,Single,105704.0,776,23549.92,0.223,6,Restructured
LN-101813,2025-09-05,South India,Business Loan,847785.0,60,13.25,32,Salaried,High School,Divorced,33035.0,775,19398.38,0.587,3,Defaulted
LN-101918,2025-09-05,North India,Home Loan,4658174.0,120,14.2,21,Self-Employed,Post-Graduate,Married,77256.0,601,72887.01,0.943,9,Written Off
LN-102507,2025-09-05,West India,Personal Loan,90076.0,48,11.9,23,Retired,Graduate,Single,62090.0,604,2367.63,0.038,0,Active
LN-103587,2025-09-05,West India,Home Loan,4938684.0,240,11.52,45,Business Owner,Post-Graduate,Married,135686.0,604,52735.66,0.389,0,Active
LN-105795,2025-09-05,South India,Gold Loan,118967.0,12,16.28,36,Self-Employed,Graduate,Married,64132.0,680,10809.75,0.169,1,Active
LN-103218,2025-09-07,South India,Gold Loan,365886.0,12,9.19,38,Salaried,Post-Graduate,Married,70640.0,757,32029.52,0.453,1,Active
LN-105422,2025-09-07,Central India,Home Loan,3217792.0,120,16.74,21,Self-Employed,Below High School,Married,22722.0,584,55395.46,2.438,9,Defaulted
LN-106857,2025-09-07,Central India,Personal Loan,447480.0,12,16.24,29,Salaried,Professional Degree,Single,91292.0,768,40651.08,0.445,1,Active
LN-106048,2025-09-08,East India,Education Loan,1810135.0,120,10.09,43,Salaried,Professional Degree,Divorced,123597.0,658,24011.37,0.194,0,Active
LN-100456,2025-09-09,North India,Business Loan,1083147.0,60,9.25,33,Unemployed,High School,Divorced,8239.0,611,22616.0,2.745,1,Active
LN-100641,2025-09-09,West India,Business Loan,500967.0,24,13.82,29,Retired,Below High School,Divorced,27992.0,603,24010.29,0.858,11,Written Off
LN-102694,2025-09-09,Central India,Agriculture Loan,981056.0,36,8.88,21,Self-Employed,High School,Single,30510.0,543,31142.56,1.021,8,Defaulted
LN-103473,2025-09-09,North India,Home Loan,4608715.0,240,17.33,21,Salaried,Graduate,Married,56996.0,698,68759.61,1.206,0,Active
LN-104007,2025-09-09,North India,Vehicle Loan,334684.0,48,8.94,63,Business Owner,Professional Degree,Divorced,202080.0,701,8319.09,0.041,0,Active
LN-104944,2025-09-09,Central India,Education Loan,1773298.0,120,12.23,46,Self-Employed,Post-Graduate,Divorced,59566.0,664,25678.01,0.431,0,Active
LN-100269,2025-09-10,North India,Business Loan,3634469.0,84,12.17,36,Unemployed,Professional Degree,Single,43818.0,551,64489.2,1.472,3,Defaulted
LN-101085,2025-09-10,North India,Education Loan,1919316.0,60,16.64,21,Business Owner,Graduate,Divorced,48596.0,624,47329.21,0.974,1,Active
LN-102042,2025-09-10,Central India,Business Loan,3258944.0,24,10.13,33,Self-Employed,Professional Degree,Single,99861.0,746,150579.35,1.508,0,Active
LN-102821,2025-09-10,North India,Gold Loan,778638.0,12,12.36,32,Salaried,Post-Graduate,Single,67673.0,773,69312.24,1.024,8,Defaulted
LN-105389,2025-09-10,North India,Personal Loan,470942.0,12,7.83,47,Salaried,Graduate,Single,54347.0,718,40929.5,0.753,6,Restructured
LN-106376,2025-09-10,East India,Gold Loan,439629.0,24,8.37,43,Salaried,Graduate,Single,55654.0,756,19957.5,0.359,0,Active
LN-106513,2025-09-10,South India,Home Loan,4485437.0,240,16.47,41,Self-Employed,Graduate,Married,45588.0,654,63990.8,1.404,0,Active
LN-101464,2025-09-11,East India,Agriculture Loan,225242.0,24,8.76,51,Salaried,Graduate,Married,37185.0,725,10265.34,0.276,1,Active
LN-104172,2025-09-11,North India,Vehicle Loan,1079179.0,72,14.76,27,Salaried,Post-Graduate,Divorced,69840.0,721,22678.83,0.325,11,Defaulted
LN-103398,2025-09-12,North India,Home Loan,3189988.0,300,17.61,36,Retired,Post-Graduate,Divorced,67202.0,713,47412.6,0.706,0,Active
LN-104399,2025-09-12,East India,Education Loan,1014293.0,60,13.85,24,Business Owner,Post-Graduate,Married,150444.0,684,23522.02,0.156,1,Active
LN-100507,2025-09-13,West India,Vehicle Loan,718727.0,60,14.79,25,Unemployed,Graduate,Single,20312.0,625,17019.34,0.838,1,Active
LN-102115,2025-09-13,North India,Education Loan,696693.0,120,17.41,37,Salaried,Graduate,Divorced,35984.0,709,12289.96,0.342,1,Active
LN-102262,2025-09-13,East India,Home Loan,4950858.0,120,10.94,21,Salaried,Post-Graduate,Married,111167.0,630,68030.04,0.612,0,Active
LN-105287,2025-09-13,North India,Personal Loan,96960.0,36,13.67,39,Salaried,Graduate,Married,57171.0,744,3298.34,0.058,0,Active
LN-105680,2025-09-13,South India,Home Loan,3470258.0,300,11.72,23,Business Owner,Graduate,Divorced,91845.0,813,35833.66,0.39,0,Active
LN-105926,2025-09-13,South India,Home Loan,3281599.0,120,16.07,33,Salaried,Post-Graduate,Married,100152.0,671,55114.33,0.55,0,Active
LN-100829,2025-09-14,South India,Business Loan,1205498.0,36,16.41,35,Business Owner,Post-Graduate,Divorced,124744.0,721,42626.15,0.342,10,Defaulted
LN-104038,2025-09-14,North India,Personal Loan,148908.0,48,12.0,48,Self-Employed,Professional Degree,Single,95126.0,756,3921.32,0.041,0,Active
LN-106966,2025-09-14,Central India,Business Loan,885154.0,36,14.5,60,Self-Employed,Post-Graduate,Divorced,75832.0,568,30467.87,0.402,2,Active
LN-100974,2025-09-15,North India,Home Loan,2577797.0,120,16.9,32,Self-Employed,Graduate,Married,45323.0,579,44638.29,0.985,0,Active
LN-101023,2025-09-15,East India,Agriculture Loan,539694.0,24,14.0,34,Salaried,Below High School,Single,14390.0,659,25912.27,1.801,0,Active
LN-101405,2025-09-15,North India,Personal Loan,266164.0,24,12.04,37,Self-Employed,Post-Graduate,Married,51788.0,670,12534.24,0.242,0,Active
LN-101992,2025-09-15,North India,Personal Loan,242045.0,36,8.76,25,Business Owner,Post-Graduate,Divorced,113907.0,768,7669.96,0.067,1,Active
LN-101007,2025-09-16,Central India,Business Loan,2165071.0,60,10.88,37,Business Owner,Graduate,Divorced,55734.0,661,46944.42,0.842,1,Active
LN-104016,2025-09-16,North India,Business Loan,1882561.0,24,13.17,33,Business Owner,Post-Graduate,Single,76343.0,757,89650.78,1.174,0,Active
LN-103493,2025-09-17,Central India,Business Loan,887787.0,84,13.43,45,Salaried,Professional Degree,Married,123594.0,656,16358.85,0.132,0,Active
LN-106913,2025-09-17,East India,Gold Loan,389377.0,24,14.25,54,Salaried,Graduate,Married,65822.0,676,18741.13,0.285,1,Active
LN-104334,2025-09-18,Central India,Home Loan,2400009.0,120,10.63,49,Self-Employed,Post-Graduate,Single,64998.0,788,32559.47,0.501,4,Restructured
LN-104609,2025-09-18,Central India,Personal Loan,469078.0,24,15.78,49,Business Owner,High School,Divorced,60157.0,714,22918.24,0.381,12,Defaulted
LN-105542,2025-09-18,North India,Personal Loan,338553.0,48,9.84,40,Self-Employed,High School,Married,33114.0,572,8560.59,0.259,2,Active
LN-106417,2025-09-18,West India,Home Loan,4507678.0,300,8.56,42,Salaried,Professional Degree,Married,144817.0,761,36479.49,0.252,0,Active
LN-102266,2025-09-19,West India,Personal Loan,220588.0,36,9.32,43,Unemployed,Graduate,Married,18782.0,547,7047.54,0.375,9,Defaulted
LN-103372,2025-09-19,North India,Agriculture Loan,421794.0,24,15.48,46,Self-Employed,Graduate,Married,46011.0,721,20547.7,0.447,1,Active
LN-104970,2025-09-19,West India,Home Loan,3956395.0,240,7.66,44,Salaried,Graduate,Married,46122.0,691,32260.64,0.699,0,Active
LN-100317,2025-09-20,Central India,Education Loan,603270.0,84,10.7,53,Self-Employed,Post-Graduate,Single,63350.0,743,10234.54,0.162,1,Active
LN-105046,2025-09-20,West India,Home Loan,5819528.0,120,15.59,26,Self-Employed,Below High School,Married,24098.0,762,96003.02,3.984,0,Active
LN-100027,2025-09-21,Central India,Agriculture Loan,874731.0,12,9.09,50,Salaried,Professional Degree,Single,86578.0,742,76533.03,0.884,10,Defaulted
LN-102762,2025-09-21,East India,Business Loan,3776643.0,36,9.56,25,Salaried,High School,Divorced,21156.0,765,121082.97,5.723,0,Active
LN-103316,2025-09-21,East India,Business Loan,2949164.0,24,18.17,42,Self-Employed,Post-Graduate,Married,107081.0,674,147476.72,1.377,1,Active
LN-103435,2025-09-21,East India,Home Loan,4183914.0,300,15.77,57,Business Owner,Post-Graduate,Divorced,113859.0,900,56100.24,0.493,0,Active
LN-104148,2025-09-21,East India,Home Loan,4078595.0,180,13.68,36,Salaried,Post-Graduate,Single,73747.0,776,53442.29,0.725,0,Active
LN-104327,2025-09-21,Central India,Personal Loan,238519.0,48,15.51,32,Salaried,Graduate,Single,66866.0,675,6699.99,0.1,0,Active
LN-100527,2025-09-22,East India,Home Loan,2938664.0,120,11.95,22,Self-Employed,High School,Single,36008.0,649,42076.39,1.169,0,Active
LN-102006,2025-09-22,North India,Vehicle Loan,1151153.0,36,8.55,33,Business Owner,Graduate,Single,58645.0,666,36365.74,0.62,1,Active
LN-106295,2025-09-22,North India,Education Loan,820634.0,36,16.7,48,Unemployed,High School,Single,9340.0,445,29135.46,3.119,4,Restructured
LN-106435,2025-09-22,North India,Personal Loan,339168.0,12,11.94,21,Self-Employed,Graduate,Divorced,31867.0,643,30125.15,0.945,2,Active
LN-104546,2025-09-23,South India,Vehicle Loan,521896.0,72,13.15,31,Self-Employed,Graduate,Divorced,48375.0,654,10517.96,0.217,1,Active
LN-105534,2025-09-23,West India,Vehicle Loan,1133946.0,60,17.87,44,Self-Employed,Post-Graduate,Divorced,80297.0,704,28714.64,0.358,1,Active
LN-105615,2025-09-23,West India,Home Loan,5438707.0,180,15.9,35,Self-Employed,Graduate,Single,56105.0,629,79499.46,1.417,3,Active
LN-101068,2025-09-24,North India,Education Loan,943852.0,36,14.79,21,Retired,Below High School,Single,15767.0,554,32621.96,2.069,5,Defaulted
LN-103166,2025-09-24,West India,Personal Loan,460423.0,36,8.86,37,Salaried,Post-Graduate,Married,97628.0,649,14611.35,0.15,2,Active
LN-104431,2025-09-24,South India,Home Loan,1888701.0,240,13.46,26,Business Owner,Professional Degree,Divorced,151521.0,780,22749.36,0.15,1,Active
LN-105419,2025-09-24,East India,Personal Loan,483431.0,12,14.5,39,Salaried,Post-Graduate,Divorced,56934.0,637,43519.69,0.764,0,Active
LN-101422,2025-09-25,Central India,Personal Loan,70369.0,48,16.57,21,Salaried,Professional Degree,Single,66513.0,740,2014.88,0.03,0,Active
LN-102148,2025-09-25,North India,Personal Loan,294692.0,48,8.11,52,Salaried,Post-Graduate,Single,54414.0,719,7209.52,0.132,0,Active
LN-100756,2025-09-26,West India,Personal Loan,285404.0,48,18.35,56,Salaried,Below High School,Married,22268.0,682,8436.03,0.379,1,Active
LN-103124,2025-09-26,East India,Agriculture Loan,484840.0,36,16.04,44,Salaried,High School,Single,36309.0,628,17055.11,0.47,0,Active
LN-103472,2025-09-26,West India,Personal Loan,452579.0,36,16.3,49,Retired,Graduate,Married,53048.0,593,15978.45,0.301,3,Written Off
LN-105838,2025-09-26,South India,Home Loan,4025700.0,180,15.73,32,Salaried,Post-Graduate,Single,62270.0,615,58369.41,0.937,2,Active
LN-104138,2025-09-27,Central India,Agriculture Loan,158808.0,24,17.27,36,Business Owner,Graduate,Single,103143.0,677,7872.45,0.076,1,Active
LN-102640,2025-09-28,East India,Business Loan,2091388.0,84,16.53,27,Self-Employed,Professional Degree,Divorced,127313.0,689,42173.06,0.331,1,Active
LN-103830,2025-09-28,North India,Vehicle Loan,1110992.0,60,17.07,41,Salaried,High School,Divorced,30083.0,564,27652.85,0.919,3,Active
LN-105092,2025-09-28,Central India,Business Loan,2907439.0,60,14.53,28,Salaried,High School,Married,25909.0,667,68452.55,2.642,1,Active
LN-105892,2025-09-28,Central India,Gold Loan,610996.0,12,10.27,26,Salaried,Below High School,Divorced,22328.0,588,53793.01,2.409,0,Active
LN-106860,2025-09-28,East India,Home Loan,2087492.0,120,10.26,33,Salaried,Graduate,Married,53943.0,823,27887.79,0.517,1,Active
LN-105215,2025-09-29,Central India,Education Loan,1727057.0,120,11.35,48,Salaried,Professional Degree,Married,130250.0,634,24133.66,0.185,0,Active
LN-102567,2025-09-30,Central India,Education Loan,1943654.0,36,14.49,31,Business Owner,Graduate,Married,62247.0,714,66892.99,1.075,0,Active
LN-105143,2025-09-30,Central India,Home Loan,5036930.0,300,13.56,34,Salaried,Professional Degree,Married,143960.0,682,58942.31,0.409,1,Active
LN-105478,2025-09-30,North India,Education Loan,1447977.0,84,17.9,45,Salaried,Professional Degree,Single,115525.0,743,30348.53,0.263,1,Active
LN-106633,2025-09-30,West India,Vehicle Loan,371385.0,48,9.07,33,Self-Employed,Graduate,Divorced,32142.0,777,9254.28,0.288,0,Active
LN-100346,2025-10-01,East India,Vehicle Loan,864941.0,36,15.98,23,Self-Employed,Post-Graduate,Married,54728.0,651,30400.22,0.555,1,Active
LN-100960,2025-10-01,East India,Home Loan,2059458.0,120,8.44,36,Retired,Post-Graduate,Single,79812.0,625,25468.29,0.319,4,Written Off
LN-103022,2025-10-01,South India,Business Loan,2306776.0,36,11.54,47,Unemployed,Graduate,Married,20092.0,457,76112.15,3.788,4,Restructured
LN-103440,2025-10-01,North India,Vehicle Loan,321987.0,48,15.84,39,Salaried,Graduate,Single,68268.0,768,9098.84,0.133,1,Active
LN-103821,2025-10-01,Central India,Home Loan,3733978.0,300,17.84,26,Salaried,Graduate,Divorced,69863.0,762,56183.09,0.804,11,Defaulted
LN-105603,2025-10-01,North India,Personal Loan,398209.0,36,12.04,41,Salaried,Below High School,Married,28145.0,666,13233.85,0.47,1,Active
LN-103202,2025-10-02,East India,Education Loan,977610.0,60,13.16,42,Self-Employed,High School,Married,24172.0,583,22323.79,0.924,4,Defaulted
LN-105728,2025-10-02,North India,Personal Loan,270407.0,48,16.51,49,Salaried,Professional Degree,Single,96478.0,735,7734.22,0.08,0,Active
LN-101560,2025-10-03,West India,Business Loan,2944269.0,60,7.66,39,Retired,Below High School,Married,15057.0,608,59221.22,3.933,2,Active
LN-101789,2025-10-03,East India,Home Loan,2740132.0,180,17.79,42,Salaried,Graduate,Divorced,68424.0,850,43714.28,0.639,12,Defaulted
LN-101417,2025-10-04,West India,Personal Loan,152453.0,24,10.98,34,Business Owner,Post-Graduate,Divorced,116759.0,667,7104.09,0.061,0,Active
LN-103919,2025-10-04,West India,Business Loan,3080922.0,84,15.69,53,Unemployed,Graduate,Single,18009.0,603,60650.75,3.368,2,Restructured
LN-104953,2025-10-04,West India,Home Loan,5990064.0,120,11.91,29,Retired,Professional Degree,Single,110177.0,582,85628.66,0.777,5,Restructured
LN-105722,2025-10-04,East India,Education Loan,794666.0,84,11.05,43,Salaried,Graduate,Married,69055.0,717,13627.52,0.197,1,Active
LN-102252,2025-10-05,East India,Gold Loan,596108.0,6,14.14,45,Self-Employed,Post-Graduate,Divorced,51703.0,576,103488.74,2.002,0,Fully Paid
LN-102620,2025-10-05,East India,Business Loan,615673.0,60,7.51,28,Business Owner,Post-Graduate,Married,127888.0,715,12339.75,0.096,1,Active
LN-103660,2025-10-05,East India,Personal Loan,286814.0,36,7.57,54,Self-Employed,Post-Graduate,Single,72418.0,589,8930.92,0.123,3,Restructured
LN-102234,2025-10-06,Central India,Vehicle Loan,987223.0,36,12.84,26,Self-Employed,Post-Graduate,Divorced,61275.0,585,33187.41,0.542,3,Defaulted
LN-104340,2025-10-06,East India,Vehicle Loan,996342.0,36,16.6,41,Salaried,High School,Married,26259.0,729,35324.28,1.345,6,Defaulted
LN-104583,2025-10-06,West India,Business Loan,4236519.0,84,15.39,46,Self-Employed,Graduate,Divorced,65516.0,627,82680.81,1.262,5,Written Off
LN-100698,2025-10-07,North India,Personal Loan,102726.0,12,15.14,44,Self-Employed,High School,Single,27494.0,641,9278.66,0.337,0,Active
LN-104347,2025-10-07,West India,Vehicle Loan,1110984.0,48,15.6,42,Self-Employed,Graduate,Married,67098.0,660,31258.47,0.466,1,Active
LN-106777,2025-10-07,Central India,Vehicle Loan,538519.0,60,9.4,42,Salaried,Graduate,Divorced,57531.0,722,11283.6,0.196,0,Active
LN-103240,2025-10-08,West India,Education Loan,1558638.0,60,8.4,26,Unemployed,Post-Graduate,Divorced,32718.0,512,31902.78,0.975,9,Defaulted
LN-103826,2025-10-08,North India,Gold Loan,222200.0,6,8.12,44,Salaried,High School,Married,18740.0,610,37915.34,2.023,0,Fully Paid
LN-104976,2025-10-08,South India,Home Loan,2066024.0,240,12.29,32,Self-Employed,Post-Graduate,Single,55006.0,656,23167.78,0.421,5,Restructured
LN-105062,2025-10-08,East India,Education Loan,1294222.0,120,12.44,46,Retired,Below High School,Married,20024.0,646,18899.0,0.944,1,Active
LN-105119,2025-10-08,West India,Home Loan,4834944.0,120,9.73,41,Self-Employed,Post-Graduate,Divorced,94677.0,624,63173.45,0.667,8,Defaulted
LN-105569,2025-10-08,Central India,Gold Loan,232353.0,6,17.72,46,Salaried,Graduate,Single,40196.0,692,40751.41,1.014,0,Active
LN-106064,2025-10-08,West India,Vehicle Loan,1122047.0,72,7.56,26,Salaried,Graduate,Married,53671.0,705,19432.94,0.362,0,Active
LN-105053,2025-10-09,West India,Personal Loan,407111.0,36,17.73,21,Salaried,High School,Divorced,33871.0,698,14662.96,0.433,1,Active
LN-105261,2025-10-09,Central India,Home Loan,3730696.0,300,17.38,40,Salaried,Graduate,Married,54846.0,654,54765.8,0.999,1,Active
LN-101740,2025-10-10,Central India,Home Loan,5327182.0,300,14.7,21,Self-Employed,High School,Single,39092.0,626,66994.6,1.714,12,Defaulted
LN-105045,2025-10-10,South India,Personal Loan,352863.0,36,15.85,34,Business Owner,Graduate,Single,51636.0,767,12379.5,0.24,1,Active
LN-106593,2025-10-10,West India,Home Loan,4441347.0,180,12.83,41,Salaried,Post-Graduate,Divorced,106506.0,727,55697.91,0.523,0,Active
LN-106727,2025-10-10,South India,Business Loan,3188240.0,24,12.19,31,Business Owner,Post-Graduate,Married,140442.0,678,150364.57,1.071,4,Restructured
LN-100282,2025-10-11,North India,Personal Loan,321610.0,48,10.99,21,Business Owner,Professional Degree,Single,227463.0,730,8310.62,0.037,0,Active
LN-103058,2025-10-11,South India,Vehicle Loan,592275.0,48,16.91,30,Business Owner,Graduate,Divorced,64592.0,775,17062.55,0.264,0,Active
LN-103648,2025-10-11,Central India,Personal Loan,404540.0,24,7.75,37,Business Owner,Post-Graduate,Married,150919.0,717,18250.16,0.121,1,Active
LN-103851,2025-10-11,West India,Personal Loan,439738.0,12,7.62,42,Salaried,Post-Graduate,Divorced,54474.0,730,38174.9,0.701,6,Written Off
LN-105937,2025-10-11,Central India,Personal Loan,486192.0,12,8.35,28,Retired,Professional Degree,Divorced,68065.0,598,42371.8,0.623,5,Restructured
LN-100388,2025-10-12,Central India,Home Loan,1699047.0,180,7.85,36,Retired,Graduate,Married,47290.0,651,16090.19,0.34,1,Active
LN-101257,2025-10-12,South India,Personal Loan,205254.0,48,14.73,43,Unemployed,Professional Degree,Married,26489.0,477,5684.32,0.215,3,Active
LN-101572,2025-10-12,West India,Vehicle Loan,695503.0,36,11.1,42,Salaried,Professional Degree,Divorced,98770.0,708,22802.83,0.231,0,Active
LN-104651,2025-10-12,Central India,Vehicle Loan,760157.0,36,12.66,28,Self-Employed,Graduate,Married,38461.0,629,25488.38,0.663,0,Active
LN-105156,2025-10-12,West India,Gold Loan,532721.0,24,9.59,41,Business Owner,Graduate,Single,106655.0,802,24481.68,0.23,1,Active
LN-105709,2025-10-12,North India,Business Loan,558722.0,24,14.18,37,Retired,Graduate,Married,41797.0,638,26873.39,0.643,0,Active
LN-100549,2025-10-13,North India,Home Loan,1547053.0,240,17.64,30,Salaried,Graduate,Married,63097.0,766,23448.11,0.372,0,Active
LN-101671,2025-10-13,South India,Business Loan,1076850.0,84,13.05,44,Salaried,Graduate,Single,35343.0,590,19619.3,0.555,6,Defaulted
LN-106095,2025-10-13,East India,Vehicle Loan,294950.0,60,7.73,40,Salaried,Professional Degree,Single,97564.0,760,5942.48,0.061,6,Defaulted
LN-104961,2025-10-14,West India,Business Loan,4095706.0,84,11.42,44,Salaried,Post-Graduate,Divorced,53172.0,655,71036.19,1.336,4,Written Off
LN-105073,2025-10-14,Central India,Home Loan,3155407.0,120,10.65,36,Salaried,High School,Divorced,35207.0,677,42842.94,1.217,0,Active
LN-101614,2025-10-15,Central India,Vehicle Loan,263795.0,48,9.82,48,Self-Employed,Graduate,Married,62665.0,615,6667.74,0.106,6,Restructured
LN-104275,2025-10-15,North India,Business Loan,1688834.0,24,15.65,39,Salaried,Below High School,Divorced,20657.0,693,82408.42,3.989,1,Active
LN-106245,2025-10-15,East India,Personal Loan,268592.0,48,13.0,21,Retired,High School,Single,28812.0,620,7205.65,0.25,1,Active
LN-100066,2025-10-16,West India,Personal Loan,138586.0,24,10.71,54,Self-Employed,Graduate,Married,69510.0,680,6440.55,0.093,1,Active
LN-104027,2025-10-17,Central India,Vehicle Loan,683619.0,60,13.69,51,Business Owner,Graduate,Divorced,107689.0,701,15796.96,0.147,1,Active
LN-104470,2025-10-17,Central India,Home Loan,1731972.0,300,11.74,42,Salaried,High School,Single,25549.0,803,17909.68,0.701,1,Active
LN-106786,2025-10-17,South India,Vehicle Loan,280222.0,72,9.16,52,Business Owner,Professional Degree,Divorced,187318.0,665,5073.43,0.027,0,Active
LN-103271,2025-10-18,South India,Home Loan,4696729.0,300,16.43,37,Self-Employed,Post-Graduate,Single,91008.0,607,65412.41,0.719,8,Defaulted
LN-101020,2025-10-19,West India,Business Loan,2763395.0,60,18.14,32,Salaried,Graduate,Married,38815.0,701,70382.7,1.813,11,Written Off
LN-101580,2025-10-19,Central India,Home Loan,4742740.0,300,14.41,45,Salaried,Graduate,Married,42054.0,674,58583.77,1.393,1,Active
LN-101910,2025-10-19,West India,Home Loan,2518598.0,240,8.87,36,Business Owner,High School,Single,42475.0,709,22450.33,0.529,0,Active
LN-103974,2025-10-19,North India,Personal Loan,256042.0,12,13.23,43,Salaried,High School,Divorced,31473.0,619,22896.61,0.728,9,Defaulted
LN-104958,2025-10-19,West India,Education Loan,461350.0,120,15.65,35,Retired,Graduate,Single,47027.0,660,7627.89,0.162,1,Active
LN-105383,2025-10-19,Central India,Vehicle Loan,1093006.0,48,11.0,35,Salaried,High School,Divorced,18049.0,685,28249.31,1.565,0,Active
LN-105981,2025-10-19,Central India,Home Loan,1815968.0,240,12.37,46,Self-Employed,Graduate,Married,43121.0,644,20465.76,0.475,3,Active
LN-106699,2025-10-19,West India,Home Loan,5180209.0,180,10.04,46,Salaried,Post-Graduate,Single,107379.0,743,55793.62,0.52,0,Active
LN-106985,2025-10-19,East India,Business Loan,3723056.0,24,7.85,51,Salaried,High School,Divorced,35321.0,612,168129.15,4.76,1,Active
LN-101985,2025-10-20,East India,Vehicle Loan,283610.0,36,11.11,49,Business Owner,Graduate,Single,103963.0,778,9299.81,0.089,1,Active
LN-104105,2025-10-20,South India,Home Loan,2062842.0,120,12.92,49,Self-Employed,Graduate,Divorced,38474.0,646,30703.19,0.798,0,Active
LN-104638,2025-10-20,North India,Business Loan,3094892.0,60,12.62,31,Business Owner,Post-Graduate,Married,126682.0,683,69817.73,0.551,0,Active
LN-105098,2025-10-20,East India,Vehicle Loan,428521.0,48,14.04,37,Salaried,High School,Single,17765.0,740,11718.57,0.66,1,Active
LN-100230,2025-10-21,Central India,Personal Loan,397953.0,12,8.41,43,Salaried,Post-Graduate,Divorced,68958.0,693,34692.79,0.503,0,Active
LN-103734,2025-10-21,North India,Business Loan,1779632.0,60,8.69,49,Salaried,Post-Graduate,Single,56332.0,678,36675.06,0.651,0,Active
LN-105618,2025-10-21,North India,Education Loan,1880828.0,120,11.54,49,Business Owner,High School,Divorced,31961.0,773,26486.64,0.829,4,Defaulted
LN-106563,2025-10-21,North India,Home Loan,4085215.0,240,8.19,41,Self-Employed,Graduate,Single,66350.0,739,34655.02,0.522,0,Active
LN-106718,2025-10-21,Central India,Business Loan,2805986.0,36,18.49,27,Salaried,High School,Single,31012.0,729,102134.18,3.293,1,Active
LN-101224,2025-10-22,East India,Vehicle Loan,629443.0,48,17.04,26,Business Owner,Post-Graduate,Single,123881.0,643,18175.63,0.147,1,Active
LN-102520,2025-10-22,Central India,Vehicle Loan,968507.0,60,10.63,24,Salaried,Below High School,Single,19770.0,667,20879.42,1.056,10,Defaulted
LN-104934,2025-10-22,West India,Home Loan,4066384.0,120,14.46,56,Self-Employed,High School,Divorced,38929.0,649,64266.81,1.651,3,Active
LN-106181,2025-10-22,North India,Personal Loan,326736.0,12,17.4,60,Salaried,Professional Degree,Single,69258.0,641,29861.93,0.431,2,Restructured
LN-100417,2025-10-23,North India,Business Loan,2843404.0,60,9.77,50,Salaried,Graduate,Married,68022.0,760,60092.65,0.883,1,Active
LN-101331,2025-10-23,South India,Business Loan,3195049.0,60,16.93,26,Salaried,Post-Graduate,Single,111661.0,588,79284.99,0.71,9,Defaulted
LN-104433,2025-10-23,West India,Vehicle Loan,863116.0,48,8.84,40,Unemployed,Graduate,Divorced,13156.0,493,21413.16,1.628,11,Written Off
LN-105131,2025-10-23,West India,Business Loan,3677058.0,36,16.29,48,Salaried,High School,Divorced,17809.0,660,129801.52,7.289,6,Restructured
LN-105136,2025-10-23,Central India,Vehicle Loan,1098702.0,36,13.0,43,Business Owner,Professional Degree,Married,105698.0,726,37019.61,0.35,1,Active
LN-105417,2025-10-23,West India,Personal Loan,495252.0,48,16.5,53,Business Owner,Graduate,Single,52772.0,649,14162.73,0.268,1,Active
LN-105932,2025-10-23,East India,Agriculture Loan,570650.0,12,9.11,39,Self-Employed,Professional Degree,Single,82926.0,730,49933.3,0.602,3,Defaulted
LN-101949,2025-10-24,South India,Home Loan,1785886.0,240,11.57,61,Unemployed,Professional Degree,Married,34408.0,441,19131.43,0.556,2,Restructured
LN-101646,2025-10-25,East India,Home Loan,5887378.0,120,17.78,52,Self-Employed,Graduate,Married,34773.0,579,105249.41,3.027,4,Restructured
LN-104244,2025-10-25,South India,Home Loan,4788619.0,300,15.66,46,Business Owner,Post-Graduate,Single,125236.0,872,63796.24,0.509,1,Active
LN-101149,2025-10-26,North India,Vehicle Loan,865972.0,60,8.74,49,Self-Employed,Graduate,Single,70935.0,605,17867.08,0.252,2,Active
LN-101642,2025-10-26,West India,Agriculture Loan,388727.0,12,17.58,21,Salaried,Post-Graduate,Single,83456.0,709,35560.83,0.426,2,Restructured
LN-102150,2025-10-26,West India,Home Loan,5027062.0,180,14.52,46,Retired,High School,Divorced,18781.0,600,68712.8,3.659,1,Active
LN-102397,2025-10-27,East India,Gold Loan,304990.0,12,14.34,39,Salaried,Professional Degree,Divorced,69741.0,747,27432.99,0.393,0,Active
LN-102676,2025-10-27,North India,Home Loan,2047649.0,300,8.61,61,Salaried,Graduate,Divorced,42296.0,662,16640.29,0.393,1,Active
LN-105309,2025-10-27,North India,Home Loan,4646295.0,240,13.23,38,Self-Employed,Graduate,Single,49298.0,587,55197.94,1.12,6,Written Off
LN-104053,2025-10-28,South India,Personal Loan,402402.0,12,9.6,37,Salaried,Post-Graduate,Divorced,51713.0,614,35302.71,0.683,3,Active
LN-104337,2025-10-28,West India,Home Loan,1943944.0,120,14.02,40,Retired,Post-Graduate,Divorced,81592.0,685,30206.31,0.37,0,Active
LN-105202,2025-10-28,South India,Home Loan,3601353.0,120,10.38,29,Salaried,Post-Graduate,Married,93577.0,685,48353.19,0.517,0,Active
LN-105267,2025-10-28,East India,Agriculture Loan,711451.0,12,9.89,26,Business Owner,Post-Graduate,Single,111681.0,807,62511.45,0.56,1,Active
LN-105576,2025-10-28,South India,Education Loan,1344812.0,36,11.78,50,Business Owner,Graduate,Single,96893.0,705,44525.83,0.46,1,Active
LN-102240,2025-10-29,West India,Vehicle Loan,752613.0,36,17.83,49,Salaried,Post-Graduate,Married,69251.0,751,27144.62,0.392,1,Active
LN-102281,2025-10-29,South India,Education Loan,1282964.0,36,10.45,23,Salaried,Graduate,Single,62964.0,566,41669.22,0.662,4,Defaulted
LN-102509,2025-10-29,East India,Home Loan,2719458.0,300,9.86,32,Self-Employed,Graduate,Single,47995.0,509,24443.86,0.509,2,Active
LN-105442,2025-10-29,West India,Business Loan,1555648.0,84,8.54,35,Salaried,Professional Degree,Single,109467.0,717,24667.3,0.225,1,Active
LN-102438,2025-10-30,West India,Personal Loan,75349.0,36,13.17,23,Salaried,High School,Married,29082.0,649,2544.98,0.088,2,Active
LN-103368,2025-10-30,South India,Business Loan,4067193.0,84,10.56,25,Salaried,Post-Graduate,Divorced,86892.0,609,68702.88,0.791,2,Active
LN-104316,2025-10-30,South India,Vehicle Loan,1084999.0,72,16.64,24,Self-Employed,Graduate,Married,45944.0,612,23919.6,0.521,1,Active
LN-105041,2025-10-30,East India,Vehicle Loan,698276.0,60,11.5,25,Self-Employed,High School,Married,26746.0,571,15356.91,0.574,2,Restructured
LN-101386,2025-10-31,North India,Home Loan,4512200.0,300,17.9,21,Unemployed,Post-Graduate,Married,20164.0,591,68108.82,3.378,5,Defaulted
LN-104515,2025-10-31,South India,Vehicle Loan,609278.0,48,8.73,33,Self-Employed,Graduate,Divorced,35902.0,771,15083.92,0.42,0,Active
LN-104566,2025-10-31,West India,Home Loan,3801256.0,300,16.12,41,Retired,Post-Graduate,Divorced,67265.0,646,52013.18,0.773,2,Active
LN-100250,2025-11-01,South India,Business Loan,1801071.0,60,11.77,39,Salaried,Post-Graduate,Single,58091.0,766,39854.81,0.686,0,Active
LN-102077,2025-11-01,Central India,Home Loan,4269466.0,300,9.96,43,Salaried,Graduate,Divorced,36957.0,638,38676.35,1.047,10,Defaulted
LN-102826,2025-11-01,East India,Education Loan,1938568.0,60,10.84,48,Self-Employed,Post-Graduate,Divorced,89018.0,667,41994.65,0.472,5,Defaulted
LN-103528,2025-11-01,West India,Home Loan,1902789.0,180,16.31,41,Salaried,Graduate,Single,45369.0,673,28358.62,0.625,0,Active
LN-105856,2025-11-01,West India,Education Loan,1615494.0,120,15.39,45,Retired,Post-Graduate,Divorced,103364.0,809,26450.74,0.256,1,Active
LN-101529,2025-11-02,North India,Gold Loan,615123.0,6,11.16,34,Retired,Professional Degree,Single,119948.0,576,105883.28,0.883,3,Active
LN-105023,2025-11-02,East India,Vehicle Loan,413421.0,48,17.54,44,Business Owner,Graduate,Single,60779.0,791,12045.09,0.198,1,Active
LN-104348,2025-11-03,Central India,Personal Loan,329913.0,24,9.25,24,Retired,High School,Divorced,32398.0,529,15109.86,0.466,11,Written Off
LN-106453,2025-11-03,North India,Vehicle Loan,734838.0,36,18.31,31,Business Owner,Graduate,Divorced,104404.0,756,26680.57,0.256,0,Active
LN-100096,2025-11-04,Central India,Personal Loan,225559.0,48,8.36,39,Self-Employed,Professional Degree,Single,88637.0,629,5544.75,0.063,3,Active
LN-102938,2025-11-04,Central India,Business Loan,3148840.0,84,9.71,42,Salaried,Professional Degree,Single,145377.0,757,51803.86,0.356,0,Active
LN-103096,2025-11-04,South India,Business Loan,3091574.0,24,13.51,63,Salaried,High School,Divorced,19494.0,709,147720.74,7.578,6,Defaulted
LN-104158,2025-11-04,South India,Business Loan,2493233.0,84,15.87,29,Retired,Graduate,Married,45781.0,697,49336.33,1.078,2,Restructured
LN-100684,2025-11-05,West India,Business Loan,1659695.0,84,9.98,29,Retired,Graduate,Married,65918.0,689,27535.75,0.418,1,Active
LN-102884,2025-11-05,East India,Home Loan,3529307.0,300,13.74,26,Self-Employed,Professional Degree,Divorced,121359.0,694,41783.6,0.344,1,Active
LN-103239,2025-11-05,East India,Vehicle Loan,923666.0,36,12.99,49,Retired,Graduate,Single,56056.0,782,31117.51,0.555,0,Active
LN-102716,2025-11-06,East India,Business Loan,672015.0,24,8.65,21,Business Owner,High School,Single,30422.0,645,30593.03,1.006,3,Active
LN-104529,2025-11-06,West India,Vehicle Loan,459993.0,36,17.74,32,Salaried,Post-Graduate,Divorced,83006.0,764,16569.91,0.2,1,Active
LN-101241,2025-11-07,West India,Home Loan,4388583.0,120,16.32,34,Retired,High School,Married,34930.0,696,74392.08,2.13,7,Written Off
LN-101828,2025-11-07,West India,Vehicle Loan,1059438.0,36,13.64,28,Business Owner,Professional Degree,Divorced,138776.0,725,36024.11,0.26,0,Active
LN-103477,2025-11-07,North India,Education Loan,542043.0,36,18.05,25,Salaried,Graduate,Divorced,37682.0,672,19609.75,0.52,1,Active
LN-103502,2025-11-07,East India,Vehicle Loan,278243.0,60,10.18,21,Salaried,Post-Graduate,Divorced,66252.0,620,5936.51,0.09,2,Active
LN-106090,2025-11-07,North India,Vehicle Loan,214338.0,60,17.09,41,Business Owner,Graduate,Divorced,46489.0,674,5337.23,0.115,0,Active
LN-106398,2025-11-07,West India,Education Loan,1914413.0,84,8.5,21,Self-Employed,Post-Graduate,Married,82510.0,715,30317.57,0.367,0,Active
LN-100532,2025-11-08,Central India,Personal Loan,468275.0,24,9.62,22,Business Owner,Graduate,Married,46702.0,692,21526.48,0.461,1,Active
LN-101479,2025-11-08,North India,Home Loan,1693654.0,300,17.81,47,Retired,Graduate,Married,31717.0,528,25442.9,0.802,6,Written Off
LN-101942,2025-11-08,South India,Business Loan,4745032.0,60,17.09,33,Business Owner,Post-Graduate,Married,75029.0,730,118156.01,1.575,8,Defaulted
LN-103617,2025-11-08,South India,Personal Loan,147952.0,36,18.3,29,Self-Employed,High School,Single,25209.0,730,5371.11,0.213,1,Active
LN-106414,2025-11-08,South India,Agriculture Loan,264013.0,36,18.11,27,Self-Employed,High School,Divorced,17664.0,680,9559.28,0.541,1,Active
LN-102001,2025-11-09,East India,Home Loan,3628970.0,180,10.55,37,Salaried,Graduate,Married,63167.0,704,40227.16,0.637,1,Active
LN-103397,2025-11-09,North India,Vehicle Loan,592884.0,36,17.66,28,Salaried,Post-Graduate,Single,109276.0,731,21333.19,0.195,1,Active
LN-104550,2025-11-09,Central India,Education Loan,1817944.0,36,16.08,36,Salaried,High School,Divorced,26607.0,604,63985.34,2.405,5,Defaulted
LN-100354,2025-11-10,East India,Personal Loan,435938.0,24,15.43,52,Salaried,Post-Graduate,Divorced,79235.0,675,21226.34,0.268,1,Active
LN-101993,2025-11-10,North India,Home Loan,5327760.0,120,17.35,51,Salaried,Graduate,Married,67827.0,812,93780.16,1.383,1,Active
LN-102172,2025-11-10,East India,Education Loan,411885.0,120,12.76,32,Business Owner,Post-Graduate,Divorced,160512.0,778,6091.72,0.038,0,Active
LN-105870,2025-11-10,Central India,Vehicle Loan,265901.0,36,13.64,39,Business Owner,High School,Married,61578.0,756,9041.44,0.147,1,Active
LN-100078,2025-11-11,South India,Business Loan,4954584.0,84,9.91,51,Self-Employed,Post-Graduate,Divorced,84182.0,669,82021.74,0.974,3,Written Off
LN-102330,2025-11-11,North India,Vehicle Loan,611061.0,36,8.93,39,Salaried,High School,Single,31082.0,742,19411.67,0.625,0,Active
LN-104688,2025-11-11,East India,Vehicle Loan,285342.0,72,13.19,30,Business Owner,Graduate,Married,96076.0,715,5756.64,0.06,0,Active
LN-104891,2025-11-12,South India,Personal Loan,86453.0,48,18.02,38,Salaried,Graduate,Divorced,31874.0,619,2540.46,0.08,1,Active
LN-105924,2025-11-12,South India,Vehicle Loan,911654.0,60,15.47,66,Business Owner,Graduate,Single,110952.0,736,21913.75,0.198,0,Active
LN-100171,2025-11-13,East India,Personal Loan,394288.0,36,10.1,35,Self-Employed,High School,Divorced,38687.0,600,12741.08,0.329,3,Active
LN-101282,2025-11-13,Central India,Personal Loan,340206.0,36,9.21,36,Salaried,Post-Graduate,Married,80076.0,750,10851.74,0.136,1,Active
LN-101844,2025-11-13,South India,Home Loan,3213559.0,300,18.42,35,Self-Employed,Post-Graduate,Single,72608.0,732,49844.41,0.686,0,Active
LN-104021,2025-11-13,West India,Gold Loan,107601.0,12,11.63,34,Retired,Post-Graduate,Married,63362.0,785,9541.6,0.151,0,Active
LN-104408,2025-11-13,North India,Personal Loan,266191.0,48,14.4,34,Salaried,Professional Degree,Married,80181.0,773,7327.59,0.091,0,Active
LN-104851,2025-11-13,North India,Business Loan,1104979.0,60,13.93,48,Salaried,Post-Graduate,Married,53283.0,707,25670.85,0.482,1,Active
LN-100617,2025-11-14,North India,Home Loan,1600072.0,120,7.71,33,Self-Employed,Graduate,Single,56588.0,648,19168.97,0.339,3,Written Off
LN-102870,2025-11-14,West India,Business Loan,4058600.0,24,16.04,41,Business Owner,Post-Graduate,Divorced,108154.0,828,198799.26,1.838,10,Defaulted
LN-104189,2025-11-14,East India,Vehicle Loan,790105.0,48,11.47,27,Salaried,Graduate,Married,48768.0,684,20601.48,0.422,0,Active
LN-104725,2025-11-14,East India,Vehicle Loan,848065.0,72,9.69,42,Salaried,Post-Graduate,Divorced,57981.0,696,15578.86,0.269,1,Active
LN-105208,2025-11-14,East India,Home Loan,4970680.0,300,7.93,27,Salaried,Post-Graduate,Divorced,72630.0,731,38134.3,0.525,1,Active
LN-105725,2025-11-14,West India,Vehicle Loan,950468.0,48,8.83,36,Self-Employed,Post-Graduate,Single,73050.0,603,23575.79,0.323,3,Active
LN-101927,2025-11-15,Central India,Gold Loan,427320.0,24,15.95,54,Salaried,High School,Married,23840.0,690,20912.71,0.877,5,Restructured
LN-105201,2025-11-15,East India,Home Loan,3859212.0,180,11.69,32,Self-Employed,Below High School,Divorced,22186.0,613,45550.15,2.053,7,Defaulted
LN-105325,2025-11-15,East India,Vehicle Loan,610560.0,72,18.41,38,Salaried,Graduate,Single,41085.0,638,14067.41,0.342,0,Active
LN-106673,2025-11-15,North India,Vehicle Loan,703316.0,72,13.38,47,Salaried,Graduate,Divorced,52233.0,738,14259.89,0.273,1,Active
LN-106681,2025-11-15,South India,Business Loan,4081008.0,36,14.69,40,Self-Employed,Graduate,Divorced,37924.0,715,140850.74,3.714,3,Restructured
LN-100323,2025-11-16,Central India,Business Loan,3391576.0,84,10.82,21,Salaried,Professional Degree,Single,119945.0,748,57751.55,0.481,1,Active
LN-101098,2025-11-16,East India,Vehicle Loan,1052817.0,60,17.68,40,Retired,Post-Graduate,Divorced,83327.0,693,26551.7,0.319,1,Active
LN-101256,2025-11-16,North India,Education Loan,221712.0,60,7.7,38,Salaried,Professional Degree,Single,112037.0,777,4463.76,0.04,1,Active
LN-103720,2025-11-16,Central India,Education Loan,1839919.0,84,13.99,43,Business Owner,Graduate,Single,111015.0,726,34469.94,0.31,0,Active
LN-106271,2025-11-16,Central India,Personal Loan,176935.0,48,16.1,40,Self-Employed,Post-Graduate,Married,63112.0,653,5023.45,0.08,0,Active
LN-106298,2025-11-16,Central India,Home Loan,3009684.0,300,17.07,26,Self-Employed,Post-Graduate,Married,63783.0,681,43440.23,0.681,0,Active
LN-100292,2025-11-17,East India,Personal Loan,384361.0,48,14.33,39,Salaried,Post-Graduate,Single,62236.0,656,10566.97,0.17,4,Written Off
LN-105427,2025-11-17,North India,Gold Loan,292353.0,24,15.43,43,Self-Employed,Graduate,Single,56003.0,683,14235.02,0.254,0,Active
LN-100168,2025-11-18,West India,Personal Loan,309667.0,48,18.14,29,Salaried,Post-Graduate,Divorced,70739.0,772,9119.14,0.129,0,Active
LN-100235,2025-11-18,Central India,Business Loan,2843811.0,36,14.2,33,Business Owner,High School,Married,41086.0,767,97471.19,2.372,0,Active
LN-101106,2025-11-18,South India,Education Loan,1004667.0,84,15.52,24,Business Owner,Graduate,Married,91491.0,768,19681.08,0.215,0,Active
LN-102198,2025-11-18,West India,Vehicle Loan,491865.0,60,14.67,24,Business Owner,Professional Degree,Divorced,231560.0,676,11616.41,0.05,1,Active
LN-104537,2025-11-18,North India,Education Loan,471908.0,120,18.42,39,Salaried,Post-Graduate,Single,65819.0,634,8631.1,0.131,2,Active
LN-105429,2025-11-18,South India,Business Loan,3018861.0,36,13.37,51,Business Owner,Professional Degree,Married,142196.0,749,102256.2,0.719,0,Active
LN-105533,2025-11-18,North India,Personal Loan,360125.0,12,9.93,36,Self-Employed,High School,Married,34695.0,736,31648.99,0.912,6,Restructured
LN-103044,2025-11-19,West India,Vehicle Loan,711023.0,60,17.17,28,Business Owner,Graduate,Divorced,84158.0,651,17735.81,0.211,0,Active
LN-103244,2025-11-19,South India,Business Loan,1834088.0,36,11.97,56,Self-Employed,Graduate,Divorced,54240.0,665,60891.69,1.123,0,Active
LN-106892,2025-11-19,West India,Agriculture Loan,390065.0,36,10.04,50,Unemployed,Graduate,Single,10191.0,522,12593.63,1.236,12,Defaulted
LN-100193,2025-11-20,North India,Vehicle Loan,1137521.0,48,14.37,39,Salaried,Post-Graduate,Divorced,90713.0,778,31295.98,0.345,0,Active
LN-100410,2025-11-20,Central India,Personal Loan,93688.0,36,8.43,36,Salaried,Graduate,Married,49466.0,756,2954.46,0.06,1,Active
LN-101298,2025-11-20,West India,Education Loan,541194.0,120,12.01,28,Salaried,Graduate,Divorced,57135.0,654,7767.69,0.136,0,Active
LN-106761,2025-11-20,West India,Vehicle Loan,1166976.0,60,10.16,47,Self-Employed,Graduate,Divorced,35398.0,635,24886.76,0.703,0,Active
LN-102550,2025-11-21,North India,Vehicle Loan,564851.0,72,9.08,37,Salaried,Below High School,Single,26874.0,787,10204.18,0.38,1,Active
LN-102465,2025-11-22,East India,Business Loan,3817049.0,24,8.67,24,Business Owner,Post-Graduate,Single,72726.0,610,173803.53,2.39,2,Active
LN-101437,2025-11-23,West India,Education Loan,1197333.0,60,11.71,34,Retired,Graduate,Divorced,49851.0,621,26458.88,0.531,1,Active
LN-104729,2025-11-23,Central India,Education Loan,1685317.0,84,15.74,39,Salaried,Graduate,Single,51061.0,647,33224.79,0.651,0,Active
LN-106821,2025-11-23,East India,Personal Loan,241015.0,24,15.07,35,Salaried,Post-Graduate,Single,91039.0,686,11694.03,0.128,1,Active
LN-101069,2025-11-24,North India,Vehicle Loan,898597.0,60,15.0,43,Unemployed,Professional Degree,Married,25319.0,454,21377.56,0.844,6,Restructured
LN-102135,2025-11-24,North India,Personal Loan,489470.0,12,7.52,30,Business Owner,Professional Degree,Divorced,160056.0,763,42469.67,0.265,1,Active
LN-102863,2025-11-24,East India,Vehicle Loan,719757.0,72,17.08,29,Business Owner,Graduate,Single,46859.0,722,16043.96,0.342,1,Active
LN-103140,2025-11-24,North India,Vehicle Loan,685336.0,72,8.76,35,Unemployed,High School,Single,6041.0,548,12272.07,2.031,5,Restructured
LN-103760,2025-11-24,South India,Gold Loan,464505.0,24,15.76,38,Salaried,Professional Degree,Married,93313.0,777,22690.38,0.243,1,Active
LN-104486,2025-11-24,South India,Home Loan,5709664.0,240,17.53,58,Self-Employed,High School,Married,34081.0,695,86058.21,2.525,1,Active
LN-105054,2025-11-24,Central India,Gold Loan,550810.0,24,17.67,41,Business Owner,Post-Graduate,Single,151600.0,605,27410.95,0.181,3,Active
LN-100201,2025-11-25,East India,Education Loan,1028184.0,84,7.71,44,Self-Employed,Post-Graduate,Single,106745.0,689,15877.35,0.149,1,Active
LN-101423,2025-11-25,South India,Home Loan,4728710.0,240,17.91,39,Self-Employed,Graduate,Married,64742.0,670,72651.37,1.122,0,Active
LN-101902,2025-11-25,West India,Home Loan,1666171.0,240,17.82,37,Self-Employed,Graduate,Married,36571.0,686,25483.64,0.697,1,Active
LN-104591,2025-11-25,Central India,Vehicle Loan,225840.0,60,15.21,43,Salaried,High School,Divorced,25366.0,740,5397.64,0.213,1,Active
LN-106082,2025-11-25,South India,Home Loan,2105386.0,120,16.23,45,Salaried,Graduate,Divorced,47799.0,731,35570.34,0.744,0,Active
LN-106755,2025-11-25,North India,Business Loan,2767784.0,24,13.01,34,Salaried,High School,Divorced,29675.0,685,131598.5,4.435,0,Active
LN-101589,2025-11-26,South India,Education Loan,704142.0,60,9.64,30,Self-Employed,Post-Graduate,Married,72869.0,613,14836.51,0.204,1,Active
LN-101367,2025-11-27,South India,Vehicle Loan,626563.0,60,17.36,36,Retired,Graduate,Single,51795.0,595,15693.25,0.303,2,Active
LN-101718,2025-11-27,South India,Vehicle Loan,537973.0,60,16.54,50,Self-Employed,Graduate,Divorced,36339.0,660,13237.31,0.364,1,Active
LN-103656,2025-11-27,West India,Business Loan,4232615.0,60,14.7,42,Salaried,High School,Married,28507.0,678,100028.32,3.509,1,Active
LN-106020,2025-11-27,West India,Business Loan,2943298.0,60,9.84,41,Self-Employed,Graduate,Single,68350.0,619,62304.92,0.912,0,Active
LN-106106,2025-11-28,South India,Home Loan,1793475.0,240,13.04,33,Salaried,High School,Divorced,24691.0,701,21063.05,0.853,0,Active
LN-100315,2025-11-29,South India,Personal Loan,183198.0,36,13.52,21,Unemployed,Post-Graduate,Single,24829.0,516,6218.65,0.25,9,Defaulted
LN-100457,2025-11-29,North India,Home Loan,3082631.0,300,16.54,42,Salaried,Graduate,Married,65575.0,792,43200.05,0.659,0,Active
LN-100858,2025-11-29,West India,Education Loan,1685139.0,60,12.36,31,Salaried,High School,Divorced,35063.0,779,37792.27,1.078,0,Active
LN-101561,2025-11-29,South India,Personal Loan,73491.0,36,15.55,60,Salaried,Graduate,Divorced,69441.0,710,2567.43,0.037,0,Active
LN-101840,2025-11-29,Central India,Vehicle Loan,1076600.0,72,17.08,26,Business Owner,Below High School,Married,25043.0,655,23998.27,0.958,10,Written Off
LN-105282,2025-11-29,Central India,Business Loan,4077921.0,24,17.1,33,Business Owner,High School,Married,61861.0,816,201817.64,3.262,1,Active
LN-105850,2025-11-29,East India,Home Loan,4104326.0,180,9.84,21,Self-Employed,Below High School,Divorced,26821.0,689,43704.42,1.629,1,Active
LN-100412,2025-11-30,Central India,Home Loan,4794291.0,120,11.07,37,Self-Employed,High School,Married,37717.0,626,66231.48,1.756,3,Active
LN-100754,2025-11-30,West India,Home Loan,5448651.0,240,11.89,36,Self-Employed,Graduate,Married,48180.0,548,59577.02,1.237,4,Defaulted
LN-102594,2025-11-30,Central India,Gold Loan,125360.0,6,8.77,25,Retired,Professional Degree,Single,111506.0,672,21431.01,0.192,0,Fully Paid
LN-104113,2025-11-30,South India,Vehicle Loan,805634.0,72,14.31,37,Retired,High School,Single,22144.0,592,16734.71,0.756,5,Restructured
LN-104977,2025-11-30,East India,Business Loan,2310632.0,24,13.5,31,Salaried,Graduate,Married,46518.0,695,110395.1,2.373,0,Active
LN-105694,2025-11-30,South India,Personal Loan,336604.0,48,14.87,52,Salaried,Graduate,Divorced,65572.0,759,9345.77,0.143,0,Active
LN-104386,2025-12-01,South India,Gold Loan,168438.0,6,7.73,47,Salaried,Post-Graduate,Divorced,56219.0,676,28709.32,0.511,0,Fully Paid
LN-105594,2025-12-01,Central India,Vehicle Loan,467881.0,72,18.44,29,Business Owner,Graduate,Divorced,85208.0,826,10788.04,0.127,0,Active
LN-104768,2025-12-02,South India,Home Loan,3598341.0,300,9.78,23,Unemployed,High School,Single,8032.0,554,32141.77,4.002,0,Active
LN-106820,2025-12-02,East India,Gold Loan,234718.0,24,7.91,43,Salaried,Professional Degree,Single,122288.0,783,10606.03,0.087,1,Active
LN-106675,2025-12-03,North India,Home Loan,4043087.0,120,9.07,46,Salaried,Graduate,Married,41049.0,743,51369.41,1.251,1,Active
LN-100771,2025-12-04,Central India,Personal Loan,406323.0,36,11.85,28,Salaried,Post-Graduate,Divorced,74151.0,691,13466.65,0.182,0,Active
LN-104291,2025-12-04,Central India,Vehicle Loan,908003.0,60,17.08,41,Salaried,Graduate,Divorced,38064.0,775,22605.29,0.594,0,Active
LN-100443,2025-12-05,East India,Home Loan,3900418.0,120,18.38,33,Business Owner,Professional Degree,Single,173401.0,726,71236.75,0.411,1,Active
LN-100300,2025-12-06,South India,Business Loan,3839251.0,60,8.12,59,Salaried,Professional Degree,Single,130032.0,724,78066.84,0.6,7,Written Off
LN-102074,2025-12-06,North India,Personal Loan,433582.0,48,14.18,27,Unemployed,Graduate,Single,13583.0,733,11887.46,0.875,6,Defaulted
LN-104602,2025-12-06,Central India,Personal Loan,383916.0,48,8.45,24,Unemployed,Below High School,Single,8565.0,462,9453.82,1.104,7,Defaulted
LN-105485,2025-12-06,North India,Home Loan,5824307.0,240,18.25,33,Salaried,Post-Graduate,Married,96830.0,720,91009.33,0.94,1,Active
LN-102895,2025-12-07,East India,Home Loan,5701834.0,180,12.83,41,Self-Employed,Post-Graduate,Divorced,95082.0,671,71505.38,0.752,1,Active
LN-104705,2025-12-07,East India,Vehicle Loan,876961.0,72,12.15,38,Salaried,Post-Graduate,Single,99734.0,817,17213.24,0.173,1,Active
LN-103903,2025-12-08,North India,Home Loan,5738556.0,240,12.04,50,Self-Employed,High School,Single,37214.0,564,63346.55,1.702,2,Restructured
LN-106555,2025-12-08,Central India,Gold Loan,108524.0,24,16.33,31,Business Owner,Graduate,Divorced,96197.0,719,5330.8,0.055,0,Active
LN-100913,2025-12-09,Central India,Business Loan,4308579.0,36,9.0,51,Salaried,Post-Graduate,Married,103684.0,705,137011.66,1.321,1,Active
LN-101210,2025-12-09,North India,Business Loan,929592.0,84,12.33,37,Salaried,High School,Divorced,32184.0,618,16574.34,0.515,1,Active
LN-101651,2025-12-09,East India,Vehicle Loan,512074.0,48,9.6,25,Self-Employed,Below High School,Divorced,16231.0,625,12889.37,0.794,4,Restructured
LN-101351,2025-12-10,North India,Home Loan,3116581.0,240,10.86,47,Salaried,Graduate,Single,71178.0,795,31872.58,0.448,1,Active
LN-104289,2025-12-10,West India,Personal Loan,494763.0,48,16.65,32,Self-Employed,High School,Married,22542.0,648,14186.97,0.629,3,Restructured
LN-100425,2025-12-11,North India,Home Loan,2845533.0,180,12.57,26,Unemployed,Professional Degree,Divorced,27894.0,476,35201.55,1.262,5,Restructured
LN-101200,2025-12-11,East India,Education Loan,1396293.0,36,10.69,46,Retired,Graduate,Divorced,47889.0,683,45508.13,0.95,6,Defaulted
LN-102423,2025-12-11,South India,Vehicle Loan,278871.0,60,7.72,46,Business Owner,Graduate,Married,51557.0,680,5617.2,0.109,1,Active
LN-103481,2025-12-11,North India,Business Loan,4351848.0,60,14.93,28,Self-Employed,Graduate,Divorced,64373.0,561,103370.32,1.606,8,Defaulted
LN-103975,2025-12-11,West India,Home Loan,5512421.0,120,16.64,35,Self-Employed,High School,Divorced,37131.0,638,94550.8,2.546,6,Restructured
LN-102767,2025-12-12,West India,Agriculture Loan,805835.0,24,11.01,33,Unemployed,Post-Graduate,Divorced,29737.0,524,37561.97,1.263,7,Defaulted
LN-103549,2025-12-12,Central India,Education Loan,1143609.0,84,15.56,62,Salaried,Graduate,Married,51914.0,602,22428.78,0.432,3,Active
LN-106136,2025-12-12,Central India,Business Loan,2615771.0,24,12.89,30,Salaried,Post-Graduate,Married,54575.0,765,124223.41,2.276,1,Active
LN-106731,2025-12-12,Central India,Vehicle Loan,321922.0,72,14.96,32,Self-Employed,Professional Degree,Single,79086.0,659,6800.05,0.086,10,Written Off
LN-100796,2025-12-13,East India,Gold Loan,612357.0,24,17.34,21,Retired,High School,Married,35422.0,571,30376.45,0.858,3,Active
LN-102706,2025-12-13,Central India,Personal Loan,485430.0,12,14.84,50,Self-Employed,Post-Graduate,Married,55207.0,778,43777.45,0.793,0,Active
LN-105697,2025-12-13,Central India,Gold Loan,719465.0,12,9.68,25,Self-Employed,Graduate,Single,48226.0,650,63145.38,1.309,1,Active
LN-106382,2025-12-13,Central India,Education Loan,1902577.0,60,16.6,48,Self-Employed,Graduate,Divorced,68107.0,610,46875.7,0.688,1,Active
LN-101404,2025-12-14,North India,Vehicle Loan,326075.0,72,10.81,55,Salaried,High School,Married,32927.0,790,6174.85,0.188,1,Active
LN-102340,2025-12-14,South India,Personal Loan,367524.0,12,8.98,44,Salaried,Graduate,Single,51840.0,672,32137.11,0.62,9,Defaulted
LN-102663,2025-12-14,North India,Personal Loan,70802.0,36,7.73,30,Business Owner,Post-Graduate,Single,125297.0,794,2209.87,0.018,0,Active
LN-102952,2025-12-14,North India,Gold Loan,74771.0,12,11.97,44,Business Owner,Professional Degree,Married,206683.0,751,6642.26,0.032,1,Active
LN-103483,2025-12-15,West India,Gold Loan,64128.0,24,14.95,27,Self-Employed,Professional Degree,Single,71747.0,617,3107.83,0.043,12,Defaulted
LN-103669,2025-12-15,South India,Agriculture Loan,256356.0,24,12.29,39,Retired,Graduate,Married,53041.0,584,12102.31,0.228,3,Active
LN-104502,2025-12-15,West India,Business Loan,4581515.0,36,8.55,21,Salaried,High School,Divorced,27616.0,759,144733.32,5.241,1,Active
LN-104927,2025-12-15,North India,Education Loan,949860.0,60,18.28,49,Salaried,Post-Graduate,Single,71550.0,721,24265.12,0.339,1,Active
LN-100653,2025-12-16,Central India,Personal Loan,299445.0,36,15.54,40,Business Owner,Professional Degree,Single,166753.0,670,10459.72,0.063,0,Active
LN-101088,2025-12-16,South India,Home Loan,1874507.0,120,17.1,32,Self-Employed,Professional Degree,Divorced,137000.0,545,32697.37,0.239,2,Restructured
LN-103116,2025-12-16,Central India,Vehicle Loan,546184.0,36,12.57,31,Self-Employed,Professional Degree,Single,111216.0,746,18290.18,0.164,0,Active
LN-105195,2025-12-17,East India,Education Loan,648652.0,120,12.89,32,Self-Employed,Graduate,Married,58456.0,617,9643.03,0.165,3,Active
LN-105333,2025-12-17,East India,Education Loan,1638668.0,60,16.34,43,Business Owner,Graduate,Divorced,99701.0,624,40145.86,0.403,2,Active
LN-106428,2025-12-17,West India,Home Loan,2008523.0,300,9.06,47,Salaried,Post-Graduate,Single,87825.0,760,16938.05,0.193,0,Active
LN-105157,2025-12-18,East India,Vehicle Loan,721453.0,72,10.7,42,Salaried,Post-Graduate,Single,91297.0,634,13621.59,0.149,2,Active
LN-106120,2025-12-18,East India,Vehicle Loan,585890.0,48,14.66,57,Retired,Post-Graduate,Single,100603.0,671,16204.96,0.161,1,Active
LN-100774,2025-12-19,West India,Vehicle Loan,869298.0,36,17.85,35,Retired,High School,Divorced,25753.0,679,31361.83,1.218,1,Active
LN-101726,2025-12-19,Central India,Vehicle Loan,367617.0,72,16.11,60,Self-Employed,Graduate,Married,36413.0,667,7996.57,0.22,1,Active
LN-102886,2025-12-19,East India,Vehicle Loan,828315.0,36,11.63,57,Business Owner,Post-Graduate,Divorced,150531.0,846,27365.76,0.182,0,Active
LN-104991,2025-12-19,North India,Personal Loan,202371.0,36,7.9,24,Salaried,Professional Degree,Divorced,128352.0,868,6332.24,0.049,0,Active
LN-102693,2025-12-20,South India,Home Loan,2133708.0,180,13.02,21,Business Owner,High School,Single,31866.0,654,27024.66,0.848,0,Active
LN-103824,2025-12-20,Central India,Home Loan,2021743.0,120,17.69,35,Salaried,Graduate,Divorced,50925.0,753,36026.3,0.707,1,Active
LN-101526,2025-12-21,West India,Home Loan,2801109.0,120,9.96,21,Retired,Graduate,Married,52883.0,625,36954.84,0.699,0,Active
LN-103761,2025-12-21,North India,Personal Loan,298666.0,12,13.98,52,Self-Employed,High School,Married,33345.0,699,26813.55,0.804,4,Defaulted
LN-100919,2025-12-22,Central India,Vehicle Loan,658260.0,60,12.39,37,Salaried,High School,Divorced,22537.0,709,14772.69,0.655,0,Active
LN-103246,2025-12-22,North India,Home Loan,5078324.0,120,15.38,34,Self-Employed,Post-Graduate,Divorced,111499.0,689,83116.89,0.745,3,Written Off
LN-103765,2025-12-22,Central India,Education Loan,1398442.0,120,8.17,48,Salaried,Post-Graduate,Married,67320.0,719,17092.84,0.254,0,Active
LN-104548,2025-12-22,Central India,Gold Loan,493711.0,24,9.81,38,Salaried,Graduate,Divorced,39004.0,758,22738.99,0.583,1,Active
LN-101581,2025-12-23,North India,Agriculture Loan,284257.0,36,8.05,45,Salaried,Graduate,Married,61016.0,735,8914.14,0.146,1,Active
LN-102727,2025-12-23,North India,Education Loan,1891568.0,120,10.81,21,Business Owner,High School,Single,44707.0,592,25853.33,0.578,11,Defaulted
LN-104061,2025-12-23,Central India,Home Loan,2184936.0,120,9.88,30,Salaried,Graduate,Divorced,46621.0,676,28729.1,0.616,1,Active
LN-106795,2025-12-23,South India,Vehicle Loan,1164928.0,48,11.46,26,Salaried,High School,Single,36375.0,730,30369.07,0.835,0,Active
LN-100669,2025-12-24,North India,Business Loan,3864462.0,60,16.13,32,Salaried,High School,Married,19807.0,642,94243.35,4.758,5,Written Off
LN-102124,2025-12-24,West India,Personal Loan,309590.0,12,13.67,47,Self-Employed,High School,Divorced,19124.0,555,27749.15,1.451,1,Active
LN-103572,2025-12-24,East India,Personal Loan,304491.0,24,9.06,41,Retired,Below High School,Married,28485.0,675,13918.98,0.489,5,Written Off
LN-103977,2025-12-24,South India,Home Loan,5235465.0,120,17.28,28,Retired,Professional Degree,Divorced,84633.0,643,91922.16,1.086,10,Written Off
LN-101474,2025-12-25,North India,Vehicle Loan,229628.0,36,10.62,47,Salaried,Graduate,Divorced,41717.0,599,7476.47,0.179,1,Active
LN-105074,2025-12-25,North India,Home Loan,5635952.0,120,11.81,28,Unemployed,High School,Single,10227.0,581,80241.72,7.846,10,Defaulted
LN-105281,2025-12-25,West India,Agriculture Loan,991912.0,24,14.26,22,Salaried,Graduate,Married,37778.0,685,47746.48,1.264,1,Active
LN-105904,2025-12-25,South India,Personal Loan,485903.0,48,8.69,42,Retired,Post-Graduate,Married,82692.0,667,12020.32,0.145,0,Active
LN-100079,2025-12-26,Central India,Vehicle Loan,964192.0,48,15.95,44,Self-Employed,Graduate,Single,68069.0,692,27300.79,0.401,1,Active
LN-100824,2025-12-26,East India,Vehicle Loan,761984.0,36,11.98,41,Self-Employed,Graduate,Divorced,59998.0,568,25301.49,0.422,3,Active
LN-104715,2025-12-26,Central India,Business Loan,4589972.0,24,17.62,54,Retired,Graduate,Divorced,34012.0,638,228308.36,6.713,0,Active
LN-105464,2025-12-27,West India,Home Loan,5562117.0,180,16.24,31,Salaried,Graduate,Divorced,65674.0,817,82623.47,1.258,3,Defaulted
LN-106649,2025-12-27,East India,Vehicle Loan,1166982.0,36,11.78,52,Business Owner,High School,Single,48662.0,641,38637.99,0.794,5,Written Off
LN-100089,2025-12-28,Central India,Personal Loan,473702.0,24,8.63,22,Business Owner,High School,Single,60914.0,724,21560.63,0.354,1,Active
LN-100459,2025-12-28,West India,Business Loan,4497641.0,60,14.6,48,Self-Employed,High School,Married,21894.0,577,106056.54,4.844,0,Active
LN-102649,2025-12-28,South India,Gold Loan,792867.0,12,8.4,45,Retired,Graduate,Single,47931.0,621,69116.98,1.442,1,Active
LN-102739,2025-12-28,South India,Home Loan,1958947.0,300,8.21,37,Salaried,Post-Graduate,Single,98726.0,626,15392.99,0.156,0,Active
LN-103602,2025-12-28,West India,Education Loan,1930937.0,120,9.08,37,Business Owner,High School,Single,42431.0,727,24543.97,0.578,5,Restructured
LN-104561,2025-12-28,North India,Gold Loan,736936.0,24,13.58,38,Retired,High School,Single,33908.0,625,35236.38,1.039,12,Written Off
LN-105024,2025-12-28,East India,Gold Loan,263591.0,12,16.96,44,Retired,Graduate,Single,50447.0,605,24035.75,0.476,10,Defaulted
LN-105194,2025-12-28,South India,Home Loan,5482253.0,300,17.41,21,Self-Employed,Graduate,Divorced,37874.0,653,80609.13,2.128,0,Active
LN-100381,2025-12-29,Central India,Education Loan,1766199.0,84,8.24,24,Business Owner,Graduate,Single,79186.0,696,27740.02,0.35,0,Active
LN-100413,2025-12-29,East India,Education Loan,825908.0,36,17.78,43,Salaried,High School,Single,26058.0,682,29767.48,1.142,3,Defaulted
LN-100803,2025-12-29,West India,Business Loan,3053658.0,36,8.45,21,Salaried,High School,Divorced,31608.0,544,96325.73,3.048,0,Active
LN-100151,2025-12-30,North India,Home Loan,3650695.0,300,10.37,47,Business Owner,Post-Graduate,Married,148697.0,741,34130.8,0.23,1,Active
LN-100172,2025-12-30,Central India,Vehicle Loan,231676.0,48,16.39,23,Self-Employed,Professional Degree,Divorced,127442.0,628,6612.13,0.052,2,Active
LN-100245,2025-12-30,West India,Home Loan,4388428.0,180,16.57,42,Self-Employed,High School,Married,29729.0,765,66205.27,2.227,0,Active
LN-101198,2025-12-30,East India,Personal Loan,292832.0,24,15.03,24,Salaried,Graduate,Divorced,35662.0,723,14202.62,0.398,12,Defaulted
LN-104653,2025-12-30,East India,Personal Loan,270268.0,24,12.8,29,Self-Employed,High School,Divorced,22868.0,656,12823.66,0.561,11,Defaulted
LN-104866,2025-12-30,South India,Agriculture Loan,893197.0,24,9.96,49,Salaried,Post-Graduate,Divorced,60947.0,806,41200.02,0.676,1,Active
LN-100228,2025-12-31,West India,Personal Loan,498899.0,24,14.53,29,Unemployed,Post-Graduate,Single,14335.0,557,24078.68,1.68,12,Defaulted
LN-101812,2025-12-31,North India,Home Loan,2747745.0,180,9.11,21,Retired,Post-Graduate,Divorced,87745.0,633,28049.55,0.32,1,Active
LN-100723,2026-01-01,South India,Education Loan,1084802.0,84,9.04,31,Salaried,Graduate,Divorced,35517.0,714,17475.49,0.492,0,Active
LN-102515,2026-01-01,North India,Home Loan,4487718.0,180,12.61,26,Self-Employed,High School,Divorced,34752.0,632,55633.77,1.601,8,Defaulted
LN-103658,2026-01-01,North India,Personal Loan,491319.0,12,16.15,31,Unemployed,Post-Graduate,Single,17385.0,476,44612.68,2.566,12,Defaulted
LN-106074,2026-01-01,South India,Personal Loan,335964.0,24,13.31,39,Salaried,High School,Divorced,36828.0,735,16021.3,0.435,0,Active
LN-100598,2026-01-02,East India,Business Loan,538814.0,60,10.88,36,Salaried,Post-Graduate,Single,65283.0,729,11682.9,0.179,1,Active
LN-104881,2026-01-02,South India,Personal Loan,75563.0,12,13.72,32,Salaried,Post-Graduate,Divorced,49323.0,763,6774.63,0.137,0,Active
LN-101706,2026-01-03,Central India,Vehicle Loan,953452.0,36,11.53,21,Salaried,Post-Graduate,Divorced,71282.0,662,31454.64,0.441,0,Active
LN-102608,2026-01-03,Central India,Home Loan,5390298.0,120,18.09,37,Self-Employed,Professional Degree,Divorced,118219.0,555,97437.73,0.824,3,Written Off
LN-106281,2026-01-03,West India,Personal Loan,183228.0,36,8.67,46,Self-Employed,Professional Degree,Married,134146.0,685,5798.5,0.043,1,Active
LN-101360,2026-01-04,North India,Personal Loan,488394.0,24,12.72,36,Salaried,High School,Divorced,18791.0,648,23154.96,1.232,1,Active
LN-104781,2026-01-04,North India,Vehicle Loan,865107.0,36,10.65,47,Retired,Post-Graduate,Single,97797.0,666,28179.32,0.288,0,Active
LN-106132,2026-01-04,East India,Vehicle Loan,1093842.0,48,8.76,30,Salaried,High School,Married,22961.0,699,27095.82,1.18,1,Active
LN-101028,2026-01-05,West India,Education Loan,1252525.0,120,14.87,26,Salaried,Graduate,Single,36144.0,729,20108.01,0.556,1,Active
LN-105305,2026-01-05,Central India,Vehicle Loan,399244.0,36,9.0,23,Self-Employed,Professional Degree,Single,68427.0,658,12695.85,0.186,0,Active
LN-102596,2026-01-06,West India,Business Loan,4143688.0,24,9.71,45,Self-Employed,High School,Single,38715.0,635,190656.02,4.925,1,Active
LN-105095,2026-01-06,Central India,Home Loan,2540901.0,120,11.84,38,Salaried,Post-Graduate,Divorced,92668.0,786,36219.92,0.391,1,Active
LN-105624,2026-01-06,Central India,Home Loan,2101028.0,300,17.13,47,Salaried,Graduate,Divorced,40382.0,675,30425.2,0.753,0,Active
LN-101806,2026-01-07,East India,Agriculture Loan,272878.0,24,15.49,41,Salaried,Professional Degree,Single,73316.0,708,13294.56,0.181,0,Active
LN-102480,2026-01-07,South India,Personal Loan,213515.0,12,15.06,42,Retired,Post-Graduate,Divorced,60531.0,812,19277.55,0.318,0,Active
LN-100152,2026-01-08,East India,Vehicle Loan,1072562.0,60,17.67,56,Retired,Post-Graduate,Divorced,97198.0,719,27043.85,0.278,0,Active
LN-102741,2026-01-08,West India,Education Loan,305752.0,84,7.64,37,Unemployed,High School,Married,7018.0,534,4710.86,0.671,9,Written Off
LN-103175,2026-01-08,Central India,Business Loan,1192906.0,36,11.37,24,Retired,High School,Divorced,29339.0,724,39263.56,1.338,1,Active
LN-103762,2026-01-08,North India,Business Loan,1041825.0,24,10.44,44,Salaried,High School,Divorced,23836.0,757,48286.79,2.026,0,Active
LN-106738,2026-01-08,Central India,Personal Loan,317044.0,24,17.89,56,Salaried,Post-Graduate,Single,88660.0,705,15811.29,0.178,0,Active
LN-100331,2026-01-09,East India,Vehicle Loan,808683.0,36,11.24,45,Business Owner,Below High School,Divorced,33902.0,686,26567.25,0.784,11,Written Off
LN-102713,2026-01-09,South India,Home Loan,4273911.0,180,9.17,43,Business Owner,Below High School,Single,43405.0,660,43782.13,1.009,4,Restructured
LN-103167,2026-01-09,Central India,Personal Loan,461995.0,12,15.86,31,Salaried,Graduate,Divorced,46115.0,601,41886.6,0.908,10,Defaulted
LN-104390,2026-01-09,North India,Home Loan,1697545.0,240,14.78,25,Salaried,High School,Divorced,22705.0,735,22077.65,0.972,0,Active
LN-105481,2026-01-09,East India,Vehicle Loan,1096817.0,72,8.89,47,Salaried,Professional Degree,Divorced,89962.0,650,19710.89,0.219,0,Active
LN-106658,2026-01-09,South India,Business Loan,4665704.0,84,7.75,21,Salaried,Post-Graduate,Married,91878.0,779,72140.9,0.785,9,Defaulted
LN-100402,2026-01-10,Central India,Home Loan,4919794.0,120,17.77,31,Self-Employed,Professional Degree,Married,97228.0,679,87920.22,0.904,0,Active
LN-106602,2026-01-10,South India,Home Loan,3050483.0,240,11.54,57,Salaried,Post-Graduate,Divorced,101350.0,748,32615.37,0.322,1,Active
LN-104117,2026-01-11,Central India,Vehicle Loan,1187709.0,36,8.28,48,Self-Employed,Graduate,Divorced,38229.0,616,37372.09,0.978,0,Active
LN-106626,2026-01-11,East India,Personal Loan,395041.0,36,18.46,29,Retired,High School,Divorced,27798.0,620,14373.0,0.517,12,Written Off
LN-106969,2026-01-11,East India,Home Loan,2207250.0,300,13.58,51,Salaried,Professional Degree,Married,107955.0,711,25862.87,0.24,1,Active
LN-101975,2026-01-12,Central India,Home Loan,1606889.0,180,10.09,21,Self-Employed,Post-Graduate,Married,108323.0,679,17356.29,0.16,0,Active
LN-102029,2026-01-12,West India,Vehicle Loan,688732.0,48,11.67,35,Salaried,High School,Divorced,28571.0,672,18025.56,0.631,2,Restructured
LN-102704,2026-01-12,North India,Home Loan,4420147.0,180,11.03,53,Self-Employed,Post-Graduate,Married,95292.0,764,50322.55,0.528,0,Active
LN-104900,2026-01-12,Central India,Personal Loan,321212.0,24,16.39,54,Salaried,Professional Degree,Divorced,122340.0,808,15787.46,0.129,1,Active
LN-100681,2026-01-13,East India,Personal Loan,60136.0,36,9.29,41,Business Owner,High School,Divorced,39851.0,738,1920.44,0.048,5,Defaulted
LN-100814,2026-01-13,South India,Gold Loan,359272.0,12,13.74,44,Self-Employed,Post-Graduate,Single,67034.0,632,32214.06,0.481,4,Restructured
LN-101582,2026-01-13,North India,Business Loan,4688949.0,24,11.14,43,Salaried,Graduate,Divorced,69680.0,710,218846.68,3.141,7,Defaulted
LN-102326,2026-01-13,South India,Home Loan,4929570.0,120,14.49,26,Self-Employed,Graduate,Married,36249.0,671,77998.67,2.152,1,Active
LN-103471,2026-01-13,South India,Personal Loan,454566.0,24,16.21,40,Business Owner,Post-Graduate,Single,104323.0,639,22302.6,0.214,2,Active
LN-103663,2026-01-13,East India,Agriculture Loan,404746.0,36,11.26,45,Salaried,High School,Divorced,35811.0,704,13300.76,0.371,0,Active
LN-104298,2026-01-13,East India,Personal Loan,173369.0,12,14.15,30,Self-Employed,Post-Graduate,Divorced,71360.0,595,15578.54,0.218,0,Active
LN-106385,2026-01-14,South India,Vehicle Loan,373114.0,36,18.16,31,Salaried,Graduate,Married,48795.0,607,13518.93,0.277,0,Active
LN-100120,2026-01-15,South India,Home Loan,2099493.0,300,12.39,28,Retired,Post-Graduate,Divorced,75736.0,658,22719.76,0.3,1,Active
LN-100565,2026-01-16,West India,Personal Loan,299926.0,48,12.0,37,Salaried,Professional Degree,Single,137090.0,746,7898.2,0.058,1,Active
LN-102681,2026-01-16,West India,Business Loan,1097873.0,36,9.91,45,Business Owner,Graduate,Single,99248.0,792,35378.9,0.356,1,Active
LN-104468,2026-01-16,East India,Agriculture Loan,804886.0,12,12.84,43,Business Owner,Post-Graduate,Married,105365.0,766,71829.82,0.682,0,Active
LN-106875,2026-01-16,North India,Education Loan,1991816.0,120,9.31,53,Business Owner,Post-Graduate,Single,111772.0,694,25566.86,0.229,0,Active
LN-100461,2026-01-17,South India,Business Loan,2254238.0,36,12.22,39,Self-Employed,High School,Divorced,34885.0,764,75110.05,2.153,0,Active
LN-103488,2026-01-17,South India,Personal Loan,181668.0,36,11.24,39,Retired,Post-Graduate,Divorced,50983.0,735,5968.25,0.117,0,Active
LN-104585,2026-01-17,Central India,Personal Loan,383137.0,36,8.51,45,Self-Employed,Post-Graduate,Divorced,95662.0,686,12096.47,0.126,0,Active
LN-106694,2026-01-17,South India,Home Loan,4940211.0,120,15.42,34,Salaried,Post-Graduate,Married,55169.0,674,80978.27,1.468,10,Defaulted
LN-103211,2026-01-18,Central India,Vehicle Loan,1135604.0,48,11.06,48,Salaried,High School,Single,19157.0,713,29383.38,1.534,3,Restructured
LN-103241,2026-01-18,West India,Personal Loan,435172.0,36,12.97,51,Business Owner,Graduate,Single,107032.0,715,14656.38,0.137,0,Active
LN-105388,2026-01-18,South India,Business Loan,2143728.0,60,14.23,55,Salaried,Graduate,Married,45423.0,657,50136.79,1.104,5,Written Off
LN-105598,2026-01-18,West India,Home Loan,3557945.0,120,16.57,26,Self-Employed,High School,Married,34832.0,656,60870.21,1.748,0,Active
LN-103420,2026-01-19,West India,Personal Loan,370992.0,12,12.87,43,Salaried,Graduate,Married,53424.0,776,33113.37,0.62,0,Active
LN-106619,2026-01-19,East India,Business Loan,2857622.0,60,15.98,27,Self-Employed,Graduate,Divorced,70804.0,737,69461.45,0.981,9,Written Off
LN-100411,2026-01-20,South India,Agriculture Loan,734162.0,24,8.11,32,Business Owner,Professional Degree,Single,168489.0,651,33241.0,0.197,0,Active
LN-102611,2026-01-20,Central India,Vehicle Loan,1011640.0,36,14.65,43,Salaried,Post-Graduate,Single,107939.0,671,34895.69,0.323,0,Active
LN-104625,2026-01-20,East India,Business Loan,1207556.0,60,18.08,21,Retired,High School,Married,26171.0,621,30716.56,1.174,0,Active
LN-103605,2026-01-21,South India,Gold Loan,718033.0,24,18.31,45,Retired,Post-Graduate,Married,70789.0,700,35954.8,0.508,1,Active
LN-105945,2026-01-21,West India,Personal Loan,397566.0,48,15.74,30,Self-Employed,Post-Graduate,Divorced,82089.0,677,11214.26,0.137,8,Defaulted
LN-106007,2026-01-21,South India,Personal Loan,153288.0,36,14.21,43,Unemployed,High School,Divorced,11454.0,580,5254.67,0.459,3,Active
LN-106553,2026-01-21,South India,Personal Loan,314901.0,48,13.53,43,Business Owner,Graduate,Divorced,55564.0,686,8531.08,0.154,1,Active
LN-100827,2026-01-22,South India,Vehicle Loan,846781.0,48,11.24,46,Salaried,Post-Graduate,Single,75175.0,649,21984.32,0.292,3,Active
LN-104331,2026-01-22,North India,Education Loan,924279.0,36,13.31,28,Retired,Post-Graduate,Single,109109.0,648,31280.8,0.287,3,Active
LN-100030,2026-01-23,North India,Agriculture Loan,740826.0,24,13.97,21,Retired,Post-Graduate,Single,77690.0,669,35558.69,0.458,1,Active
LN-101898,2026-01-23,West India,Vehicle Loan,1054695.0,48,17.08,29,Business Owner,Graduate,Married,91108.0,758,30476.94,0.335,1,Active
LN-104438,2026-01-23,West India,Agriculture Loan,511532.0,12,11.55,37,Salaried,Graduate,Single,61216.0,674,45341.38,0.741,1,Active
LN-105659,2026-01-23,West India,Home Loan,4319329.0,120,12.23,37,Self-Employed,Graduate,Married,41276.0,565,62545.47,1.515,0,Active
LN-106098,2026-01-23,North India,Home Loan,2438121.0,240,12.46,50,Salaried,Professional Degree,Single,100166.0,757,27631.76,0.276,1,Active
LN-106465,2026-01-23,West India,Vehicle Loan,858518.0,60,16.01,27,Self-Employed,Professional Degree,Single,79818.0,703,20882.05,0.262,1,Active
LN-101189,2026-01-24,East India,Home Loan,2148837.0,240,11.7,54,Salaried,Graduate,Divorced,40409.0,707,23212.67,0.574,0,Active
LN-100778,2026-01-25,Central India,Education Loan,692412.0,84,12.96,40,Business Owner,High School,Married,29841.0,692,12581.28,0.422,1,Active
LN-102491,2026-01-25,West India,Home Loan,5251170.0,180,8.21,44,Retired,Post-Graduate,Married,89795.0,713,50821.6,0.566,0,Active
LN-101096,2026-01-26,South India,Home Loan,2783680.0,300,15.43,37,Salaried,Graduate,Married,55794.0,800,36585.43,0.656,0,Active
LN-102639,2026-01-27,East India,Home Loan,2263626.0,120,7.55,21,Self-Employed,Graduate,Married,41164.0,682,26928.75,0.654,0,Active
LN-104589,2026-01-27,North India,Business Loan,3530985.0,36,16.07,35,Salaried,Post-Graduate,Divorced,101201.0,808,124261.02,1.228,1,Active
LN-100968,2026-01-28,South India,Home Loan,3423366.0,120,10.14,28,Salaried,High School,Divorced,21136.0,724,45505.85,2.153,0,Active
LN-106936,2026-01-28,Central India,Business Loan,3101988.0,84,8.63,41,Salaried,Graduate,Married,62832.0,694,49327.62,0.785,0,Active
LN-100195,2026-01-29,North India,Business Loan,842954.0,60,13.69,48,Self-Employed,High School,Married,33399.0,638,19478.85,0.583,3,Active
LN-101460,2026-01-29,North India,Vehicle Loan,855894.0,48,7.65,21,Salaried,Graduate,Single,67241.0,772,20754.54,0.309,1,Active
LN-102108,2026-01-29,Central India,Personal Loan,347016.0,36,17.75,50,Self-Employed,Below High School,Married,25350.0,693,12501.98,0.493,0,Active
LN-102379,2026-01-29,North India,Home Loan,3670524.0,300,12.55,37,Business Owner,Below High School,Married,27332.0,661,40158.72,1.469,0,Active
LN-104769,2026-01-29,East India,Vehicle Loan,224182.0,60,15.92,44,Salaried,Graduate,Married,37325.0,742,5442.15,0.146,0,Active
LN-105069,2026-01-29,South India,Gold Loan,673477.0,24,15.26,62,Self-Employed,High School,Married,38475.0,630,32737.9,0.851,2,Active
LN-106866,2026-01-29,North India,Education Loan,255001.0,84,9.04,37,Salaried,Professional Degree,Divorced,75036.0,708,4107.91,0.055,1,Active
LN-105547,2026-01-30,Central India,Vehicle Loan,255409.0,48,17.74,43,Salaried,Professional Degree,Single,81617.0,712,7467.98,0.092,1,Active
LN-101568,2026-01-31,West India,Personal Loan,331815.0,48,9.03,62,Salaried,High School,Divorced,35118.0,686,8261.96,0.235,1,Active
LN-102279,2026-01-31,East India,Home Loan,2771908.0,180,8.48,51,Business Owner,Professional Degree,Married,199045.0,648,27263.59,0.137,11,Written Off
LN-103060,2026-01-31,North India,Home Loan,5404789.0,120,17.61,34,Salaried,Graduate,Married,43549.0,732,96033.38,2.205,0,Active
LN-104627,2026-01-31,North India,Agriculture Loan,344251.0,24,11.65,38,Self-Employed,Graduate,Married,45937.0,584,16148.88,0.352,2,Active
LN-106818,2026-01-31,North India,Home Loan,2989821.0,180,15.36,52,Self-Employed,High School,Single,38078.0,572,42584.8,1.118,11,Defaulted
LN-102931,2026-02-01,South India,Gold Loan,251240.0,6,14.93,32,Salaried,High School,Married,36285.0,660,43715.53,1.205,0,Active
LN-102937,2026-02-01,South India,Home Loan,2017002.0,180,13.79,48,Salaried,High School,Divorced,33097.0,720,26577.27,0.803,0,Active
LN-105387,2026-02-01,Central India,Personal Loan,392644.0,48,8.04,51,Retired,Graduate,Single,68669.0,804,9592.96,0.14,1,Active
LN-102787,2026-02-02,North India,Personal Loan,255626.0,24,8.42,21,Business Owner,Post-Graduate,Married,141350.0,672,11610.3,0.082,0,Active
LN-106091,2026-02-02,East India,Vehicle Loan,1116477.0,72,15.88,27,Self-Employed,Graduate,Married,47574.0,699,24144.74,0.508,10,Written Off
LN-106542,2026-02-02,South India,Personal Loan,211723.0,48,15.66,54,Self-Employed,Graduate,Married,43506.0,656,5963.49,0.137,1,Active
LN-104942,2026-02-03,North India,Vehicle Loan,601977.0,36,8.64,27,Self-Employed,Post-Graduate,Divorced,64146.0,671,19042.01,0.297,1,Active
LN-105438,2026-02-03,South India,Education Loan,1161873.0,120,14.67,54,Salaried,High School,Single,28136.0,703,18510.97,0.658,1,Active
LN-105909,2026-02-03,South India,Business Loan,4131818.0,36,15.31,33,Self-Employed,Graduate,Divorced,53831.0,586,143858.87,2.672,8,Defaulted
LN-105931,2026-02-03,Central India,Personal Loan,256488.0,36,9.22,46,Self-Employed,Post-Graduate,Married,109548.0,508,8182.54,0.075,1,Active
LN-101100,2026-02-04,East India,Personal Loan,296616.0,36,8.18,32,Salaried,Below High School,Divorced,13084.0,725,9319.52,0.712,1,Active
LN-101377,2026-02-04,West India,Personal Loan,379314.0,48,10.1,50,Unemployed,Professional Degree,Single,37142.0,520,9638.61,0.26,12,Defaulted
LN-103575,2026-02-04,East India,Vehicle Loan,719244.0,72,12.09,27,Salaried,Professional Degree,Single,92683.0,775,14095.04,0.152,0,Active
LN-105007,2026-02-04,East India,Home Loan,3456973.0,120,14.28,28,Self-Employed,Graduate,Single,57970.0,631,54258.71,0.936,1,Active
LN-106859,2026-02-04,South India,Business Loan,2904336.0,24,8.9,64,Salaried,Graduate,Married,43617.0,622,132550.63,3.039,11,Defaulted
LN-100313,2026-02-05,West India,Business Loan,3513500.0,36,11.81,38,Unemployed,Graduate,Single,19090.0,464,116379.89,6.096,10,Defaulted
LN-103357,2026-02-05,East India,Personal Loan,355871.0,24,17.18,28,Business Owner,High School,Divorced,35853.0,726,17625.86,0.492,1,Active
LN-104601,2026-02-05,East India,Gold Loan,585920.0,6,18.1,46,Salaried,Post-Graduate,Divorced,81142.0,725,102872.92,1.268,1,Active
LN-105350,2026-02-05,Central India,Home Loan,4023765.0,120,8.57,45,Business Owner,Professional Degree,Divorced,222851.0,620,50039.7,0.225,0,Active
LN-105486,2026-02-05,East India,Personal Loan,283727.0,36,16.83,39,Retired,Post-Graduate,Divorced,96952.0,640,10091.65,0.104,0,Active
LN-106419,2026-02-05,North India,Business Loan,1467356.0,24,11.55,49,Retired,Professional Degree,Divorced,95619.0,661,68765.59,0.719,8,Defaulted
LN-101557,2026-02-06,West India,Home Loan,2309030.0,120,7.82,43,Salaried,Graduate,Single,44825.0,734,27795.77,0.62,7,Defaulted
LN-104169,2026-02-06,East India,Vehicle Loan,230906.0,48,14.56,22,Salaried,Graduate,Divorced,38145.0,606,6374.9,0.167,3,Active
LN-104631,2026-02-06,West India,Gold Loan,424813.0,24,17.65,21,Self-Employed,Graduate,Divorced,65960.0,695,21136.64,0.32,1,Active
LN-102864,2026-02-07,East India,Business Loan,2444657.0,36,9.97,35,Retired,Professional Degree,Married,146950.0,787,78847.78,0.537,1,Active
LN-103871,2026-02-07,Central India,Education Loan,835068.0,84,13.97,29,Salaried,High School,Divorced,32609.0,587,15635.35,0.479,2,Active
LN-106492,2026-02-07,East India,Gold Loan,113205.0,24,17.5,34,Retired,Post-Graduate,Married,78688.0,591,5624.35,0.071,2,Active
LN-106445,2026-02-08,West India,Education Loan,566435.0,36,11.55,36,Salaried,High School,Single,26869.0,672,18692.24,0.696,11,Written Off
LN-100830,2026-02-09,South India,Personal Loan,156804.0,24,18.03,42,Salaried,Post-Graduate,Single,101946.0,743,7830.57,0.077,0,Active
LN-101771,2026-02-09,North India,Personal Loan,94849.0,12,12.71,33,Salaried,High School,Divorced,34338.0,575,8458.75,0.246,2,Active
LN-102851,2026-02-09,Central India,Business Loan,1891302.0,60,16.24,40,Unemployed,Professional Degree,Married,25168.0,605,46234.32,1.837,3,Restructured
LN-103366,2026-02-09,North India,Home Loan,4585353.0,300,7.61,24,Self-Employed,Post-Graduate,Single,103856.0,629,34214.12,0.329,2,Active
LN-103844,2026-02-09,West India,Personal Loan,415349.0,48,15.71,27,Self-Employed,Professional Degree,Single,140122.0,676,11709.51,0.084,1,Active
LN-100540,2026-02-10,East India,Education Loan,1447648.0,120,13.43,33,Unemployed,Post-Graduate,Single,25948.0,584,21983.64,0.847,6,Defaulted
LN-101622,2026-02-10,East India,Personal Loan,404485.0,12,11.35,44,Self-Employed,Professional Degree,Single,87279.0,629,35815.12,0.41,4,Defaulted
LN-103921,2026-02-10,North India,Personal Loan,267190.0,24,11.65,44,Self-Employed,Graduate,Single,62918.0,612,12533.93,0.199,3,Written Off
LN-102088,2026-02-11,North India,Home Loan,1717366.0,300,17.08,39,Salaried,Graduate,Divorced,37541.0,654,24801.21,0.661,0,Active
LN-102615,2026-02-11,Central India,Vehicle Loan,249117.0,36,17.87,37,Salaried,Graduate,Single,64592.0,692,8989.94,0.139,1,Active
LN-103046,2026-02-11,West India,Personal Loan,343190.0,48,15.2,39,Retired,Graduate,Divorced,64917.0,722,9586.06,0.148,1,Active
LN-104253,2026-02-11,Central India,Home Loan,5627450.0,300,14.61,44,Unemployed,Post-Graduate,Married,29411.0,648,70379.57,2.393,0,Active
LN-106217,2026-02-11,North India,Business Loan,1217234.0,24,16.14,45,Retired,Professional Degree,Single,67655.0,756,59681.02,0.882,1,Active
LN-106413,2026-02-11,East India,Gold Loan,418428.0,24,11.95,27,Salaried,Post-Graduate,Married,108046.0,703,19687.09,0.182,1,Active
LN-101459,2026-02-12,Central India,Home Loan,4519586.0,180,12.66,48,Self-Employed,Professional Degree,Single,72820.0,648,56176.34,0.771,2,Active
LN-102473,2026-02-12,East India,Home Loan,2059488.0,120,8.69,32,Retired,High School,Married,28917.0,564,25744.46,0.89,4,Restructured
LN-106693,2026-02-12,North India,Personal Loan,392059.0,36,18.11,23,Salaried,Professional Degree,Married,68086.0,719,14195.52,0.208,0,Active
LN-100947,2026-02-13,East India,Education Loan,1146123.0,36,17.1,21,Salaried,Graduate,Single,35908.0,666,40919.47,1.14,1,Active
LN-105428,2026-02-13,West India,Business Loan,2194645.0,24,8.16,21,Salaried,Graduate,Married,71344.0,660,99418.08,1.394,11,Written Off
LN-105867,2026-02-13,West India,Business Loan,2140900.0,36,12.1,33,Business Owner,Below High School,Married,42462.0,748,71210.81,1.677,7,Defaulted
LN-106663,2026-02-13,North India,Personal Loan,298824.0,48,10.94,26,Salaried,High School,Divorced,30453.0,723,7714.56,0.253,0,Active
LN-101906,2026-02-14,South India,Vehicle Loan,965751.0,60,7.63,48,Self-Employed,Professional Degree,Divorced,138064.0,642,19411.38,0.141,2,Active
LN-104983,2026-02-14,East India,Home Loan,4771618.0,240,15.17,33,Self-Employed,Below High School,Married,21311.0,649,63432.35,2.977,5,Defaulted
LN-105326,2026-02-14,East India,Education Loan,1502834.0,60,10.62,21,Unemployed,Professional Degree,Single,37293.0,476,32391.17,0.869,7,Defaulted
LN-106679,2026-02-14,South India,Personal Loan,258840.0,36,12.2,55,Self-Employed,Graduate,Married,70866.0,759,8621.94,0.122,1,Active
LN-100016,2026-02-15,Central India,Home Loan,5942626.0,120,18.12,41,Business Owner,Post-Graduate,Single,152767.0,757,107536.85,0.704,6,Restructured
LN-105770,2026-02-15,West India,Agriculture Loan,596928.0,24,10.57,34,Salaried,Professional Degree,Single,117193.0,718,27702.5,0.236,0,Active
LN-106177,2026-02-15,East India,Vehicle Loan,331850.0,36,13.94,26,Business Owner,Graduate,Divorced,97784.0,746,11332.18,0.116,0,Active
LN-100174,2026-02-16,East India,Personal Loan,297065.0,48,7.5,35,Salaried,High School,Divorced,29043.0,737,7182.71,0.247,1,Active
LN-104186,2026-02-16,East India,Personal Loan,270698.0,48,12.13,42,Salaried,Post-Graduate,Married,98576.0,702,7145.81,0.072,1,Active
LN-101476,2026-02-17,East India,Business Loan,2770364.0,36,9.4,33,Salaried,Graduate,Single,42910.0,607,88613.49,2.065,0,Active
LN-103018,2026-02-17,Central India,Business Loan,2168037.0,36,8.16,22,Business Owner,Post-Graduate,Divorced,113878.0,659,68098.54,0.598,1,Active
LN-104178,2026-02-17,South India,Education Loan,931136.0,60,13.09,37,Salaried,Post-Graduate,Single,110710.0,669,21229.13,0.192,0,Active
LN-101954,2026-02-19,Central India,Home Loan,2750638.0,300,10.76,32,Salaried,Post-Graduate,Single,106237.0,706,26483.46,0.249,1,Active
LN-104963,2026-02-19,South India,Education Loan,1183435.0,84,16.65,39,Salaried,Graduate,Divorced,42240.0,615,23945.68,0.567,2,Active
LN-105493,2026-02-19,Central India,Vehicle Loan,228426.0,60,16.9,32,Business Owner,Below High School,Married,34389.0,753,5664.7,0.165,1,Active
LN-102638,2026-02-20,East India,Personal Loan,407637.0,36,17.67,46,Unemployed,Post-Graduate,Single,20563.0,522,14669.66,0.713,12,Written Off
LN-100273,2026-02-21,Central India,Home Loan,2661474.0,180,16.75,39,Business Owner,High School,Divorced,34291.0,638,40489.56,1.181,11,Defaulted
LN-103114,2026-02-21,North India,Vehicle Loan,1022023.0,60,12.45,42,Business Owner,Post-Graduate,Single,96641.0,652,22967.43,0.238,1,Active
LN-103434,2026-02-21,North India,Business Loan,4364691.0,24,9.64,30,Business Owner,High School,Divorced,44547.0,623,200683.89,4.505,4,Defaulted
LN-106081,2026-02-21,East India,Personal Loan,55793.0,12,8.69,24,Salaried,Post-Graduate,Married,69232.0,705,4871.16,0.07,0,Active
LN-106134,2026-02-21,South India,Business Loan,4418134.0,84,17.51,36,Salaried,Graduate,Married,65081.0,661,91595.05,1.407,1,Active
LN-100297,2026-02-22,West India,Agriculture Loan,778136.0,12,15.94,55,Self-Employed,Professional Degree,Single,122302.0,721,70578.85,0.577,1,Active
LN-102808,2026-02-22,South India,Personal Loan,360021.0,24,17.21,30,Retired,Post-Graduate,Single,83931.0,704,17836.6,0.213,0,Active
LN-104929,2026-02-22,South India,Business Loan,4803178.0,36,12.45,39,Retired,Post-Graduate,Divorced,102491.0,572,160568.55,1.567,4,Restructured
LN-106161,2026-02-22,East India,Vehicle Loan,818275.0,48,10.8,21,Self-Employed,Graduate,Single,32152.0,594,21069.36,0.655,7,Defaulted
LN-106817,2026-02-22,Central India,Business Loan,2502520.0,24,14.17,21,Salaried,Professional Degree,Single,112844.0,670,120354.28,1.067,0,Active
LN-100667,2026-02-23,North India,Business Loan,2921745.0,84,12.99,35,Salaried,Graduate,Single,44181.0,621,53136.39,1.203,2,Active
LN-101960,2026-02-23,Central India,Agriculture Loan,431191.0,12,9.32,38,Salaried,High School,Single,33484.0,642,37772.31,1.128,5,Restructured
LN-102434,2026-02-23,North India,Education Loan,1841778.0,120,16.18,21,Self-Employed,High School,Single,29682.0,578,31059.11,1.046,8,Written Off
LN-102897,2026-02-24,South India,Vehicle Loan,739380.0,60,18.44,39,Salaried,Professional Degree,Divorced,71614.0,634,18952.82,0.265,3,Active
LN-103224,2026-02-24,West India,Education Loan,889677.0,60,9.21,59,Salaried,Graduate,Divorced,68646.0,708,18559.04,0.27,0,Active
LN-106327,2026-02-24,North India,Education Loan,1072305.0,84,11.53,59,Salaried,Graduate,Divorced,60319.0,699,18660.65,0.309,0,Active
LN-106439,2026-02-24,North India,Gold Loan,163515.0,24,13.12,50,Self-Employed,Graduate,Married,65421.0,728,7783.02,0.119,1,Active
LN-100072,2026-02-25,South India,Business Loan,3768691.0,36,14.71,24,Business Owner,Graduate,Divorced,97652.0,704,130108.34,1.332,1,Active
LN-101709,2026-02-25,West India,Personal Loan,243547.0,12,12.19,70,Self-Employed,Graduate,Divorced,38568.0,629,21660.51,0.562,3,Active
LN-103419,2026-02-25,Central India,Personal Loan,127109.0,36,12.39,31,Unemployed,Post-Graduate,Married,20803.0,645,4245.55,0.204,4,Restructured
LN-106447,2026-02-25,East India,Business Loan,3591255.0,24,11.56,56,Salaried,Graduate,Married,36630.0,653,168315.87,4.595,5,Restructured
LN-106704,2026-02-25,East India,Agriculture Loan,300801.0,12,8.66,29,Salaried,High School,Divorced,21450.0,718,26258.09,1.224,1,Active
LN-100181,2026-02-26,Central India,Home Loan,4946819.0,300,11.23,31,Salaried,Professional Degree,Divorced,121575.0,826,49309.18,0.406,0,Active
LN-105335,2026-02-26,East India,Personal Loan,232891.0,12,7.82,26,Unemployed,High School,Divorced,8987.0,485,20239.44,2.252,5,Restructured
LN-102852,2026-02-27,Central India,Vehicle Loan,1056431.0,48,7.85,55,Salaried,Post-Graduate,Divorced,93695.0,700,25716.25,0.274,0,Active
LN-102880,2026-02-27,North India,Personal Loan,165627.0,36,15.02,21,Salaried,Professional Degree,Single,126874.0,630,5743.14,0.045,2,Active
LN-104278,2026-02-27,Central India,Home Loan,2966745.0,180,8.1,45,Business Owner,Graduate,Single,57687.0,607,28523.3,0.494,2,Active
LN-100112,2026-02-28,Central India,Personal Loan,214259.0,48,10.9,43,Unemployed,Professional Degree,Single,41991.0,604,5527.24,0.132,2,Active
LN-101708,2026-02-28,South India,Agriculture Loan,690056.0,36,9.98,30,Self-Employed,Graduate,Married,37185.0,572,22259.69,0.599,2,Active
LN-105006,2026-02-28,North India,Vehicle Loan,950388.0,60,12.61,34,Business Owner,Professional Degree,Divorced,226013.0,692,21434.98,0.095,1,Active
LN-105036,2026-02-28,Central India,Home Loan,4756975.0,180,13.1,42,Business Owner,Post-Graduate,Divorced,147485.0,760,60500.6,0.41,0,Active
LN-100442,2026-03-01,North India,Agriculture Loan,420316.0,12,13.48,43,Unemployed,Graduate,Single,19178.0,591,37636.2,1.962,6,Restructured
LN-100537,2026-03-01,West India,Education Loan,1363613.0,36,16.53,30,Salaried,Graduate,Single,68701.0,701,48298.16,0.703,5,Defaulted
LN-102412,2026-03-01,East India,Agriculture Loan,321626.0,36,10.79,41,Salaried,Graduate,Divorced,64083.0,706,10497.67,0.164,1,Active
LN-102919,2026-03-01,East India,Business Loan,4774953.0,24,16.07,30,Salaried,Post-Graduate,Divorced,95061.0,657,233956.29,2.461,0,Active
LN-102957,2026-03-01,North India,Business Loan,1062909.0,36,12.96,44,Salaried,High School,Divorced,32031.0,792,35793.13,1.117,1,Active
LN-106474,2026-03-01,North India,Vehicle Loan,1085215.0,72,15.82,41,Business Owner,Post-Graduate,Single,119683.0,741,23432.89,0.196,1,Active
LN-101019,2026-03-02,West India,Agriculture Loan,718442.0,24,8.32,41,Salaried,Graduate,Divorced,43761.0,724,32598.14,0.745,1,Active
LN-101022,2026-03-02,South India,Agriculture Loan,798201.0,12,13.34,21,Business Owner,Post-Graduate,Single,90468.0,594,71420.53,0.789,2,Active
LN-101612,2026-03-02,Central India,Education Loan,1289933.0,120,17.03,21,Salaried,Professional Degree,Single,104081.0,691,22443.26,0.216,0,Active
LN-101964,2026-03-02,South India,Home Loan,2840248.0,180,15.53,42,Self-Employed,Post-Graduate,Married,69718.0,680,40787.79,0.585,0,Active
LN-103696,2026-03-02,East India,Home Loan,2733298.0,120,10.89,32,Unemployed,Post-Graduate,Single,30426.0,633,37481.19,1.232,2,Active
LN-104654,2026-03-02,West India,Personal Loan,67606.0,12,10.45,42,Business Owner,High School,Divorced,58067.0,667,5957.8,0.103,0,Active
LN-104874,2026-03-02,North India,Education Loan,1952354.0,60,9.63,58,Self-Employed,Post-Graduate,Married,62483.0,790,41127.21,0.658,1,Active
LN-100156,2026-03-03,West India,Vehicle Loan,683479.0,60,16.86,43,Self-Employed,High School,Married,33199.0,682,16934.81,0.51,1,Active
LN-102079,2026-03-03,Central India,Business Loan,1422790.0,84,13.51,31,Salaried,Post-Graduate,Divorced,71729.0,701,26279.46,0.366,0,Active
LN-104290,2026-03-03,North India,Home Loan,3922047.0,180,15.66,53,Business Owner,Below High School,Divorced,20410.0,673,56676.12,2.777,0,Active
LN-101143,2026-03-04,Central India,Vehicle Loan,852230.0,48,15.98,46,Salaried,Graduate,Divorced,59205.0,706,24143.71,0.408,6,Defaulted
LN-100203,2026-03-05,East India,Vehicle Loan,813799.0,48,15.25,39,Self-Employed,Professional Degree,Divorced,134971.0,690,22751.9,0.169,1,Active
LN-100286,2026-03-05,North India,Vehicle Loan,1024147.0,48,18.19,44,Retired,High School,Married,26113.0,638,30186.09,1.156,3,Active
LN-100335,2026-03-05,East India,Vehicle Loan,868860.0,48,17.8,48,Salaried,High School,Single,25083.0,710,25432.05,1.014,1,Active
LN-103230,2026-03-05,West India,Personal Loan,493832.0,36,15.62,42,Retired,Graduate,Married,39172.0,641,17269.16,0.441,9,Defaulted
LN-105730,2026-03-05,East India,Vehicle Loan,918389.0,60,18.43,32,Salaried,Professional Degree,Divorced,135633.0,669,23536.4,0.174,6,Restructured
LN-100627,2026-03-06,South India,Vehicle Loan,233341.0,48,16.99,36,Salaried,Professional Degree,Divorced,108058.0,728,6731.86,0.062,1,Active
LN-104981,2026-03-06,North India,Vehicle Loan,466739.0,72,16.33,51,Business Owner,Post-Graduate,Divorced,128738.0,730,10209.42,0.079,0,Active
LN-106493,2026-03-06,North India,Business Loan,3868972.0,24,10.14,54,Self-Employed,Post-Graduate,Divorced,99533.0,699,178783.53,1.796,7,Defaulted
LN-106988,2026-03-06,South India,Home Loan,1572089.0,180,14.62,38,Salaried,High School,Divorced,38644.0,701,21595.03,0.559,0,Active
LN-101115,2026-03-07,East India,Home Loan,5842147.0,300,9.58,28,Salaried,Professional Degree,Divorced,125640.0,786,51367.9,0.409,0,Active
LN-100081,2026-03-08,West India,Home Loan,1692466.0,180,9.97,21,Self-Employed,High School,Single,23120.0,644,18156.28,0.785,8,Defaulted
LN-100321,2026-03-08,West India,Business Loan,3530582.0,36,9.81,21,Salaried,Graduate,Divorced,67896.0,771,113607.27,1.673,0,Active
LN-104424,2026-03-08,Central India,Gold Loan,438200.0,24,13.03,22,Salaried,High School,Married,35305.0,620,20839.0,0.59,2,Active
LN-104880,2026-03-08,East India,Vehicle Loan,727628.0,48,9.29,34,Retired,Post-Graduate,Married,62435.0,630,18207.42,0.292,3,Active
LN-105317,2026-03-08,Central India,Personal Loan,412887.0,12,13.57,53,Self-Employed,Post-Graduate,Married,66466.0,680,36988.45,0.557,12,Defaulted
LN-100950,2026-03-09,North India,Vehicle Loan,839956.0,48,10.62,49,Salaried,High School,Single,18156.0,705,21554.42,1.187,0,Active
LN-101039,2026-03-09,North India,Personal Loan,498060.0,24,15.66,36,Self-Employed,High School,Divorced,27930.0,591,24305.73,0.87,2,Active
LN-102629,2026-03-09,West India,Agriculture Loan,907261.0,36,10.38,46,Business Owner,Professional Degree,Married,120028.0,793,29436.89,0.245,1,Active
LN-104808,2026-03-09,Central India,Gold Loan,245096.0,12,8.13,34,Salaried,Below High School,Single,28028.0,733,21335.25,0.761,0,Active
LN-101454,2026-03-10,Central India,Gold Loan,112113.0,24,9.28,43,Salaried,High School,Divorced,18547.0,717,5136.27,0.277,1,Active
LN-102848,2026-03-10,East India,Education Loan,710877.0,120,10.27,55,Unemployed,Professional Degree,Married,42433.0,538,9500.9,0.224,4,Restructured
LN-103142,2026-03-10,Central India,Home Loan,4945886.0,120,14.03,30,Unemployed,High School,Single,10194.0,526,76882.25,7.542,4,Defaulted
LN-103791,2026-03-10,North India,Personal Loan,272651.0,24,9.88,21,Retired,Professional Degree,Single,146942.0,745,12566.36,0.086,0,Active
LN-104002,2026-03-10,South India,Gold Loan,615064.0,24,10.19,27,Salaried,Graduate,Divorced,36779.0,628,28436.05,0.773,1,Active
LN-105410,2026-03-10,Central India,Vehicle Loan,745874.0,60,17.4,35,Salaried,Post-Graduate,Single,57350.0,540,18697.69,0.326,3,Active
LN-106559,2026-03-10,North India,Business Loan,3158850.0,36,8.21,34,Business Owner,Below High School,Single,20168.0,749,99293.18,4.923,5,Restructured
LN-101317,2026-03-11,East India,Home Loan,3325176.0,120,13.89,31,Salaried,Post-Graduate,Single,96514.0,693,51409.13,0.533,6,Restructured
LN-106448,2026-03-11,North India,Vehicle Loan,1047007.0,60,11.4,36,Salaried,Graduate,Divorced,50794.0,631,22973.89,0.452,2,Active
LN-106574,2026-03-11,East India,Agriculture Loan,778024.0,24,15.18,56,Self-Employed,Graduate,Married,60044.0,770,37790.35,0.629,0,Active
LN-101089,2026-03-12,East India,Personal Loan,102444.0,12,13.14,21,Business Owner,Professional Degree,Single,231613.0,662,9156.75,0.04,1,Active
LN-104660,2026-03-12,North India,Education Loan,970468.0,36,13.6,44,Self-Employed,Below High School,Single,14238.0,602,32980.07,2.316,3,Restructured
LN-106962,2026-03-12,Central India,Personal Loan,194511.0,12,17.26,25,Unemployed,Graduate,Married,21495.0,627,17764.34,0.826,7,Defaulted
LN-102752,2026-03-13,East India,Home Loan,4289513.0,240,17.54,42,Business Owner,Graduate,Divorced,90547.0,604,64686.0,0.714,12,Defaulted
LN-102830,2026-03-13,North India,Home Loan,4751736.0,300,12.74,26,Business Owner,Graduate,Married,65208.0,678,52663.62,0.808,0,Active
LN-103039,2026-03-13,South India,Business Loan,3216705.0,84,10.56,32,Self-Employed,High School,Single,31058.0,541,54336.47,1.75,10,Defaulted
LN-105150,2026-03-13,Central India,Education Loan,1620514.0,120,7.83,43,Salaried,Graduate,Divorced,58242.0,703,19516.04,0.335,1,Active
LN-106506,2026-03-13,South India,Vehicle Loan,795022.0,36,8.82,47,Salaried,Professional Degree,Married,147225.0,799,25214.94,0.171,1,Active
LN-106825,2026-03-13,Central India,Business Loan,1815308.0,60,14.79,51,Unemployed,Post-Graduate,Married,30459.0,501,42986.2,1.411,9,Defaulted
LN-106987,2026-03-13,South India,Personal Loan,65823.0,12,8.95,38,Salaried,Professional Degree,Single,127214.0,709,5754.79,0.045,1,Active
LN-100994,2026-03-14,West India,Education Loan,1230496.0,36,9.68,25,Unemployed,Graduate,Married,19695.0,472,39520.03,2.007,10,Written Off
LN-102201,2026-03-14,South India,Business Loan,3431060.0,24,14.73,43,Self-Employed,High School,Single,36121.0,733,165920.8,4.593,1,Active
LN-103750,2026-03-14,East India,Personal Loan,214504.0,48,18.32,44,Salaried,Post-Graduate,Single,75095.0,800,6336.98,0.084,1,Active
LN-100867,2026-03-15,North India,Business Loan,2576870.0,36,14.14,46,Self-Employed,Graduate,Married,50496.0,644,88246.63,1.748,1,Active
LN-103090,2026-03-15,West India,Business Loan,4238679.0,60,11.75,47,Salaried,Graduate,Single,41751.0,611,93752.46,2.246,2,Restructured
LN-106511,2026-03-15,South India,Gold Loan,619602.0,24,10.3,32,Unemployed,Professional Degree,Single,24037.0,534,28677.36,1.193,6,Written Off
LN-101865,2026-03-16,Central India,Vehicle Loan,212276.0,60,14.26,54,Retired,Professional Degree,Married,110026.0,665,4967.95,0.045,0,Active
LN-103104,2026-03-16,East India,Vehicle Loan,1157013.0,60,11.4,24,Salaried,Graduate,Single,66053.0,791,25387.69,0.384,0,Active
LN-103321,2026-03-16,West India,Business Loan,4453471.0,84,10.98,51,Self-Employed,Professional Degree,Divorced,102631.0,709,76207.45,0.743,0,Active
LN-103498,2026-03-16,West India,Vehicle Loan,502227.0,72,7.62,51,Salaried,Post-Graduate,Divorced,95345.0,707,8712.77,0.091,0,Active
LN-104324,2026-03-16,West India,Education Loan,296271.0,120,8.66,31,Self-Employed,Graduate,Divorced,41559.0,578,3698.74,0.089,3,Active
LN-104766,2026-03-17,Central India,Vehicle Loan,832081.0,60,11.03,28,Salaried,Post-Graduate,Divorced,56864.0,640,18103.91,0.318,1,Active
LN-100312,2026-03-18,West India,Agriculture Loan,835854.0,24,9.94,26,Business Owner,Below High School,Single,32353.0,697,38547.28,1.191,0,Active
LN-100808,2026-03-18,South India,Home Loan,3500047.0,180,13.91,43,Unemployed,Post-Graduate,Single,34566.0,662,46400.13,1.342,2,Restructured
LN-102867,2026-03-18,North India,Home Loan,2336921.0,240,15.94,58,Self-Employed,Below High School,Single,21940.0,652,32407.4,1.477,0,Active
LN-104580,2026-03-18,East India,Home Loan,3837533.0,240,12.84,34,Salaried,Post-Graduate,Married,97783.0,657,44522.91,0.455,0,Active
LN-101872,2026-03-19,South India,Vehicle Loan,547596.0,72,16.9,61,Business Owner,High School,Single,26791.0,704,12151.36,0.454,1,Active
LN-101336,2026-03-20,East India,Home Loan,4950753.0,180,11.76,34,Salaried,High School,Divorced,25663.0,706,58655.09,2.286,1,Active
LN-102538,2026-03-20,Central India,Business Loan,4967185.0,60,18.36,51,Self-Employed,Graduate,Divorced,44937.0,775,127108.64,2.829,1,Active
LN-102558,2026-03-21,North India,Education Loan,854031.0,60,14.68,44,Salaried,Post-Graduate,Married,62760.0,720,20174.17,0.321,0,Active
LN-102820,2026-03-21,Central India,Agriculture Loan,997064.0,12,11.15,21,Salaried,Graduate,Single,41242.0,765,88191.95,2.138,1,Active
LN-104288,2026-03-21,West India,Vehicle Loan,201961.0,48,11.73,26,Self-Employed,Post-Graduate,Single,67745.0,689,5291.67,0.078,1,Active
LN-106773,2026-03-21,East India,Home Loan,3820017.0,240,11.61,53,Salaried,Professional Degree,Divorced,139975.0,755,41027.71,0.293,1,Active
LN-100551,2026-03-22,East India,Education Loan,206510.0,36,11.91,45,Self-Employed,Post-Graduate,Divorced,99701.0,665,6850.21,0.069,1,Active
LN-100935,2026-03-22,Central India,Agriculture Loan,380878.0,36,14.31,58,Retired,Post-Graduate,Single,104469.0,625,13074.93,0.125,6,Defaulted
LN-101750,2026-03-23,Central India,Home Loan,3699297.0,240,8.05,27,Self-Employed,Graduate,Married,54105.0,655,31057.62,0.574,9,Defaulted
LN-103033,2026-03-23,Central India,Home Loan,5231664.0,120,11.06,24,Retired,Below High School,Single,20000.0,528,72243.98,3.612,5,Defaulted
LN-103329,2026-03-23,West India,Home Loan,5118678.0,180,9.07,39,Salaried,Professional Degree,Divorced,109485.0,698,52130.41,0.476,1,Active
LN-103526,2026-03-23,East India,Personal Loan,278210.0,24,10.92,28,Salaried,Below High School,Married,16533.0,649,12956.44,0.784,12,Defaulted
LN-103773,2026-03-23,East India,Home Loan,4404721.0,240,11.94,51,Salaried,Post-Graduate,Single,53272.0,689,48315.65,0.907,1,Active
LN-105418,2026-03-23,West India,Home Loan,4235306.0,120,11.74,36,Self-Employed,Graduate,Divorced,59675.0,631,60129.47,1.008,6,Restructured
LN-105653,2026-03-23,Central India,Home Loan,4196446.0,180,11.75,32,Salaried,Post-Graduate,Divorced,104689.0,659,49691.43,0.475,1,Active
LN-104488,2026-03-24,South India,Gold Loan,683237.0,24,9.72,36,Self-Employed,Graduate,Divorced,63235.0,675,31439.7,0.497,0,Active
LN-100906,2026-03-25,East India,Vehicle Loan,365367.0,60,15.69,44,Self-Employed,Graduate,Divorced,41402.0,662,8824.95,0.213,0,Active
LN-100923,2026-03-25,South India,Personal Loan,255939.0,48,14.02,21,Salaried,Graduate,Married,49621.0,596,6996.48,0.141,3,Active
LN-101889,2026-03-25,Central India,Personal Loan,210676.0,36,11.74,35,Retired,Post-Graduate,Married,59573.0,686,6971.32,0.117,1,Active
LN-103285,2026-03-25,North India,Vehicle Loan,1082893.0,72,13.01,37,Self-Employed,Graduate,Married,54667.0,624,21743.82,0.398,2,Active
LN-106583,2026-03-25,Central India,Home Loan,3826535.0,180,9.34,44,Salaried,Post-Graduate,Single,81320.0,675,39589.01,0.487,1,Active
LN-106703,2026-03-25,North India,Home Loan,1901975.0,240,9.64,30,Salaried,Graduate,Single,36606.0,778,17903.15,0.489,0,Active
LN-100910,2026-03-26,East India,Agriculture Loan,435440.0,36,8.06,26,Salaried,Graduate,Single,36727.0,734,13657.16,0.372,0,Active
LN-101154,2026-03-26,North India,Agriculture Loan,964829.0,36,9.6,38,Business Owner,Post-Graduate,Single,94876.0,832,30951.44,0.326,0,Active
LN-105289,2026-03-26,West India,Home Loan,5976826.0,240,11.38,25,Salaried,Graduate,Divorced,32915.0,657,63245.17,1.921,1,Active
LN-104603,2026-03-27,East India,Education Loan,483818.0,60,13.64,44,Self-Employed,Post-Graduate,Single,109043.0,674,11167.5,0.102,0,Active
LN-106034,2026-03-27,East India,Personal Loan,69329.0,36,11.71,27,Retired,High School,Single,21856.0,802,2293.12,0.105,1,Active
LN-102076,2026-03-28,North India,Business Loan,2193826.0,36,8.85,21,Business Owner,Professional Degree,Divorced,112787.0,707,69610.03,0.617,1,Active
LN-104420,2026-03-28,East India,Education Loan,940958.0,84,13.79,40,Unemployed,High School,Married,10109.0,437,17524.59,1.734,3,Restructured
LN-105619,2026-03-28,South India,Home Loan,1965481.0,180,13.27,31,Self-Employed,Professional Degree,Married,120830.0,690,25218.3,0.209,4,Restructured
LN-102384,2026-03-30,Central India,Education Loan,424133.0,60,18.18,43,Salaried,Post-Graduate,Married,82174.0,696,10811.76,0.132,1,Active
LN-103151,2026-03-30,South India,Agriculture Loan,726848.0,36,16.95,39,Business Owner,High School,Married,42265.0,735,25896.03,0.613,1,Active
LN-102106,2026-03-31,North India,Personal Loan,310872.0,36,16.7,23,Self-Employed,Graduate,Divorced,61234.0,712,11037.08,0.18,0,Active
LN-106743,2026-03-31,North India,Home Loan,1907568.0,120,10.15,46,Business Owner,Graduate,Married,71044.0,832,25367.37,0.357,4,Restructured
LN-102303,2026-04-02,East India,Home Loan,5381507.0,300,13.28,59,Business Owner,High School,Single,52262.0,621,61831.88,1.183,5,Defaulted
LN-103253,2026-04-02,East India,Vehicle Loan,780350.0,60,9.76,41,Business Owner,Graduate,Divorced,80440.0,744,16488.13,0.205,1,Active
LN-103478,2026-04-02,South India,Personal Loan,280143.0,36,11.83,34,Salaried,Professional Degree,Single,147736.0,692,9282.03,0.063,1,Active
LN-106653,2026-04-02,West India,Vehicle Loan,759258.0,72,17.25,59,Retired,Post-Graduate,Married,53966.0,616,16996.64,0.315,0,Active
LN-104775,2026-04-03,South India,Personal Loan,232498.0,12,12.8,45,Self-Employed,Graduate,Married,39275.0,590,20744.28,0.528,2,Active
LN-106179,2026-04-03,West India,Home Loan,2979128.0,120,9.46,54,Business Owner,High School,Married,58395.0,603,38483.97,0.659,2,Active
LN-100138,2026-04-04,North India,Education Loan,561024.0,120,16.06,32,Self-Employed,Graduate,Single,60046.0,744,9418.88,0.157,1,Active
LN-100314,2026-04-04,West India,Personal Loan,120815.0,36,9.2,61,Salaried,Graduate,Divorced,56453.0,730,3853.14,0.068,1,Active
LN-103686,2026-04-04,North India,Home Loan,4076031.0,120,10.56,36,Retired,Graduate,Single,37342.0,680,55136.95,1.477,0,Active
LN-104562,2026-04-04,North India,Gold Loan,652772.0,12,10.2,57,Business Owner,Graduate,Married,111294.0,798,57449.77,0.516,1,Active
LN-105296,2026-04-04,East India,Home Loan,2019143.0,300,18.3,21,Salaried,Graduate,Single,55474.0,683,31123.97,0.561,4,Restructured
LN-101124,2026-04-05,East India,Business Loan,702588.0,60,16.25,21,Retired,High School,Married,22942.0,681,17179.04,0.749,1,Active
LN-101167,2026-04-05,South India,Vehicle Loan,336045.0,60,18.17,40,Salaried,Graduate,Single,70188.0,769,8564.44,0.122,1,Active
LN-102652,2026-04-05,East India,Education Loan,265162.0,60,16.81,63,Business Owner,Post-Graduate,Married,165161.0,682,6562.9,0.04,1,Active
LN-103095,2026-04-05,East India,Vehicle Loan,810746.0,48,15.02,45,Self-Employed,Graduate,Single,40365.0,523,22571.89,0.559,9,Written Off
LN-103432,2026-04-05,West India,Vehicle Loan,769346.0,36,7.88,41,Self-Employed,Graduate,Single,54235.0,621,24065.94,0.444,2,Active
LN-104543,2026-04-05,South India,Business Loan,1615987.0,60,16.32,44,Salaried,Post-Graduate,Single,81181.0,733,39572.95,0.487,1,Active
LN-105866,2026-04-05,Central India,Personal Loan,440371.0,12,18.39,44,Retired,High School,Divorced,30076.0,641,40454.99,1.345,1,Active
LN-106294,2026-04-05,East India,Home Loan,5511512.0,240,16.64,49,Salaried,Graduate,Divorced,45246.0,610,79337.53,1.753,3,Active
LN-103508,2026-04-06,South India,Personal Loan,429496.0,48,7.52,52,Salaried,Graduate,Divorced,61107.0,675,10388.75,0.17,1,Active
LN-101982,2026-04-07,East India,Education Loan,1190586.0,36,14.66,31,Salaried,High School,Married,24700.0,750,41074.1,1.663,5,Restructured
LN-102389,2026-04-07,Central India,Vehicle Loan,828122.0,72,17.2,51,Salaried,High School,Divorced,18798.0,708,18515.05,0.985,0,Active
LN-103627,2026-04-07,North India,Home Loan,4708153.0,120,9.5,37,Self-Employed,Graduate,Married,43791.0,669,60922.35,1.391,0,Active
LN-104024,2026-04-07,West India,Education Loan,309678.0,84,16.15,38,Self-Employed,High School,Single,36650.0,612,6177.33,0.169,0,Active
LN-102517,2026-04-08,South India,Gold Loan,416473.0,6,15.04,47,Business Owner,Graduate,Married,59094.0,662,72488.65,1.227,0,Active
LN-104091,2026-04-08,North India,Personal Loan,372876.0,36,10.26,31,Salaried,Professional Degree,Married,110771.0,900,12077.23,0.109,1,Active
LN-101743,2026-04-09,East India,Gold Loan,476903.0,24,7.98,31,Salaried,Professional Degree,Single,97454.0,681,21564.68,0.221,0,Active
LN-106328,2026-04-09,South India,Vehicle Loan,878296.0,60,9.8,32,Self-Employed,Graduate,Married,37845.0,618,18574.88,0.491,2,Active
LN-100536,2026-04-10,South India,Business Loan,508267.0,60,9.37,24,Business Owner,High School,Single,33464.0,777,10642.29,0.318,0,Active
LN-101923,2026-04-10,Central India,Vehicle Loan,1087258.0,48,8.88,34,Salaried,Professional Degree,Single,136783.0,720,26994.55,0.197,1,Active
LN-102004,2026-04-10,South India,Home Loan,4289493.0,240,14.66,21,Retired,Below High School,Married,19708.0,629,55409.0,2.811,3,Active
LN-103633,2026-04-10,Central India,Education Loan,1696353.0,120,12.01,21,Self-Employed,High School,Married,37152.0,572,24347.54,0.655,2,Active
LN-106885,2026-04-10,West India,Home Loan,1772154.0,240,18.44,43,Self-Employed,Professional Degree,Single,150438.0,606,27951.39,0.186,2,Active
LN-102304,2026-04-11,East India,Home Loan,3436810.0,120,8.89,47,Retired,Post-Graduate,Single,60194.0,696,43331.72,0.72,0,Active
LN-102333,2026-04-11,West India,Home Loan,3152731.0,300,10.2,39,Salaried,Post-Graduate,Single,71610.0,775,29094.58,0.406,0,Active
LN-104511,2026-04-11,West India,Vehicle Loan,1140261.0,36,9.78,21,Salaried,Professional Degree,Married,75221.0,684,36675.35,0.488,3,Restructured
LN-100118,2026-04-12,South India,Education Loan,1197685.0,36,17.2,30,Salaried,Graduate,Single,50920.0,550,42820.05,0.841,2,Active
LN-100502,2026-04-12,Central India,Gold Loan,455888.0,24,9.55,62,Salaried,Graduate,Divorced,39324.0,618,20942.36,0.533,1,Active
LN-100820,2026-04-12,Central India,Gold Loan,168822.0,6,17.72,33,Retired,High School,Divorced,26739.0,665,29608.98,1.107,1,Active
LN-100716,2026-04-13,North India,Home Loan,4914643.0,240,10.05,32,Salaried,Graduate,Divorced,37843.0,719,47590.29,1.258,0,Active
LN-101302,2026-04-13,East India,Personal Loan,267058.0,36,8.6,23,Business Owner,Professional Degree,Married,205147.0,661,8442.74,0.041,1,Active
LN-101864,2026-04-13,East India,Gold Loan,792858.0,12,13.44,42,Salaried,Graduate,Single,36428.0,787,70979.69,1.948,3,Defaulted
LN-102256,2026-04-13,North India,Home Loan,4909474.0,180,11.18,29,Self-Employed,Professional Degree,Married,105270.0,648,56357.1,0.535,2,Active
LN-101970,2026-04-14,Central India,Home Loan,5664142.0,300,15.16,28,Business Owner,High School,Single,54290.0,558,73251.93,1.349,0,Active
LN-102478,2026-04-14,East India,Personal Loan,68911.0,12,8.08,56,Salaried,Post-Graduate,Single,65706.0,802,5997.01,0.091,1,Active
LN-100170,2026-04-15,North India,Business Loan,1660075.0,24,8.77,32,Salaried,Graduate,Single,61652.0,750,75665.03,1.227,0,Active
LN-100639,2026-04-15,East India,Personal Loan,371216.0,48,13.14,49,Retired,High School,Divorced,34653.0,617,9984.61,0.288,3,Active
LN-101905,2026-04-15,Central India,Home Loan,5906966.0,300,16.02,31,Salaried,Post-Graduate,Divorced,60569.0,773,80361.86,1.327,10,Written Off
LN-103513,2026-04-15,South India,Business Loan,2942929.0,36,10.97,50,Business Owner,Below High School,Married,27896.0,601,96305.92,3.452,11,Written Off
LN-106138,2026-04-15,South India,Home Loan,3127086.0,240,8.96,50,Salaried,High School,Married,27761.0,696,28054.81,1.011,0,Active
LN-106921,2026-04-15,East India,Vehicle Loan,474356.0,36,16.57,33,Self-Employed,Graduate,Divorced,69353.0,669,16810.75,0.242,1,Active
LN-105205,2026-04-16,South India,Personal Loan,227885.0,24,15.26,30,Salaried,Graduate,Single,62832.0,643,11077.55,0.176,2,Active
LN-101355,2026-04-17,East India,Gold Loan,555804.0,6,10.25,32,Salaried,Graduate,Divorced,49832.0,814,95423.0,1.915,1,Active
LN-106514,2026-04-17,East India,Business Loan,1483966.0,24,10.66,43,Salaried,Graduate,Married,53420.0,729,68930.43,1.29,1,Active
LN-106826,2026-04-17,East India,Vehicle Loan,1098874.0,48,15.58,52,Salaried,Post-Graduate,Married,66360.0,626,30906.53,0.466,1,Active
LN-102177,2026-04-18,East India,Vehicle Loan,967856.0,72,7.81,46,Unemployed,Professional Degree,Divorced,44601.0,586,16880.0,0.378,1,Active
LN-106804,2026-04-18,South India,Education Loan,386597.0,120,13.81,38,Business Owner,Post-Graduate,Divorced,72040.0,671,5958.47,0.083,0,Active
LN-101111,2026-04-19,West India,Personal Loan,351623.0,24,11.58,39,Salaried,Professional Degree,Divorced,148316.0,723,16483.23,0.111,1,Active
LN-101481,2026-04-19,South India,Personal Loan,483309.0,12,7.84,47,Business Owner,Post-Graduate,Single,163820.0,783,42006.54,0.256,0,Active
LN-106637,2026-04-19,Central India,Business Loan,3048970.0,24,10.94,61,Self-Employed,Below High School,Single,19569.0,750,142020.98,7.257,10,Defaulted
LN-100039,2026-04-20,Central India,Education Loan,1771813.0,84,10.3,40,Salaried,Post-Graduate,Married,54218.0,695,29689.57,0.548,2,Restructured
LN-102531,2026-04-20,South India,Personal Loan,75639.0,12,8.12,30,Self-Employed,Graduate,Divorced,66522.0,691,6583.92,0.099,0,Active
LN-102757,2026-04-20,North India,Business Loan,3032002.0,84,17.81,21,Salaried,Post-Graduate,Divorced,72570.0,672,63388.91,0.873,1,Active
LN-100916,2026-04-21,West India,Gold Loan,702788.0,6,9.12,30,Salaried,Professional Degree,Married,145815.0,679,120266.68,0.825,8,Defaulted
LN-101081,2026-04-21,East India,Vehicle Loan,1018706.0,36,13.08,30,Self-Employed,Graduate,Married,38907.0,696,34363.5,0.883,10,Defaulted
LN-102632,2026-04-21,East India,Home Loan,5407625.0,240,16.66,47,Salaried,High School,Married,30584.0,727,77923.96,2.548,0,Active
LN-103637,2026-04-21,West India,Gold Loan,483055.0,6,11.17,34,Retired,Graduate,Married,63433.0,687,83152.34,1.311,1,Active
LN-105812,2026-04-21,West India,Personal Loan,248599.0,48,14.35,40,Self-Employed,Graduate,Married,71328.0,703,6837.06,0.096,0,Active
LN-101869,2026-04-22,West India,Vehicle Loan,426438.0,60,11.1,33,Business Owner,High School,Single,32641.0,633,9293.08,0.285,2,Active
LN-101903,2026-04-22,East India,Business Loan,2155057.0,60,16.74,27,Retired,Below High School,Married,18151.0,665,53257.9,2.934,1,Active
LN-100265,2026-04-23,Central India,Home Loan,5415464.0,240,9.95,24,Salaried,Graduate,Divorced,58599.0,633,52081.13,0.889,1,Active
LN-100932,2026-04-23,South India,Personal Loan,318132.0,48,13.07,21,Salaried,Graduate,Single,59299.0,606,8545.74,0.144,1,Active
LN-101372,2026-04-23,East India,Business Loan,2786599.0,60,9.4,60,Self-Employed,Graduate,Single,39265.0,708,58387.68,1.487,0,Active
LN-102606,2026-04-24,South India,Vehicle Loan,842634.0,60,12.33,38,Salaried,Professional Degree,Divorced,67224.0,699,18884.75,0.281,1,Active
LN-103353,2026-04-24,East India,Home Loan,2339346.0,120,17.13,41,Salaried,Graduate,Divorced,56643.0,658,40850.19,0.721,1,Active
LN-104188,2026-04-24,East India,Home Loan,3262015.0,300,17.12,57,Retired,Professional Degree,Single,128187.0,785,47211.68,0.368,0,Active
LN-106292,2026-04-24,Central India,Vehicle Loan,326427.0,48,8.56,28,Self-Employed,Graduate,Married,69373.0,732,8055.12,0.116,1,Active
LN-102746,2026-04-25,South India,Home Loan,3108139.0,120,8.04,41,Self-Employed,Professional Degree,Married,136722.0,669,37776.03,0.276,0,Active
LN-103362,2026-04-25,North India,Education Loan,1334601.0,120,14.44,27,Self-Employed,Graduate,Divorced,52785.0,625,21076.4,0.399,1,Active
LN-105816,2026-04-25,North India,Business Loan,2068422.0,24,8.68,55,Salaried,Professional Degree,Divorced,94749.0,776,94191.93,0.994,0,Active
LN-106762,2026-04-25,Central India,Business Loan,3019460.0,24,13.34,56,Salaried,High School,Divorced,27811.0,672,144033.31,5.179,0,Active
LN-100567,2026-04-26,East India,Vehicle Loan,424256.0,72,10.26,29,Self-Employed,Graduate,Married,58205.0,696,7915.44,0.136,0,Active
LN-104129,2026-04-26,West India,Home Loan,1671139.0,300,18.26,40,Salaried,Professional Degree,Married,68217.0,767,25706.12,0.377,2,Restructured
LN-104940,2026-04-26,South India,Vehicle Loan,1036686.0,72,14.0,50,Retired,Graduate,Single,67003.0,612,21361.68,0.319,1,Active
LN-105371,2026-04-26,North India,Home Loan,1704859.0,300,12.06,30,Unemployed,Post-Graduate,Single,14395.0,607,18031.62,1.253,11,Defaulted
LN-106470,2026-04-26,Central India,Personal Loan,77834.0,12,15.97,24,Business Owner,Graduate,Divorced,97585.0,809,7060.84,0.072,1,Active
LN-102948,2026-04-27,West India,Home Loan,2849167.0,300,16.36,21,Salaried,Professional Degree,Single,104618.0,762,39523.78,0.378,0,Active
LN-103322,2026-04-27,East India,Agriculture Loan,265964.0,12,12.75,44,Salaried,Post-Graduate,Divorced,108253.0,720,23724.0,0.219,1,Active
LN-104054,2026-04-27,West India,Vehicle Loan,804775.0,60,11.53,37,Self-Employed,Professional Degree,Married,96115.0,667,17711.22,0.184,0,Active
LN-104509,2026-04-27,South India,Vehicle Loan,477585.0,60,8.74,44,Retired,Graduate,Married,48618.0,582,9853.72,0.203,3,Active
LN-105110,2026-04-27,South India,Business Loan,1151678.0,84,8.64,27,Salaried,Graduate,Single,54040.0,749,18319.72,0.339,1,Active
LN-106759,2026-04-27,South India,Personal Loan,359905.0,36,7.98,31,Salaried,High School,Married,20763.0,685,11274.79,0.543,10,Defaulted
LN-106772,2026-04-27,East India,Personal Loan,452916.0,36,12.03,45,Salaried,Graduate,Single,37481.0,632,15049.78,0.402,1,Active
LN-101348,2026-04-28,Central India,Personal Loan,411395.0,24,10.62,37,Retired,Professional Degree,Divorced,68429.0,648,19101.73,0.279,3,Active
LN-102033,2026-04-28,North India,Home Loan,4984115.0,120,16.11,24,Retired,Post-Graduate,Single,58415.0,611,83832.45,1.435,0,Active
LN-101410,2026-04-29,South India,Home Loan,5244300.0,180,15.73,37,Self-Employed,Post-Graduate,Divorced,108276.0,595,76038.13,0.702,0,Active
LN-101499,2026-04-29,North India,Agriculture Loan,456959.0,36,11.74,21,Self-Employed,Professional Degree,Married,116985.0,646,15120.89,0.129,1,Active
LN-103717,2026-04-29,South India,Home Loan,4713394.0,300,15.2,32,Business Owner,Graduate,Single,85196.0,733,61102.92,0.717,1,Active
LN-106272,2026-04-29,East India,Personal Loan,79743.0,12,15.18,46,Self-Employed,Graduate,Divorced,48521.0,536,7204.24,0.148,7,Defaulted
LN-106500,2026-04-29,North India,Personal Loan,138504.0,36,18.07,42,Self-Employed,High School,Married,30082.0,561,5012.12,0.167,1,Active
LN-106724,2026-04-29,West India,Education Loan,1676558.0,36,13.38,38,Salaried,High School,Divorced,21759.0,720,56797.22,2.61,1,Active
LN-102543,2026-05-01,North India,Business Loan,2451189.0,60,8.38,39,Salaried,Professional Degree,Married,122609.0,725,50148.25,0.409,1,Active
LN-102934,2026-05-01,West India,Gold Loan,243325.0,6,8.77,38,Business Owner,Post-Graduate,Married,85271.0,731,41597.8,0.488,1,Active
LN-103931,2026-05-01,East India,Home Loan,4976530.0,120,16.1,35,Salaried,Post-Graduate,Divorced,106857.0,753,83673.8,0.783,1,Active
LN-103994,2026-05-01,Central India,Vehicle Loan,1068929.0,36,14.35,21,Salaried,Professional Degree,Single,117754.0,724,36715.43,0.312,0,Active
LN-104419,2026-05-01,Central India,Vehicle Loan,547069.0,72,11.64,38,Self-Employed,Post-Graduate,Married,62659.0,768,10593.16,0.169,1,Active
LN-100926,2026-05-02,East India,Business Loan,1425065.0,24,15.95,40,Salaried,Graduate,Married,61459.0,728,69741.57,1.135,0,Active
LN-104209,2026-05-02,East India,Home Loan,5675220.0,240,16.29,42,Salaried,Post-Graduate,Single,111072.0,707,80194.15,0.722,0,Active
LN-102881,2026-05-03,East India,Home Loan,4892647.0,300,17.63,46,Retired,High School,Married,29061.0,636,72797.12,2.505,0,Active
LN-104328,2026-05-03,South India,Business Loan,2785351.0,24,18.3,46,Self-Employed,Graduate,Divorced,56778.0,619,139460.23,2.456,0,Active
LN-101716,2026-05-04,Central India,Education Loan,757967.0,36,12.19,24,Salaried,Post-Graduate,Married,83572.0,634,25244.19,0.302,3,Active
LN-104506,2026-05-04,West India,Home Loan,3947210.0,120,17.89,35,Retired,Graduate,Divorced,49978.0,599,70843.59,1.417,3,Active
LN-104888,2026-05-04,Central India,Vehicle Loan,265063.0,36,14.41,61,Salaried,Below High School,Divorced,18503.0,678,9112.1,0.492,1,Active
LN-106452,2026-05-04,South India,Personal Loan,327846.0,48,9.29,42,Salaried,Graduate,Married,43563.0,711,8203.68,0.188,0,Active
LN-106620,2026-05-04,Central India,Personal Loan,335246.0,24,12.59,25,Self-Employed,Graduate,Divorced,46219.0,588,15873.72,0.343,0,Active
LN-103577,2026-05-05,West India,Vehicle Loan,730239.0,36,8.23,27,Salaried,Professional Degree,Married,147887.0,715,22960.6,0.155,1,Active
LN-103623,2026-05-05,South India,Home Loan,5205006.0,300,17.19,44,Self-Employed,Below High School,Divorced,22311.0,624,75622.21,3.389,0,Active
LN-106238,2026-05-05,East India,Vehicle Loan,1156727.0,48,17.98,34,Salaried,High School,Married,18028.0,717,33966.77,1.884,1,Active
LN-100277,2026-05-06,North India,Business Loan,3836717.0,36,12.09,53,Salaried,Graduate,Married,38507.0,762,127598.89,3.314,0,Active
LN-102265,2026-05-06,West India,Vehicle Loan,223475.0,48,9.7,23,Self-Employed,Post-Graduate,Married,105889.0,662,5635.76,0.053,0,Active
LN-105831,2026-05-06,South India,Personal Loan,174779.0,12,14.4,67,Salaried,Graduate,Single,40513.0,677,15725.82,0.388,1,Active
LN-101506,2026-05-07,East India,Vehicle Loan,731431.0,60,16.2,42,Self-Employed,Graduate,Married,62843.0,676,17864.8,0.284,1,Active
LN-103804,2026-05-07,North India,Education Loan,275168.0,60,10.72,42,Salaried,Graduate,Single,42136.0,637,5944.47,0.141,1,Active
LN-104822,2026-05-07,Central India,Personal Loan,184723.0,48,16.1,57,Self-Employed,Post-Graduate,Divorced,91043.0,622,5244.57,0.058,3,Active
LN-101688,2026-05-08,East India,Home Loan,3297916.0,240,14.76,32,Salaried,Graduate,Single,59963.0,653,42842.94,0.714,0,Active
LN-102054,2026-05-08,Central India,Personal Loan,215007.0,36,18.19,23,Salaried,Graduate,Married,46384.0,710,7793.53,0.168,1,Active
LN-106431,2026-05-08,Central India,Education Loan,1932624.0,36,8.16,23,Salaried,Graduate,Married,40864.0,792,60704.16,1.486,3,Defaulted
LN-104731,2026-05-09,North India,Gold Loan,505320.0,24,16.6,41,Salaried,Graduate,Divorced,70540.0,665,24887.15,0.353,0,Active
LN-105669,2026-05-09,West India,Agriculture Loan,384633.0,12,15.81,32,Self-Employed,Post-Graduate,Divorced,74060.0,723,34863.51,0.471,9,Written Off
LN-102636,2026-05-10,North India,Vehicle Loan,977281.0,36,13.36,42,Self-Employed,Professional Degree,Single,72983.0,752,33098.17,0.454,5,Defaulted
LN-102986,2026-05-10,South India,Home Loan,5283917.0,300,10.3,44,Salaried,Post-Graduate,Divorced,76465.0,750,49136.93,0.643,1,Active
LN-104171,2026-05-10,West India,Education Loan,401297.0,84,16.2,42,Salaried,High School,Single,23792.0,676,8016.37,0.337,0,Active
LN-105231,2026-05-10,East India,Home Loan,2654004.0,120,12.79,47,Salaried,Professional Degree,Married,121862.0,769,39299.08,0.322,0,Active
LN-106126,2026-05-10,South India,Education Loan,341786.0,84,10.35,51,Salaried,Graduate,Divorced,38312.0,754,5736.05,0.15,0,Active
LN-100148,2026-05-11,North India,Business Loan,3022840.0,36,10.95,30,Self-Employed,Post-Graduate,Divorced,79875.0,717,98892.34,1.238,12,Defaulted
LN-101926,2026-05-13,East India,Home Loan,5311530.0,240,16.97,39,Salaried,Graduate,Single,61325.0,735,77788.4,1.268,0,Active
LN-102710,2026-05-13,West India,Vehicle Loan,910919.0,60,12.68,51,Business Owner,Graduate,Single,61660.0,799,20577.29,0.334,0,Active
LN-104998,2026-05-13,South India,Personal Loan,176925.0,48,16.89,53,Salaried,Post-Graduate,Single,54116.0,648,5095.12,0.094,0,Active
LN-105950,2026-05-13,North India,Vehicle Loan,262469.0,60,15.54,39,Self-Employed,Professional Degree,Single,113986.0,672,6318.76,0.055,0,Active
LN-105625,2026-05-14,East India,Agriculture Loan,862700.0,36,9.9,36,Retired,Post-Graduate,Divorced,66813.0,737,27796.42,0.416,0,Active
LN-105635,2026-05-14,East India,Gold Loan,283266.0,24,9.48,48,Salaried,High School,Married,29446.0,620,13003.41,0.442,5,Restructured
LN-101951,2026-05-15,South India,Agriculture Loan,448473.0,24,9.77,43,Salaried,High School,Single,28754.0,658,20647.18,0.718,0,Active
LN-104088,2026-05-15,East India,Business Loan,1426029.0,24,9.04,58,Retired,Below High School,Divorced,19663.0,685,65173.94,3.315,0,Active
LN-106212,2026-05-15,Central India,Home Loan,3697422.0,120,18.01,29,Retired,Professional Degree,Divorced,92060.0,656,66645.88,0.724,0,Active
LN-106850,2026-05-15,South India,Business Loan,3905320.0,84,12.51,51,Salaried,High School,Single,38822.0,599,70009.23,1.803,0,Active
LN-101563,2026-05-16,West India,Home Loan,5293109.0,240,9.83,57,Unemployed,Post-Graduate,Divorced,27376.0,620,50484.91,1.844,0,Active
LN-101610,2026-05-16,Central India,Personal Loan,113332.0,36,9.79,50,Business Owner,Graduate,Divorced,53968.0,743,3645.74,0.068,1,Active
LN-102005,2026-05-16,East India,Vehicle Loan,310632.0,48,17.48,43,Salaried,High School,Divorced,26587.0,706,9040.63,0.34,0,Active
LN-102185,2026-05-16,Central India,Home Loan,3643812.0,120,13.63,49,Salaried,High School,Married,30246.0,648,55768.36,1.844,10,Defaulted
LN-102921,2026-05-16,Central India,Education Loan,1519653.0,84,16.72,39,Salaried,Professional Degree,Single,90880.0,713,30809.92,0.339,1,Active
LN-104613,2026-05-16,South India,Home Loan,5492178.0,120,16.13,47,Salaried,High School,Married,25639.0,574,92446.63,3.606,3,Defaulted
LN-105102,2026-05-16,East India,Education Loan,857708.0,120,8.25,47,Salaried,Below High School,Single,17023.0,677,10520.01,0.618,1,Active
LN-101197,2026-05-17,Central India,Personal Loan,300119.0,24,9.49,43,Salaried,Professional Degree,Divorced,78187.0,637,13778.43,0.176,3,Active
LN-101571,2026-05-17,West India,Business Loan,514615.0,36,13.42,38,Salaried,Graduate,Married,61845.0,687,17443.7,0.282,0,Active
LN-102136,2026-05-17,East India,Agriculture Loan,929314.0,24,18.0,40,Salaried,Graduate,Divorced,31618.0,577,46395.17,1.467,12,Defaulted
LN-105941,2026-05-17,West India,Home Loan,4280802.0,180,12.95,42,Business Owner,Post-Graduate,Divorced,117089.0,796,54021.75,0.461,0,Active
LN-101263,2026-05-18,West India,Agriculture Loan,170825.0,36,10.31,42,Salaried,Graduate,Married,56613.0,767,5536.94,0.098,1,Active
LN-101692,2026-05-18,West India,Vehicle Loan,1116287.0,60,10.24,50,Self-Employed,High School,Married,35509.0,646,23849.84,0.672,1,Active
LN-102139,2026-05-19,West India,Vehicle Loan,707745.0,72,8.63,22,Self-Employed,Post-Graduate,Married,55775.0,592,12627.91,0.226,2,Active
LN-102343,2026-05-19,South India,Agriculture Loan,250558.0,24,16.72,44,Retired,Graduate,Divorced,42800.0,670,12354.47,0.289,1,Active
LN-106527,2026-05-19,South India,Education Loan,1701610.0,36,8.8,43,Retired,Professional Degree,Married,84348.0,653,53952.49,0.64,1,Active
LN-104448,2026-05-20,East India,Home Loan,2790857.0,120,8.97,21,Business Owner,High School,Single,48021.0,612,35308.1,0.735,5,Written Off
LN-106600,2026-05-20,North India,Agriculture Loan,197559.0,36,8.39,42,Salaried,High School,Single,18104.0,689,6226.39,0.344,1,Active
LN-103054,2026-05-21,North India,Business Loan,2259095.0,60,10.46,21,Self-Employed,Post-Graduate,Divorced,86085.0,658,48512.01,0.564,1,Active
LN-100691,2026-05-22,West India,Gold Loan,532824.0,24,7.52,31,Business Owner,Post-Graduate,Divorced,74697.0,698,23981.71,0.321,1,Active
LN-103563,2026-05-22,North India,Personal Loan,104060.0,48,15.66,49,Salaried,Graduate,Divorced,54908.0,685,2931.0,0.053,0,Active
LN-106107,2026-05-22,West India,Business Loan,4241428.0,84,14.86,38,Self-Employed,Graduate,Divorced,52057.0,543,81513.0,1.566,8,Defaulted
LN-100211,2026-05-23,North India,Personal Loan,71318.0,24,14.18,32,Self-Employed,High School,Divorced,32581.0,754,3430.25,0.105,1,Active
LN-101868,2026-05-23,North India,Personal Loan,281782.0,12,13.81,51,Salaried,Graduate,Single,40716.0,752,25275.21,0.621,1,Active
LN-102950,2026-05-23,East India,Home Loan,3367243.0,240,17.86,34,Self-Employed,High School,Married,28519.0,611,51604.54,1.809,6,Defaulted
LN-102999,2026-05-23,South India,Business Loan,3311834.0,36,15.33,28,Self-Employed,High School,Single,18272.0,606,115341.74,6.312,7,Defaulted
LN-102285,2026-05-24,South India,Gold Loan,262659.0,12,16.26,30,Salaried,Graduate,Single,60742.0,707,23863.61,0.393,1,Active
LN-102675,2026-05-24,West India,Home Loan,2091140.0,300,9.9,40,Salaried,Graduate,Single,41896.0,723,18854.99,0.45,1,Active
LN-104336,2026-05-24,South India,Business Loan,1308578.0,60,16.89,39,Self-Employed,High School,Divorced,20522.0,670,32444.19,1.581,0,Active
LN-100519,2026-05-25,West India,Education Loan,692783.0,36,11.37,43,Business Owner,Post-Graduate,Single,135269.0,767,22802.41,0.169,1,Active
LN-102122,2026-05-25,South India,Gold Loan,388317.0,6,12.22,21,Salaried,High School,Divorced,31175.0,564,67045.69,2.151,3,Written Off
LN-103001,2026-05-25,North India,Education Loan,353231.0,36,13.79,37,Business Owner,Graduate,Single,86486.0,682,12036.6,0.139,1,Active
LN-105412,2026-05-25,South India,Personal Loan,101424.0,12,7.54,46,Business Owner,Professional Degree,Single,119100.0,622,8801.16,0.074,2,Active
LN-105692,2026-05-26,East India,Vehicle Loan,935657.0,48,18.44,21,Salaried,Graduate,Single,63560.0,800,27700.52,0.436,1,Active
LN-106438,2026-05-26,Central India,Education Loan,1921619.0,60,12.54,37,Business Owner,Below High School,Married,36762.0,671,43271.57,1.177,0,Active
LN-100135,2026-05-27,North India,Personal Loan,288231.0,24,8.3,25,Self-Employed,High School,Divorced,23732.0,610,13075.38,0.551,3,Active
LN-101283,2026-05-27,West India,Personal Loan,56879.0,24,13.2,23,Self-Employed,Graduate,Single,46566.0,720,2709.48,0.058,1,Active
LN-103682,2026-05-27,East India,Home Loan,5164583.0,240,11.69,30,Unemployed,Graduate,Single,18081.0,567,55754.31,3.084,9,Defaulted
LN-104077,2026-05-27,Central India,Gold Loan,777376.0,12,13.36,21,Salaried,Post-Graduate,Divorced,62245.0,737,69564.47,1.118,1,Active
LN-104211,2026-05-27,South India,Business Loan,4346998.0,24,7.79,50,Self-Employed,Graduate,Married,69279.0,748,196186.86,2.832,5,Defaulted
LN-105295,2026-05-27,North India,Business Loan,3437207.0,60,10.66,48,Salaried,High School,Single,36735.0,756,74151.71,2.019,0,Active
LN-100720,2026-05-28,South India,Education Loan,656453.0,60,12.72,41,Business Owner,Post-Graduate,Divorced,109748.0,878,14842.4,0.135,1,Active
LN-101304,2026-05-28,East India,Personal Loan,316983.0,36,9.63,37,Salaried,Graduate,Single,60119.0,696,10173.17,0.169,0,Active
LN-103489,2026-05-28,North India,Vehicle Loan,293344.0,48,11.52,34,Salaried,Post-Graduate,Married,97274.0,787,7655.92,0.079,1,Active
LN-104955,2026-05-28,North India,Home Loan,3403066.0,240,15.65,36,Self-Employed,Post-Graduate,Married,99715.0,626,46454.03,0.466,3,Active
LN-105128,2026-05-28,East India,Personal Loan,355135.0,12,13.32,21,Salaried,Graduate,Married,53129.0,745,31773.03,0.598,1,Active
LN-105885,2026-05-28,North India,Home Loan,3619532.0,300,8.01,32,Salaried,Graduate,Divorced,47843.0,673,27960.12,0.584,10,Defaulted
LN-101273,2026-05-29,East India,Home Loan,3372484.0,180,10.66,35,Self-Employed,Graduate,Divorced,68780.0,667,37614.62,0.547,7,Defaulted
LN-103877,2026-05-29,South India,Vehicle Loan,1023464.0,36,13.87,26,Business Owner,High School,Divorced,55081.0,620,34914.99,0.634,0,Active
LN-104313,2026-05-29,Central India,Personal Loan,191029.0,12,8.34,42,Business Owner,Post-Graduate,Married,87759.0,619,16647.36,0.19,0,Active
LN-105151,2026-05-29,North India,Personal Loan,109889.0,12,12.22,41,Self-Employed,Post-Graduate,Married,111982.0,573,9774.82,0.087,1,Active
LN-105455,2026-05-29,West India,Home Loan,4053484.0,300,13.22,38,Business Owner,Professional Degree,Married,160162.0,689,46389.38,0.29,0,Active
LN-100347,2026-05-30,East India,Vehicle Loan,959341.0,60,8.69,37,Retired,Graduate,Divorced,49596.0,666,19770.32,0.399,1,Active
LN-101701,2026-05-30,East India,Personal Loan,134412.0,12,9.51,31,Business Owner,Post-Graduate,Single,109461.0,832,11786.34,0.108,3,Written Off
LN-103291,2026-05-30,South India,Business Loan,4679161.0,60,10.81,21,Self-Employed,Graduate,Divorced,35571.0,607,101293.49,2.848,1,Active
LN-105578,2026-05-30,South India,Agriculture Loan,829040.0,12,12.94,37,Self-Employed,Professional Degree,Divorced,145650.0,736,74024.26,0.508,0,Active
LN-106647,2026-05-30,Central India,Education Loan,1095595.0,84,17.24,31,Salaried,Professional Degree,Single,104343.0,790,22541.58,0.216,0,Active
LN-101166,2026-05-31,East India,Gold Loan,724973.0,24,8.88,44,Salaried,High School,Single,30096.0,743,33080.3,1.099,1,Active
LN-101471,2026-05-31,West India,Business Loan,2216062.0,60,15.79,52,Salaried,Post-Graduate,Single,70392.0,713,53643.37,0.762,0,Active
LN-104871,2026-05-31,East India,Home Loan,4503633.0,300,11.98,63,Unemployed,Below High School,Single,5626.0,632,47366.81,8.419,2,Active
LN-106154,2026-05-31,West India,Gold Loan,164261.0,12,12.24,40,Salaried,Graduate,Divorced,32037.0,688,14612.84,0.456,1,Active
LN-100446,2026-06-01,East India,Business Loan,1189427.0,36,15.24,53,Salaried,Professional Degree,Married,89042.0,719,41371.81,0.465,1,Active
LN-100733,2026-06-01,Central India,Vehicle Loan,317002.0,60,13.8,24,Salaried,Professional Degree,Single,127748.0,737,7343.25,0.057,1,Active
LN-101017,2026-06-01,West India,Home Loan,3606623.0,300,17.47,44,Retired,Post-Graduate,Married,53318.0,705,53202.77,0.998,1,Active
LN-101693,2026-06-02,East India,Vehicle Loan,1094994.0,60,11.39,41,Self-Employed,High School,Divorced,29480.0,611,24021.35,0.815,1,Active
LN-104131,2026-06-02,East India,Education Loan,1891779.0,120,9.71,26,Self-Employed,Professional Degree,Married,112281.0,633,24697.19,0.22,3,Active
LN-106450,2026-06-02,East India,Home Loan,2605379.0,120,17.49,40,Salaried,Below High School,Divorced,13143.0,599,46093.03,3.507,2,Active
LN-100710,2026-06-03,North India,Gold Loan,268268.0,12,15.6,53,Unemployed,High School,Married,6833.0,491,24289.43,3.555,4,Restructured
LN-101271,2026-06-03,West India,Business Loan,4602682.0,60,12.87,29,Business Owner,Professional Degree,Single,203104.0,661,104419.11,0.514,1,Active
LN-103280,2026-06-03,West India,Home Loan,3509959.0,300,16.03,47,Retired,Post-Graduate,Married,100137.0,728,47779.12,0.477,0,Active
LN-104133,2026-06-03,West India,Personal Loan,66138.0,24,13.37,21,Self-Employed,Graduate,Married,39635.0,556,3155.83,0.08,3,Written Off
LN-101888,2026-06-04,East India,Personal Loan,465484.0,36,14.94,34,Salaried,Graduate,Single,64675.0,688,16122.48,0.249,0,Active
LN-102064,2026-06-04,North India,Gold Loan,504976.0,24,17.28,52,Salaried,Professional Degree,Divorced,122506.0,633,25035.15,0.204,2,Active
LN-102975,2026-06-04,Central India,Home Loan,3316048.0,180,14.65,33,Salaried,Post-Graduate,Married,58237.0,666,45618.64,0.783,0,Active
LN-104982,2026-06-04,Central India,Personal Loan,427165.0,48,9.0,21,Salaried,Post-Graduate,Single,91901.0,686,10630.02,0.116,0,Active
LN-106871,2026-06-04,East India,Education Loan,1832788.0,120,14.01,37,Unemployed,High School,Married,7697.0,478,28468.07,3.699,8,Defaulted
LN-101900,2026-06-05,South India,Vehicle Loan,419934.0,48,15.2,31,Salaried,High School,Married,27172.0,674,11729.7,0.432,1,Active
LN-102868,2026-06-05,West India,Personal Loan,254386.0,48,15.61,28,Self-Employed,Graduate,Married,63297.0,753,7158.66,0.113,1,Active
LN-103916,2026-06-05,North India,Business Loan,3338736.0,60,14.19,46,Salaried,Post-Graduate,Divorced,97517.0,778,78015.81,0.8,1,Active
LN-100050,2026-06-06,Central India,Home Loan,3606650.0,180,9.89,34,Self-Employed,Graduate,Single,50997.0,740,38514.9,0.755,0,Active
LN-100542,2026-06-06,East India,Vehicle Loan,1106612.0,72,8.53,39,Self-Employed,High School,Single,19845.0,682,19690.12,0.992,0,Active
LN-102915,2026-06-06,East India,Personal Loan,226681.0,48,14.94,41,Self-Employed,Post-Graduate,Divorced,52879.0,681,6301.81,0.119,1,Active
LN-104968,2026-06-06,Central India,Home Loan,5901702.0,300,8.51,22,Business Owner,Below High School,Divorced,34763.0,683,47561.88,1.368,1,Active
LN-100364,2026-06-07,Central India,Personal Loan,476812.0,48,12.45,29,Salaried,Post-Graduate,Divorced,66586.0,653,12661.9,0.19,12,Written Off
LN-106386,2026-06-07,West India,Vehicle Loan,285788.0,36,11.71,45,Salaried,Professional Degree,Divorced,77349.0,689,9452.72,0.122,1,Active
LN-106411,2026-06-07,South India,Business Loan,3225758.0,24,13.84,32,Retired,High School,Divorced,17619.0,751,154634.23,8.777,10,Written Off
LN-100184,2026-06-08,East India,Home Loan,2632083.0,240,14.07,21,Salaried,Graduate,Single,69555.0,660,32864.4,0.472,0,Active
LN-102840,2026-06-08,South India,Home Loan,2706950.0,120,12.27,37,Salaried,Below High School,Single,27272.0,791,39260.55,1.44,9,Defaulted
LN-106722,2026-06-08,West India,Personal Loan,207193.0,36,16.71,34,Self-Employed,High School,Single,35703.0,710,7357.13,0.206,0,Active
LN-102703,2026-06-09,North India,Home Loan,3953192.0,300,13.86,21,Business Owner,Graduate,Single,104536.0,643,47163.91,0.451,12,Written Off
LN-102734,2026-06-09,North India,Personal Loan,351054.0,36,18.02,34,Salaried,High School,Single,24267.0,682,12694.97,0.523,1,Active
LN-103043,2026-06-09,South India,Personal Loan,349129.0,24,9.06,49,Salaried,Professional Degree,Divorced,140433.0,737,15959.48,0.114,1,Active
LN-104397,2026-06-09,South India,Home Loan,2205302.0,240,17.08,29,Salaried,Graduate,Married,64061.0,672,32481.61,0.507,1,Active
LN-101606,2026-06-10,Central India,Vehicle Loan,848537.0,72,8.65,34,Salaried,Graduate,Married,39046.0,685,15148.35,0.388,1,Active
LN-104608,2026-06-10,West India,Personal Loan,447858.0,24,18.32,28,Unemployed,High School,Divorced,11432.0,585,22428.22,1.962,4,Defaulted
LN-106787,2026-06-10,West India,Vehicle Loan,438491.0,60,10.82,42,Self-Employed,High School,Single,20019.0,618,9494.54,0.474,0,Active
LN-100214,2026-06-11,South India,Vehicle Loan,1198458.0,48,16.82,39,Salaried,Graduate,Divorced,38426.0,693,34470.05,0.897,1,Active
LN-101542,2026-06-11,North India,Vehicle Loan,334469.0,60,9.28,33,Business Owner,Graduate,Single,62263.0,726,6988.57,0.112,0,Active
LN-101594,2026-06-11,South India,Vehicle Loan,775100.0,48,14.5,27,Salaried,Graduate,Married,49066.0,676,21375.67,0.436,5,Written Off
LN-104569,2026-06-11,East India,Home Loan,5936727.0,120,10.18,38,Self-Employed,Graduate,Single,37735.0,657,79047.23,2.095,3,Defaulted
LN-105375,2026-06-11,Central India,Business Loan,2099126.0,60,8.64,24,Salaried,Graduate,Married,56747.0,759,43208.56,0.761,1,Active
LN-105376,2026-06-11,West India,Education Loan,1031329.0,120,17.2,66,Business Owner,Graduate,Divorced,82832.0,760,18055.17,0.218,0,Active
LN-106233,2026-06-11,Central India,Home Loan,3279119.0,240,10.16,37,Salaried,Graduate,Single,64495.0,653,31992.6,0.496,1,Active
LN-106828,2026-06-11,Central India,Home Loan,3831846.0,300,17.5,25,Unemployed,Below High School,Single,8871.0,666,56616.66,6.382,0,Active
LN-101130,2026-06-12,Central India,Personal Loan,291209.0,12,17.24,27,Salaried,High School,Divorced,36607.0,694,26592.82,0.726,0,Active
LN-101301,2026-06-12,Central India,Vehicle Loan,428780.0,48,17.3,44,Salaried,Below High School,Married,20642.0,718,12439.12,0.603,7,Defaulted
LN-102658,2026-06-12,West India,Business Loan,4744419.0,36,17.66,28,Salaried,Post-Graduate,Single,110522.0,692,170713.99,1.545,1,Active
LN-101186,2026-06-13,North India,Gold Loan,354919.0,12,17.66,45,Salaried,High School,Married,38396.0,634,32481.57,0.846,0,Active
LN-101384,2026-06-13,North India,Business Loan,568794.0,36,16.66,43,Salaried,Below High School,Single,25045.0,690,20182.94,0.806,1,Active
LN-101620,2026-06-13,North India,Personal Loan,320694.0,48,10.34,21,Retired,High School,Married,27761.0,628,8186.09,0.295,0,Active
LN-102366,2026-06-13,South India,Home Loan,5882065.0,240,8.41,36,Business Owner,Graduate,Single,103128.0,682,50711.37,0.492,9,Defaulted
LN-103537,2026-06-13,South India,Education Loan,1494599.0,60,13.27,52,Self-Employed,Professional Degree,Single,71034.0,612,34213.65,0.482,4,Defaulted
LN-103692,2026-06-13,West India,Home Loan,3559143.0,180,18.11,50,Unemployed,Graduate,Divorced,12981.0,502,57599.09,4.437,4,Written Off
LN-102637,2026-06-14,Central India,Vehicle Loan,203471.0,60,18.46,41,Self-Employed,Post-Graduate,Married,100232.0,736,5217.88,0.052,5,Defaulted
LN-103854,2026-06-14,South India,Home Loan,5458226.0,120,14.86,21,Business Owner,Below High School,Divorced,23809.0,657,87592.9,3.679,0,Active
LN-100107,2026-06-15,Central India,Personal Loan,266572.0,12,10.85,28,Salaried,Graduate,Single,55856.0,707,23541.43,0.421,1,Active
LN-101195,2026-06-15,North India,Personal Loan,218211.0,48,12.73,33,Unemployed,Professional Degree,Single,26500.0,612,5824.86,0.22,2,Active
LN-101781,2026-06-15,North India,Vehicle Loan,1102198.0,72,17.73,40,Salaried,Graduate,Married,70438.0,675,24970.76,0.355,0,Active
LN-103402,2026-06-15,West India,Vehicle Loan,1123701.0,36,16.28,42,Business Owner,Graduate,Divorced,76865.0,603,39661.51,0.516,0,Active
LN-101374,2026-06-16,Central India,Home Loan,2938734.0,240,12.5,35,Business Owner,Post-Graduate,Married,73942.0,744,33388.15,0.452,1,Active
LN-101738,2026-06-16,South India,Business Loan,1773644.0,60,12.96,37,Retired,High School,Single,18588.0,682,40319.54,2.169,1,Active
LN-105591,2026-06-16,North India,Vehicle Loan,529572.0,72,8.56,52,Salaried,Graduate,Single,61492.0,742,9430.58,0.153,0,Active
LN-101562,2026-06-17,East India,Home Loan,4552088.0,180,14.85,49,Salaried,Post-Graduate,Divorced,82001.0,734,63243.41,0.771,1,Active
LN-102562,2026-06-17,West India,Personal Loan,209003.0,48,16.63,62,Salaried,Graduate,Married,45572.0,645,5990.86,0.131,0,Active
LN-102866,2026-06-17,West India,Agriculture Loan,614102.0,24,12.88,44,Retired,Graduate,Single,43826.0,711,29160.93,0.665,0,Active
LN-106791,2026-06-17,South India,Home Loan,3727933.0,240,16.19,30,Business Owner,Graduate,Single,92771.0,724,52397.22,0.565,0,Active
LN-106811,2026-06-17,North India,Personal Loan,179334.0,12,14.52,26,Business Owner,Graduate,Married,107477.0,748,16145.79,0.15,1,Active
LN-100562,2026-06-18,East India,Personal Loan,282961.0,24,13.9,26,Self-Employed,High School,Single,39507.0,654,13572.41,0.344,1,Active
LN-102516,2026-06-18,East India,Personal Loan,342326.0,36,13.89,35,Salaried,High School,Single,33872.0,803,11681.61,0.345,0,Active
LN-100896,2026-06-19,West India,Personal Loan,291001.0,36,14.88,42,Salaried,Graduate,Divorced,41213.0,613,10070.55,0.244,2,Active
LN-105451,2026-06-19,West India,Business Loan,1251842.0,36,10.42,35,Salaried,High School,Married,32606.0,708,40640.72,1.246,5,Defaulted
LN-106140,2026-06-19,Central India,Business Loan,2689907.0,84,15.75,42,Unemployed,Graduate,Divorced,18055.0,457,53044.81,2.938,5,Written Off
LN-101202,2026-06-20,Central India,Education Loan,1490607.0,84,15.01,46,Salaried,Post-Graduate,Single,60595.0,750,28772.24,0.475,0,Active
LN-103894,2026-06-20,North India,Gold Loan,654910.0,12,14.23,48,Salaried,High School,Divorced,28012.0,632,58873.38,2.102,6,Restructured
LN-103023,2026-06-21,South India,Education Loan,264069.0,120,15.25,46,Unemployed,Graduate,Divorced,9516.0,633,4300.87,0.452,3,Active
LN-104151,2026-06-21,West India,Vehicle Loan,1065986.0,36,15.47,44,Salaried,Graduate,Single,59872.0,547,37198.57,0.621,2,Active
LN-104699,2026-06-21,West India,Business Loan,1257571.0,24,10.32,42,Salaried,High School,Married,36498.0,691,58216.43,1.595,1,Active
LN-105933,2026-06-21,West India,Home Loan,2476107.0,180,14.74,50,Salaried,High School,Divorced,23981.0,695,34215.39,1.427,4,Defaulted
LN-105989,2026-06-21,Central India,Home Loan,5907709.0,180,9.01,31,Salaried,Post-Graduate,Married,65992.0,734,59955.07,0.909,1,Active
LN-102322,2026-06-22,North India,Business Loan,1790925.0,84,13.74,38,Salaried,Graduate,Single,58653.0,700,33305.25,0.568,10,Defaulted
LN-102857,2026-06-22,East India,Vehicle Loan,281780.0,72,14.4,48,Salaried,Graduate,Single,49733.0,788,5866.81,0.118,1,Active
LN-102966,2026-06-22,West India,Business Loan,2717190.0,84,17.78,33,Unemployed,Graduate,Single,10744.0,570,56759.62,5.283,5,Defaulted
LN-103358,2026-06-22,South India,Personal Loan,268746.0,12,7.62,38,Salaried,Graduate,Divorced,57085.0,675,23330.6,0.409,6,Written Off
LN-104864,2026-06-22,Central India,Personal Loan,213667.0,48,17.42,70,Self-Employed,Graduate,Married,68557.0,763,6211.9,0.091,1,Active
LN-106883,2026-06-22,West India,Business Loan,4477922.0,36,12.8,52,Salaried,High School,Married,23660.0,651,150447.88,6.359,0,Active
LN-103468,2026-06-23,Central India,Personal Loan,467564.0,36,13.15,29,Self-Employed,High School,Married,22500.0,606,15787.88,0.702,0,Active
LN-103970,2026-06-23,Central India,Business Loan,2265478.0,84,11.1,45,Retired,Professional Degree,Divorced,137141.0,724,38909.72,0.284,1,Active
LN-104123,2026-06-23,East India,Personal Loan,258551.0,36,15.62,36,Salaried,Post-Graduate,Single,86358.0,676,9041.45,0.105,1,Active
LN-104299,2026-06-23,Central India,Personal Loan,490266.0,36,12.84,33,Salaried,Below High School,Married,27000.0,726,16481.24,0.61,6,Defaulted
LN-104560,2026-06-23,West India,Gold Loan,359710.0,12,17.15,50,Unemployed,Post-Graduate,Divorced,25216.0,497,32832.87,1.302,0,Active
LN-104664,2026-06-23,North India,Personal Loan,444665.0,36,14.76,39,Salaried,Graduate,Married,45954.0,643,15362.25,0.334,2,Active
LN-106280,2026-06-23,East India,Personal Loan,124964.0,36,9.76,44,Business Owner,Graduate,Single,53821.0,601,4018.17,0.075,3,Active
LN-101825,2026-06-24,South India,Gold Loan,450842.0,24,15.26,39,Self-Employed,Post-Graduate,Single,104126.0,722,21915.55,0.21,1,Active
LN-102878,2026-06-24,Central India,Business Loan,3834254.0,24,9.46,31,Business Owner,Post-Graduate,Divorced,170096.0,714,175977.26,1.035,1,Active
LN-104273,2026-06-24,North India,Business Loan,4549329.0,84,17.45,32,Salaried,Graduate,Divorced,70405.0,738,94156.11,1.337,1,Active
LN-105184,2026-06-24,East India,Home Loan,4540519.0,240,16.39,41,Self-Employed,Professional Degree,Divorced,89516.0,731,64502.45,0.721,11,Written Off
LN-105808,2026-06-24,East India,Business Loan,3605715.0,60,10.09,29,Unemployed,Professional Degree,Divorced,30211.0,738,76770.56,2.541,6,Written Off
LN-101566,2026-06-25,Central India,Agriculture Loan,633908.0,36,14.52,42,Retired,Graduate,Single,54611.0,566,21825.92,0.4,0,Active
LN-104256,2026-06-25,West India,Gold Loan,147921.0,24,12.61,24,Salaried,Graduate,Divorced,58107.0,714,7005.37,0.121,0,Active
LN-106357,2026-06-25,North India,Personal Loan,213492.0,48,7.78,46,Salaried,Professional Degree,Single,92619.0,739,5189.94,0.056,0,Active
LN-101684,2026-06-26,East India,Business Loan,1773625.0,36,10.27,36,Unemployed,Graduate,Divorced,11573.0,714,57454.98,4.965,8,Defaulted
LN-104031,2026-06-26,East India,Vehicle Loan,356398.0,72,12.32,39,Salaried,Professional Degree,Married,113722.0,742,7027.1,0.062,11,Defaulted
LN-101700,2026-06-27,South India,Personal Loan,62693.0,48,7.55,40,Salaried,High School,Married,36829.0,690,1517.31,0.041,0,Active
LN-101715,2026-06-27,Central India,Personal Loan,334572.0,36,15.39,33,Salaried,Professional Degree,Divorced,114977.0,731,11662.05,0.101,1,Active
LN-101848,2026-06-27,Central India,Agriculture Loan,272402.0,24,18.46,45,Retired,Post-Graduate,Single,74418.0,709,13660.05,0.184,0,Active
LN-102138,2026-06-27,East India,Personal Loan,201745.0,48,17.75,56,Self-Employed,Post-Graduate,Single,97990.0,573,5899.94,0.06,0,Active
LN-106363,2026-06-27,West India,Vehicle Loan,539646.0,36,13.01,38,Salaried,High School,Single,35375.0,728,18185.41,0.514,0,Active
LN-106628,2026-06-27,Central India,Personal Loan,417893.0,36,9.94,34,Self-Employed,Graduate,Single,55296.0,581,13472.46,0.244,11,Written Off
LN-100365,2026-06-28,West India,Personal Loan,181288.0,12,14.79,61,Retired,Professional Degree,Single,124137.0,726,16344.79,0.132,0,Active
LN-103939,2026-06-28,West India,Agriculture Loan,111683.0,24,13.85,28,Self-Employed,Professional Degree,Single,108325.0,625,5354.31,0.049,1,Active
LN-106193,2026-06-28,East India,Business Loan,2841263.0,36,13.0,24,Self-Employed,High School,Divorced,32872.0,667,95733.38,2.912,10,Defaulted
LN-103470,2026-06-29,South India,Personal Loan,143778.0,48,10.47,35,Salaried,Post-Graduate,Divorced,98406.0,774,3679.12,0.037,1,Active
LN-105786,2026-06-29,West India,Education Loan,1970405.0,120,8.1,33,Salaried,Post-Graduate,Single,59550.0,733,24010.69,0.403,1,Active
LN-100121,2026-06-30,South India,Personal Loan,74270.0,48,15.28,21,Salaried,Post-Graduate,Divorced,57668.0,703,2077.55,0.036,0,Active
LN-100570,2026-06-30,Central India,Home Loan,5815879.0,120,16.54,32,Business Owner,Graduate,Married,59010.0,719,99389.75,1.684,0,Active
LN-100828,2026-06-30,West India,Vehicle Loan,1033125.0,48,15.14,55,Salaried,Graduate,Divorced,48555.0,730,28826.01,0.594,5,Defaulted
LN-101484,2026-06-30,Central India,Education Loan,464159.0,36,7.57,42,Self-Employed,Below High School,Married,14816.0,576,14453.16,0.976,2,Active
LN-104599,2026-06-30,Central India,Vehicle Loan,371042.0,48,10.1,36,Self-Employed,High School,Divorced,32807.0,675,9428.41,0.287,0,Active
